date,rainfall_mm,rainfall_24h_mm,rainfall_48h_mm,rainfall_72h_mm,rainfall_7d_mm
2016-09-04,0.0,0.0,,,
2016-09-05,0.0,0.0,0.0,,
2016-09-06,0.0,0.0,0.0,0.0,
2016-09-07,0.0,0.0,0.0,0.0,
2016-09-08,0.0,0.0,0.0,0.0,
2016-09-09,0.0,0.0,0.0,0.0,
2016-09-10,0.0,0.0,0.0,0.0,0.0
2016-09-11,0.0,0.0,0.0,0.0,0.0
2016-09-12,0.0,0.0,0.0,0.0,0.0
2016-09-13,0.0,0.0,0.0,0.0,0.0
2016-09-14,2.74,2.74,2.74,2.74,2.74
2016-09-15,0.0,0.0,2.74,2.74,2.74
2016-09-16,0.0,0.0,0.0,2.74,2.74
2016-09-17,0.0,0.0,0.0,0.0,2.74
2016-09-18,0.0,0.0,0.0,0.0,2.74
2016-09-19,0.0,0.0,0.0,0.0,2.74
2016-09-20,0.0,0.0,0.0,0.0,2.74
2016-09-21,0.0,0.0,0.0,0.0,0.0
2016-09-22,0.0,0.0,0.0,0.0,0.0
2016-09-23,0.0,0.0,0.0,0.0,0.0
2016-09-24,0.0,0.0,0.0,0.0,0.0
2016-09-25,0.0,0.0,0.0,0.0,0.0
2016-09-26,0.0,0.0,0.0,0.0,0.0
2016-09-27,0.0,0.0,0.0,0.0,0.0
2016-09-28,0.0,0.0,0.0,0.0,0.0
2016-09-29,0.0,0.0,0.0,0.0,0.0
2016-09-30,0.0,0.0,0.0,0.0,0.0
2016-10-01,0.01,0.01,0.01,0.01,0.01
2016-10-02,0.63,0.63,0.64,0.64,0.64
2016-10-03,0.06,0.06,0.69,0.7,0.7
2016-10-04,9.94,9.94,10.0,10.63,10.64
2016-10-05,1.39,1.39,11.33,11.39,12.03
2016-10-06,0.0,0.0,1.39,11.33,12.03
2016-10-07,0.0,0.0,0.0,1.39,12.03
2016-10-08,0.0,0.0,0.0,0.0,12.02
2016-10-09,0.0,0.0,0.0,0.0,11.39
2016-10-10,0.0,0.0,0.0,0.0,11.33
2016-10-11,0.0,0.0,0.0,0.0,1.39
2016-10-12,0.0,0.0,0.0,0.0,0.0
2016-10-13,0.0,0.0,0.0,0.0,0.0
2016-10-14,0.0,0.0,0.0,0.0,0.0
2016-10-15,0.0,0.0,0.0,0.0,0.0
2016-10-16,0.0,0.0,0.0,0.0,0.0
2016-10-17,0.0,0.0,0.0,0.0,0.0
2016-10-18,0.0,0.0,0.0,0.0,0.0
2016-10-19,0.0,0.0,0.0,0.0,0.0
2016-10-20,0.0,0.0,0.0,0.0,0.0
2016-10-21,0.0,0.0,0.0,0.0,0.0
2016-10-22,0.0,0.0,0.0,0.0,0.0
2016-10-23,0.0,0.0,0.0,0.0,0.0
2016-10-24,0.0,0.0,0.0,0.0,0.0
2016-10-25,0.0,0.0,0.0,0.0,0.0
2016-10-26,0.0,0.0,0.0,0.0,0.0
2016-10-27,0.0,0.0,0.0,0.0,0.0
2016-10-28,0.0,0.0,0.0,0.0,0.0
2016-10-29,0.0,0.0,0.0,0.0,0.0
2016-10-30,0.0,0.0,0.0,0.0,0.0
2016-10-31,0.0,0.0,0.0,0.0,0.0
2016-11-01,0.0,0.0,0.0,0.0,0.0
2016-11-02,0.0,0.0,0.0,0.0,0.0
2016-11-03,0.0,0.0,0.0,0.0,0.0
2016-11-04,0.0,0.0,0.0,0.0,0.0
2016-11-05,0.0,0.0,0.0,0.0,0.0
2016-11-06,0.0,0.0,0.0,0.0,0.0
2016-11-07,0.0,0.0,0.0,0.0,0.0
2016-11-08,0.0,0.0,0.0,0.0,0.0
2016-11-09,0.0,0.0,0.0,0.0,0.0
2016-11-10,0.0,0.0,0.0,0.0,0.0
2016-11-11,0.0,0.0,0.0,0.0,0.0
2016-11-12,0.0,0.0,0.0,0.0,0.0
2016-11-13,0.0,0.0,0.0,0.0,0.0
2016-11-14,0.0,0.0,0.0,0.0,0.0
2016-11-15,0.0,0.0,0.0,0.0,0.0
2016-11-16,0.0,0.0,0.0,0.0,0.0
2016-11-17,0.0,0.0,0.0,0.0,0.0
2016-11-18,0.0,0.0,0.0,0.0,0.0
2016-11-19,0.0,0.0,0.0,0.0,0.0
2016-11-20,0.0,0.0,0.0,0.0,0.0
2016-11-21,0.0,0.0,0.0,0.0,0.0
2016-11-22,0.0,0.0,0.0,0.0,0.0
2016-11-23,0.0,0.0,0.0,0.0,0.0
2016-11-24,0.0,0.0,0.0,0.0,0.0
2016-11-25,0.0,0.0,0.0,0.0,0.0
2016-11-26,0.0,0.0,0.0,0.0,0.0
2016-11-27,0.0,0.0,0.0,0.0,0.0
2016-11-28,0.0,0.0,0.0,0.0,0.0
2016-11-29,0.0,0.0,0.0,0.0,0.0
2016-11-30,0.0,0.0,0.0,0.0,0.0
2016-12-01,0.0,0.0,0.0,0.0,0.0
2016-12-02,0.0,0.0,0.0,0.0,0.0
2016-12-03,0.0,0.0,0.0,0.0,0.0
2016-12-04,0.0,0.0,0.0,0.0,0.0
2016-12-05,0.0,0.0,0.0,0.0,0.0
2016-12-06,0.0,0.0,0.0,0.0,0.0
2016-12-07,0.0,0.0,0.0,0.0,0.0
2016-12-08,0.0,0.0,0.0,0.0,0.0
2016-12-09,0.0,0.0,0.0,0.0,0.0
2016-12-10,0.0,0.0,0.0,0.0,0.0
2016-12-11,0.0,0.0,0.0,0.0,0.0
2016-12-12,0.0,0.0,0.0,0.0,0.0
2016-12-13,0.0,0.0,0.0,0.0,0.0
2016-12-14,0.0,0.0,0.0,0.0,0.0
2016-12-15,0.0,0.0,0.0,0.0,0.0
2016-12-16,0.0,0.0,0.0,0.0,0.0
2016-12-17,0.0,0.0,0.0,0.0,0.0
2016-12-18,0.0,0.0,0.0,0.0,0.0
2016-12-19,0.0,0.0,0.0,0.0,0.0
2016-12-20,0.0,0.0,0.0,0.0,0.0
2016-12-21,0.0,0.0,0.0,0.0,0.0
2016-12-22,0.0,0.0,0.0,0.0,0.0
2016-12-23,0.0,0.0,0.0,0.0,0.0
2016-12-24,0.0,0.0,0.0,0.0,0.0
2016-12-25,0.0,0.0,0.0,0.0,0.0
2016-12-26,0.0,0.0,0.0,0.0,0.0
2016-12-27,0.0,0.0,0.0,0.0,0.0
2016-12-28,0.0,0.0,0.0,0.0,0.0
2016-12-29,0.0,0.0,0.0,0.0,0.0
2016-12-30,0.0,0.0,0.0,0.0,0.0
2016-12-31,0.0,0.0,0.0,0.0,0.0
2017-01-01,0.03,0.03,0.03,0.03,0.03
2017-01-02,0.0,0.0,0.03,0.03,0.03
2017-01-03,0.0,0.0,0.0,0.03,0.03
2017-01-04,0.0,0.0,0.0,0.0,0.03
2017-01-05,0.0,0.0,0.0,0.0,0.03
2017-01-06,0.0,0.0,0.0,0.0,0.03
2017-01-07,1.05,1.05,1.05,1.05,1.08
2017-01-08,0.0,0.0,1.05,1.05,1.05
2017-01-09,0.0,0.0,0.0,1.05,1.05
2017-01-10,0.0,0.0,0.0,0.0,1.05
2017-01-11,0.0,0.0,0.0,0.0,1.05
2017-01-12,0.0,0.0,0.0,0.0,1.05
2017-01-13,0.0,0.0,0.0,0.0,1.05
2017-01-14,4.11,4.11,4.11,4.11,4.11
2017-01-15,0.0,0.0,4.11,4.11,4.11
2017-01-16,0.0,0.0,0.0,4.11,4.11
2017-01-17,0.0,0.0,0.0,0.0,4.11
2017-01-18,0.0,0.0,0.0,0.0,4.11
2017-01-19,0.0,0.0,0.0,0.0,4.11
2017-01-20,0.0,0.0,0.0,0.0,4.11
2017-01-21,1.2,1.2,1.2,1.2,1.2
2017-01-22,0.0,0.0,1.2,1.2,1.2
2017-01-23,0.0,0.0,0.0,1.2,1.2
2017-01-24,0.16,0.16,0.16,0.16,1.36
2017-01-25,1.28,1.28,1.44,1.44,2.64
2017-01-26,39.75,39.75,41.03,41.19,42.39
2017-01-27,0.76,0.76,40.51,41.79,43.15
2017-01-28,0.0,0.0,0.76,40.51,41.95
2017-01-29,0.0,0.0,0.0,0.76,41.95
2017-01-30,0.0,0.0,0.0,0.0,41.95
2017-01-31,0.0,0.0,0.0,0.0,41.79
2017-02-01,0.0,0.0,0.0,0.0,40.51
2017-02-02,0.0,0.0,0.0,0.0,0.76
2017-02-03,0.72,0.72,0.72,0.72,0.72
2017-02-04,0.0,0.0,0.72,0.72,0.72
2017-02-05,0.47,0.47,0.47,1.19,1.19
2017-02-06,0.0,0.0,0.47,0.47,1.19
2017-02-07,0.01,0.01,0.01,0.48,1.2
2017-02-08,0.0,0.0,0.01,0.01,1.2
2017-02-09,0.0,0.0,0.0,0.01,1.2
2017-02-10,0.0,0.0,0.0,0.0,0.48
2017-02-11,0.0,0.0,0.0,0.0,0.48
2017-02-12,0.0,0.0,0.0,0.0,0.01
2017-02-13,0.0,0.0,0.0,0.0,0.01
2017-02-14,0.0,0.0,0.0,0.0,0.0
2017-02-15,0.0,0.0,0.0,0.0,0.0
2017-02-16,0.22,0.22,0.22,0.22,0.22
2017-02-17,0.12,0.12,0.34,0.34,0.34
2017-02-18,0.0,0.0,0.12,0.34,0.34
2017-02-19,0.0,0.0,0.0,0.12,0.34
2017-02-20,0.0,0.0,0.0,0.0,0.34
2017-02-21,0.0,0.0,0.0,0.0,0.34
2017-02-22,0.0,0.0,0.0,0.0,0.34
2017-02-23,0.0,0.0,0.0,0.0,0.12
2017-02-24,0.0,0.0,0.0,0.0,0.0
2017-02-25,0.0,0.0,0.0,0.0,0.0
2017-02-26,0.0,0.0,0.0,0.0,0.0
2017-02-27,0.0,0.0,0.0,0.0,0.0
2017-02-28,0.16,0.16,0.16,0.16,0.16
2017-03-01,0.01,0.01,0.17,0.17,0.17
2017-03-02,0.29,0.29,0.3,0.46,0.46
2017-03-03,0.0,0.0,0.29,0.3,0.46
2017-03-04,0.0,0.0,0.0,0.29,0.46
2017-03-05,0.0,0.0,0.0,0.0,0.46
2017-03-06,0.0,0.0,0.0,0.0,0.46
2017-03-07,0.11,0.11,0.11,0.11,0.41
2017-03-08,8.71,8.71,8.82,8.82,9.11
2017-03-09,1.08,1.08,9.79,9.9,9.9
2017-03-10,1.93,1.93,3.01,11.72,11.83
2017-03-11,0.2,0.2,2.13,3.21,12.03
2017-03-12,0.0,0.0,0.2,2.13,12.03
2017-03-13,0.0,0.0,0.0,0.2,12.03
2017-03-14,0.0,0.0,0.0,0.0,11.92
2017-03-15,0.0,0.0,0.0,0.0,3.21
2017-03-16,0.0,0.0,0.0,0.0,2.13
2017-03-17,0.0,0.0,0.0,0.0,0.2
2017-03-18,0.0,0.0,0.0,0.0,0.0
2017-03-19,0.0,0.0,0.0,0.0,0.0
2017-03-20,0.0,0.0,0.0,0.0,0.0
2017-03-21,0.0,0.0,0.0,0.0,0.0
2017-03-22,0.0,0.0,0.0,0.0,0.0
2017-03-23,0.0,0.0,0.0,0.0,0.0
2017-03-24,0.0,0.0,0.0,0.0,0.0
2017-03-25,0.0,0.0,0.0,0.0,0.0
2017-03-26,0.0,0.0,0.0,0.0,0.0
2017-03-27,0.0,0.0,0.0,0.0,0.0
2017-03-28,0.0,0.0,0.0,0.0,0.0
2017-03-29,0.0,0.0,0.0,0.0,0.0
2017-03-30,0.0,0.0,0.0,0.0,0.0
2017-03-31,0.0,0.0,0.0,0.0,0.0
2017-04-01,0.01,0.01,0.01,0.01,0.01
2017-04-02,0.0,0.0,0.01,0.01,0.01
2017-04-03,0.0,0.0,0.0,0.01,0.01
2017-04-04,5.18,5.18,5.18,5.18,5.19
2017-04-05,0.06,0.06,5.24,5.24,5.25
2017-04-06,0.0,0.0,0.06,5.24,5.25
2017-04-07,0.0,0.0,0.0,0.06,5.25
2017-04-08,0.0,0.0,0.0,0.0,5.24
2017-04-09,0.0,0.0,0.0,0.0,5.24
2017-04-10,0.0,0.0,0.0,0.0,5.24
2017-04-11,0.0,0.0,0.0,0.0,0.06
2017-04-12,0.0,0.0,0.0,0.0,0.0
2017-04-13,0.0,0.0,0.0,0.0,0.0
2017-04-14,0.0,0.0,0.0,0.0,0.0
2017-04-15,0.0,0.0,0.0,0.0,0.0
2017-04-16,0.0,0.0,0.0,0.0,0.0
2017-04-17,0.0,0.0,0.0,0.0,0.0
2017-04-18,0.0,0.0,0.0,0.0,0.0
2017-04-19,0.0,0.0,0.0,0.0,0.0
2017-04-20,0.0,0.0,0.0,0.0,0.0
2017-04-21,0.0,0.0,0.0,0.0,0.0
2017-04-22,0.39,0.39,0.39,0.39,0.39
2017-04-23,0.0,0.0,0.39,0.39,0.39
2017-04-24,0.0,0.0,0.0,0.39,0.39
2017-04-25,1.86,1.86,1.86,1.86,2.25
2017-04-26,0.04,0.04,1.9,1.9,2.29
2017-04-27,0.02,0.02,0.06,1.92,2.31
2017-04-28,0.0,0.0,0.02,0.06,2.31
2017-04-29,0.84,0.84,0.84,0.86,2.76
2017-04-30,5.22,5.22,6.06,6.06,7.98
2017-05-01,0.02,0.02,5.24,6.08,8.0
2017-05-02,0.0,0.0,0.02,5.24,6.14
2017-05-03,2.12,2.12,2.12,2.14,8.22
2017-05-04,0.0,0.0,2.12,2.12,8.2
2017-05-05,0.0,0.0,0.0,2.12,8.2
2017-05-06,0.0,0.0,0.0,0.0,7.36
2017-05-07,0.0,0.0,0.0,0.0,2.14
2017-05-08,0.0,0.0,0.0,0.0,2.12
2017-05-09,0.0,0.0,0.0,0.0,2.12
2017-05-10,2.45,2.45,2.45,2.45,2.45
2017-05-11,0.01,0.01,2.46,2.46,2.46
2017-05-12,2.13,2.13,2.14,4.59,4.59
2017-05-13,0.0,0.0,2.13,2.14,4.59
2017-05-14,0.0,0.0,0.0,2.13,4.59
2017-05-15,0.0,0.0,0.0,0.0,4.59
2017-05-16,0.73,0.73,0.73,0.73,5.32
2017-05-17,0.24,0.24,0.97,0.97,3.11
2017-05-18,0.45,0.45,0.69,1.42,3.55
2017-05-19,0.51,0.51,0.96,1.2,1.93
2017-05-20,0.11,0.11,0.62,1.07,2.04
2017-05-21,5.08,5.08,5.19,5.7,7.12
2017-05-22,7.16,7.16,12.24,12.35,14.28
2017-05-23,0.01,0.01,7.17,12.25,13.56
2017-05-24,0.1,0.1,0.11,7.27,13.42
2017-05-25,0.0,0.0,0.1,0.11,12.97
2017-05-26,0.0,0.0,0.0,0.1,12.46
2017-05-27,0.51,0.51,0.51,0.51,12.86
2017-05-28,0.96,0.96,1.47,1.47,8.74
2017-05-29,2.61,2.61,3.57,4.08,4.19
2017-05-30,0.0,0.0,2.61,3.57,4.18
2017-05-31,2.85,2.85,2.85,5.46,6.93
2017-06-01,0.1,0.1,2.95,2.95,7.03
2017-06-02,0.0,0.0,0.1,2.95,7.03
2017-06-03,0.0,0.0,0.0,0.1,6.52
2017-06-04,0.0,0.0,0.0,0.0,5.56
2017-06-05,0.0,0.0,0.0,0.0,2.95
2017-06-06,0.0,0.0,0.0,0.0,2.95
2017-06-07,0.1,0.1,0.1,0.1,0.2
2017-06-08,6.83,6.83,6.93,6.93,6.93
2017-06-09,0.06,0.06,6.89,6.99,6.99
2017-06-10,0.0,0.0,0.06,6.89,6.99
2017-06-11,0.09,0.09,0.09,0.15,7.08
2017-06-12,0.0,0.0,0.09,0.09,7.08
2017-06-13,0.0,0.0,0.0,0.09,7.08
2017-06-14,0.1,0.1,0.1,0.1,7.08
2017-06-15,4.6,4.6,4.7,4.7,4.85
2017-06-16,6.28,6.28,10.88,10.98,11.07
2017-06-17,1.93,1.93,8.21,12.81,13.0
2017-06-18,0.0,0.0,1.93,8.21,12.91
2017-06-19,17.74,17.74,17.74,19.67,30.65
2017-06-20,18.27,18.27,36.01,36.01,48.92
2017-06-21,15.65,15.65,33.92,51.66,64.47
2017-06-22,0.49,0.49,16.14,34.41,60.36
2017-06-23,0.25,0.25,0.74,16.39,54.33
2017-06-24,0.0,0.0,0.25,0.74,52.4
2017-06-25,0.07,0.07,0.07,0.32,52.47
2017-06-26,0.0,0.0,0.07,0.07,34.73
2017-06-27,11.08,11.08,11.08,11.15,27.54
2017-06-28,44.84,44.84,55.92,55.92,56.73
2017-06-29,3.93,3.93,48.77,59.85,60.17
2017-06-30,9.41,9.41,13.34,58.18,69.33
2017-07-01,20.22,20.22,29.63,33.56,89.55
2017-07-02,12.48,12.48,32.7,42.11,101.96
2017-07-03,0.89,0.89,13.37,33.59,102.85
2017-07-04,1.84,1.84,2.73,15.21,93.61
2017-07-05,0.6,0.6,2.44,3.33,49.37
2017-07-06,0.29,0.29,0.89,2.73,45.73
2017-07-07,0.0,0.0,0.29,0.89,36.32
2017-07-08,0.0,0.0,0.0,0.29,16.1
2017-07-09,0.94,0.94,0.94,0.94,4.56
2017-07-10,0.7,0.7,1.64,1.64,4.37
2017-07-11,8.32,8.32,9.02,9.96,10.85
2017-07-12,1.02,1.02,9.34,10.04,11.27
2017-07-13,0.0,0.0,1.02,9.34,10.98
2017-07-14,0.0,0.0,0.0,1.02,10.98
2017-07-15,1.36,1.36,1.36,1.36,12.34
2017-07-16,0.95,0.95,2.31,2.31,12.35
2017-07-17,27.03,27.03,27.98,29.34,38.68
2017-07-18,0.61,0.61,27.64,28.59,30.97
2017-07-19,3.7,3.7,4.31,31.34,33.65
2017-07-20,25.17,25.17,28.87,29.48,58.82
2017-07-21,0.0,0.0,25.17,28.87,58.82
2017-07-22,0.29,0.29,0.29,25.46,57.75
2017-07-23,5.61,5.61,5.9,5.9,62.41
2017-07-24,0.73,0.73,6.34,6.63,36.11
2017-07-25,5.31,5.31,6.04,11.65,40.81
2017-07-26,0.0,0.0,5.31,6.04,37.11
2017-07-27,0.08,0.08,0.08,5.39,12.02
2017-07-28,3.0,3.0,3.08,3.08,15.02
2017-07-29,0.26,0.26,3.26,3.34,14.99
2017-07-30,3.1,3.1,3.36,6.36,12.48
2017-07-31,17.54,17.54,20.64,20.9,29.29
2017-08-01,0.55,0.55,18.09,21.19,24.53
2017-08-02,2.0,2.0,2.55,20.09,26.53
2017-08-03,0.32,0.32,2.32,2.87,26.77
2017-08-04,0.12,0.12,0.44,2.44,23.89
2017-08-05,0.0,0.0,0.12,0.44,23.63
2017-08-06,10.24,10.24,10.24,10.36,30.77
2017-08-07,14.21,14.21,24.45,24.45,27.44
2017-08-08,0.0,0.0,14.21,24.45,26.89
2017-08-09,15.14,15.14,15.14,29.35,40.03
2017-08-10,0.0,0.0,15.14,15.14,39.71
2017-08-11,0.01,0.01,0.01,15.15,39.6
2017-08-12,0.02,0.02,0.03,0.03,39.62
2017-08-13,0.0,0.0,0.02,0.03,29.38
2017-08-14,0.0,0.0,0.0,0.02,15.17
2017-08-15,0.0,0.0,0.0,0.0,15.17
2017-08-16,0.0,0.0,0.0,0.0,0.03
2017-08-17,0.01,0.01,0.01,0.01,0.04
2017-08-18,0.0,0.0,0.01,0.01,0.03
2017-08-19,15.2,15.2,15.2,15.21,15.21
2017-08-20,0.0,0.0,15.2,15.2,15.21
2017-08-21,0.0,0.0,0.0,15.2,15.21
2017-08-22,4.0,4.0,4.0,4.0,19.21
2017-08-23,10.11,10.11,14.11,14.11,29.32
2017-08-24,0.21,0.21,10.32,14.32,29.52
2017-08-25,2.18,2.18,2.39,12.5,31.7
2017-08-26,8.11,8.11,10.29,10.5,24.61
2017-08-27,1.28,1.28,9.39,11.57,25.89
2017-08-28,0.3,0.3,1.58,9.69,26.19
2017-08-29,0.0,0.0,0.3,1.58,22.19
2017-08-30,5.34,5.34,5.34,5.64,17.42
2017-08-31,13.44,13.44,18.78,18.78,30.65
2017-09-01,7.81,7.81,21.25,26.59,36.28
2017-09-02,1.67,1.67,9.48,22.92,29.84
2017-09-03,0.0,0.0,1.67,9.48,28.56
2017-09-04,0.0,0.0,0.0,1.67,28.26
2017-09-05,0.0,0.0,0.0,0.0,28.26
2017-09-06,10.69,10.69,10.69,10.69,33.61
2017-09-07,1.39,1.39,12.08,12.08,21.56
2017-09-08,0.0,0.0,1.39,12.08,13.75
2017-09-09,0.0,0.0,0.0,1.39,12.08
2017-09-10,0.0,0.0,0.0,0.0,12.08
2017-09-11,1.29,1.29,1.29,1.29,13.37
2017-09-12,0.0,0.0,1.29,1.29,13.37
2017-09-13,1.26,1.26,1.26,2.55,3.94
2017-09-14,0.0,0.0,1.26,1.26,2.55
2017-09-15,1.62,1.62,1.62,2.88,4.17
2017-09-16,0.51,0.51,2.13,2.13,4.68
2017-09-17,0.0,0.0,0.51,2.13,4.68
2017-09-18,0.0,0.0,0.0,0.51,3.39
2017-09-19,0.0,0.0,0.0,0.0,3.39
2017-09-20,0.0,0.0,0.0,0.0,2.13
2017-09-21,0.31,0.31,0.31,0.31,2.44
2017-09-22,114.59,114.59,114.9,114.9,115.41
2017-09-23,2.12,2.12,116.71,117.02,117.02
2017-09-24,0.0,0.0,2.12,116.71,117.02
2017-09-25,0.0,0.0,0.0,2.12,117.02
2017-09-26,0.0,0.0,0.0,0.0,117.02
2017-09-27,0.0,0.0,0.0,0.0,117.02
2017-09-28,0.0,0.0,0.0,0.0,116.71
2017-09-29,0.0,0.0,0.0,0.0,2.12
2017-09-30,0.0,0.0,0.0,0.0,0.0
2017-10-01,0.01,0.01,0.01,0.01,0.01
2017-10-02,0.0,0.0,0.01,0.01,0.01
2017-10-03,0.0,0.0,0.0,0.01,0.01
2017-10-04,0.0,0.0,0.0,0.0,0.01
2017-10-05,0.0,0.0,0.0,0.0,0.01
2017-10-06,0.0,0.0,0.0,0.0,0.01
2017-10-07,0.0,0.0,0.0,0.0,0.01
2017-10-08,0.0,0.0,0.0,0.0,0.0
2017-10-09,0.0,0.0,0.0,0.0,0.0
2017-10-10,0.0,0.0,0.0,0.0,0.0
2017-10-11,0.0,0.0,0.0,0.0,0.0
2017-10-12,0.0,0.0,0.0,0.0,0.0
2017-10-13,0.0,0.0,0.0,0.0,0.0
2017-10-14,0.0,0.0,0.0,0.0,0.0
2017-10-15,0.0,0.0,0.0,0.0,0.0
2017-10-16,0.0,0.0,0.0,0.0,0.0
2017-10-17,0.0,0.0,0.0,0.0,0.0
2017-10-18,0.0,0.0,0.0,0.0,0.0
2017-10-19,0.0,0.0,0.0,0.0,0.0
2017-10-20,0.0,0.0,0.0,0.0,0.0
2017-10-21,0.0,0.0,0.0,0.0,0.0
2017-10-22,0.0,0.0,0.0,0.0,0.0
2017-10-23,0.0,0.0,0.0,0.0,0.0
2017-10-24,0.0,0.0,0.0,0.0,0.0
2017-10-25,0.0,0.0,0.0,0.0,0.0
2017-10-26,0.0,0.0,0.0,0.0,0.0
2017-10-27,0.0,0.0,0.0,0.0,0.0
2017-10-28,0.0,0.0,0.0,0.0,0.0
2017-10-29,0.0,0.0,0.0,0.0,0.0
2017-10-30,0.0,0.0,0.0,0.0,0.0
2017-10-31,0.0,0.0,0.0,0.0,0.0
2017-11-01,0.0,0.0,0.0,0.0,0.0
2017-11-02,0.0,0.0,0.0,0.0,0.0
2017-11-03,0.0,0.0,0.0,0.0,0.0
2017-11-04,0.0,0.0,0.0,0.0,0.0
2017-11-05,0.0,0.0,0.0,0.0,0.0
2017-11-06,0.0,0.0,0.0,0.0,0.0
2017-11-07,0.0,0.0,0.0,0.0,0.0
2017-11-08,0.0,0.0,0.0,0.0,0.0
2017-11-09,0.0,0.0,0.0,0.0,0.0
2017-11-10,0.0,0.0,0.0,0.0,0.0
2017-11-11,0.0,0.0,0.0,0.0,0.0
2017-11-12,0.0,0.0,0.0,0.0,0.0
2017-11-13,0.0,0.0,0.0,0.0,0.0
2017-11-14,0.0,0.0,0.0,0.0,0.0
2017-11-15,0.0,0.0,0.0,0.0,0.0
2017-11-16,0.0,0.0,0.0,0.0,0.0
2017-11-17,0.06,0.06,0.06,0.06,0.06
2017-11-18,0.1,0.1,0.16,0.16,0.16
2017-11-19,0.0,0.0,0.1,0.16,0.16
2017-11-20,0.0,0.0,0.0,0.1,0.16
2017-11-21,0.0,0.0,0.0,0.0,0.16
2017-11-22,0.0,0.0,0.0,0.0,0.16
2017-11-23,0.0,0.0,0.0,0.0,0.16
2017-11-24,0.0,0.0,0.0,0.0,0.1
2017-11-25,0.0,0.0,0.0,0.0,0.0
2017-11-26,0.0,0.0,0.0,0.0,0.0
2017-11-27,0.0,0.0,0.0,0.0,0.0
2017-11-28,0.0,0.0,0.0,0.0,0.0
2017-11-29,0.0,0.0,0.0,0.0,0.0
2017-11-30,0.0,0.0,0.0,0.0,0.0
2017-12-01,0.0,0.0,0.0,0.0,0.0
2017-12-02,0.0,0.0,0.0,0.0,0.0
2017-12-03,0.01,0.01,0.01,0.01,0.01
2017-12-04,0.38,0.38,0.39,0.39,0.39
2017-12-05,0.32,0.32,0.7,0.71,0.71
2017-12-06,0.05,0.05,0.37,0.75,0.76
2017-12-07,0.0,0.0,0.05,0.37,0.76
2017-12-08,0.0,0.0,0.0,0.05,0.76
2017-12-09,0.0,0.0,0.0,0.0,0.76
2017-12-10,0.0,0.0,0.0,0.0,0.75
2017-12-11,2.83,2.83,2.83,2.83,3.2
2017-12-12,0.0,0.0,2.83,2.83,2.88
2017-12-13,0.0,0.0,0.0,2.83,2.83
2017-12-14,0.0,0.0,0.0,0.0,2.83
2017-12-15,0.0,0.0,0.0,0.0,2.83
2017-12-16,0.0,0.0,0.0,0.0,2.83
2017-12-17,0.0,0.0,0.0,0.0,2.83
2017-12-18,0.0,0.0,0.0,0.0,0.0
2017-12-19,0.0,0.0,0.0,0.0,0.0
2017-12-20,0.08,0.08,0.08,0.08,0.08
2017-12-21,0.0,0.0,0.08,0.08,0.08
2017-12-22,0.0,0.0,0.0,0.08,0.08
2017-12-23,0.0,0.0,0.0,0.0,0.08
2017-12-24,0.0,0.0,0.0,0.0,0.08
2017-12-25,0.0,0.0,0.0,0.0,0.08
2017-12-26,0.04,0.04,0.04,0.04,0.12
2017-12-27,0.0,0.0,0.04,0.04,0.04
2017-12-28,0.0,0.0,0.0,0.04,0.04
2017-12-29,0.0,0.0,0.0,0.0,0.04
2017-12-30,0.0,0.0,0.0,0.0,0.04
2017-12-31,0.0,0.0,0.0,0.0,0.04
2018-01-01,0.01,0.01,0.01,0.01,0.05
2018-01-02,0.0,0.0,0.01,0.01,0.01
2018-01-03,0.0,0.0,0.0,0.01,0.01
2018-01-04,0.0,0.0,0.0,0.0,0.01
2018-01-05,0.0,0.0,0.0,0.0,0.01
2018-01-06,0.0,0.0,0.0,0.0,0.01
2018-01-07,0.0,0.0,0.0,0.0,0.01
2018-01-08,0.0,0.0,0.0,0.0,0.0
2018-01-09,0.0,0.0,0.0,0.0,0.0
2018-01-10,0.0,0.0,0.0,0.0,0.0
2018-01-11,0.0,0.0,0.0,0.0,0.0
2018-01-12,0.0,0.0,0.0,0.0,0.0
2018-01-13,0.0,0.0,0.0,0.0,0.0
2018-01-14,0.0,0.0,0.0,0.0,0.0
2018-01-15,0.0,0.0,0.0,0.0,0.0
2018-01-16,0.0,0.0,0.0,0.0,0.0
2018-01-17,0.0,0.0,0.0,0.0,0.0
2018-01-18,0.0,0.0,0.0,0.0,0.0
2018-01-19,0.0,0.0,0.0,0.0,0.0
2018-01-20,0.0,0.0,0.0,0.0,0.0
2018-01-21,0.0,0.0,0.0,0.0,0.0
2018-01-22,0.0,0.0,0.0,0.0,0.0
2018-01-23,7.66,7.66,7.66,7.66,7.66
2018-01-24,0.0,0.0,7.66,7.66,7.66
2018-01-25,0.0,0.0,0.0,7.66,7.66
2018-01-26,0.0,0.0,0.0,0.0,7.66
2018-01-27,0.0,0.0,0.0,0.0,7.66
2018-01-28,0.0,0.0,0.0,0.0,7.66
2018-01-29,0.0,0.0,0.0,0.0,7.66
2018-01-30,0.0,0.0,0.0,0.0,0.0
2018-01-31,0.0,0.0,0.0,0.0,0.0
2018-02-01,0.0,0.0,0.0,0.0,0.0
2018-02-02,0.0,0.0,0.0,0.0,0.0
2018-02-03,0.0,0.0,0.0,0.0,0.0
2018-02-04,0.0,0.0,0.0,0.0,0.0
2018-02-05,1.36,1.36,1.36,1.36,1.36
2018-02-06,0.0,0.0,1.36,1.36,1.36
2018-02-07,0.0,0.0,0.0,1.36,1.36
2018-02-08,0.0,0.0,0.0,0.0,1.36
2018-02-09,0.0,0.0,0.0,0.0,1.36
2018-02-10,0.0,0.0,0.0,0.0,1.36
2018-02-11,0.3,0.3,0.3,0.3,1.66
2018-02-12,0.16,0.16,0.46,0.46,0.46
2018-02-13,0.0,0.0,0.16,0.46,0.46
2018-02-14,0.0,0.0,0.0,0.16,0.46
2018-02-15,0.0,0.0,0.0,0.0,0.46
2018-02-16,0.0,0.0,0.0,0.0,0.46
2018-02-17,0.0,0.0,0.0,0.0,0.46
2018-02-18,0.0,0.0,0.0,0.0,0.16
2018-02-19,0.0,0.0,0.0,0.0,0.0
2018-02-20,0.0,0.0,0.0,0.0,0.0
2018-02-21,0.0,0.0,0.0,0.0,0.0
2018-02-22,0.0,0.0,0.0,0.0,0.0
2018-02-23,0.0,0.0,0.0,0.0,0.0
2018-02-24,0.05,0.05,0.05,0.05,0.05
2018-02-25,0.0,0.0,0.05,0.05,0.05
2018-02-26,0.0,0.0,0.0,0.05,0.05
2018-02-27,0.0,0.0,0.0,0.0,0.05
2018-02-28,0.0,0.0,0.0,0.0,0.05
2018-03-01,0.13,0.13,0.13,0.13,0.18
2018-03-02,0.0,0.0,0.13,0.13,0.18
2018-03-03,0.0,0.0,0.0,0.13,0.13
2018-03-04,0.0,0.0,0.0,0.0,0.13
2018-03-05,0.0,0.0,0.0,0.0,0.13
2018-03-06,0.0,0.0,0.0,0.0,0.13
2018-03-07,0.0,0.0,0.0,0.0,0.13
2018-03-08,0.0,0.0,0.0,0.0,0.0
2018-03-09,0.0,0.0,0.0,0.0,0.0
2018-03-10,0.0,0.0,0.0,0.0,0.0
2018-03-11,0.0,0.0,0.0,0.0,0.0
2018-03-12,0.0,0.0,0.0,0.0,0.0
2018-03-13,0.0,0.0,0.0,0.0,0.0
2018-03-14,0.0,0.0,0.0,0.0,0.0
2018-03-15,0.0,0.0,0.0,0.0,0.0
2018-03-16,0.0,0.0,0.0,0.0,0.0
2018-03-17,0.0,0.0,0.0,0.0,0.0
2018-03-18,0.0,0.0,0.0,0.0,0.0
2018-03-19,0.0,0.0,0.0,0.0,0.0
2018-03-20,0.0,0.0,0.0,0.0,0.0
2018-03-21,0.0,0.0,0.0,0.0,0.0
2018-03-22,0.0,0.0,0.0,0.0,0.0
2018-03-23,0.0,0.0,0.0,0.0,0.0
2018-03-24,0.0,0.0,0.0,0.0,0.0
2018-03-25,0.0,0.0,0.0,0.0,0.0
2018-03-26,0.0,0.0,0.0,0.0,0.0
2018-03-27,0.0,0.0,0.0,0.0,0.0
2018-03-28,0.0,0.0,0.0,0.0,0.0
2018-03-29,0.0,0.0,0.0,0.0,0.0
2018-03-30,0.0,0.0,0.0,0.0,0.0
2018-03-31,0.0,0.0,0.0,0.0,0.0
2018-04-01,0.01,0.01,0.01,0.01,0.01
2018-04-02,0.0,0.0,0.01,0.01,0.01
2018-04-03,0.0,0.0,0.0,0.01,0.01
2018-04-04,0.0,0.0,0.0,0.0,0.01
2018-04-05,0.0,0.0,0.0,0.0,0.01
2018-04-06,3.1,3.1,3.1,3.1,3.11
2018-04-07,0.0,0.0,3.1,3.1,3.11
2018-04-08,0.0,0.0,0.0,3.1,3.1
2018-04-09,6.67,6.67,6.67,6.67,9.77
2018-04-10,0.0,0.0,6.67,6.67,9.77
2018-04-11,1.82,1.82,1.82,8.49,11.59
2018-04-12,0.26,0.26,2.08,2.08,11.85
2018-04-13,0.0,0.0,0.26,2.08,8.75
2018-04-14,0.0,0.0,0.0,0.26,8.75
2018-04-15,0.0,0.0,0.0,0.0,8.75
2018-04-16,0.0,0.0,0.0,0.0,2.08
2018-04-17,0.02,0.02,0.02,0.02,2.1
2018-04-18,0.0,0.0,0.02,0.02,0.28
2018-04-19,0.0,0.0,0.0,0.02,0.02
2018-04-20,0.07,0.07,0.07,0.07,0.09
2018-04-21,0.0,0.0,0.07,0.07,0.09
2018-04-22,0.0,0.0,0.0,0.07,0.09
2018-04-23,0.0,0.0,0.0,0.0,0.09
2018-04-24,0.0,0.0,0.0,0.0,0.07
2018-04-25,0.0,0.0,0.0,0.0,0.07
2018-04-26,0.0,0.0,0.0,0.0,0.07
2018-04-27,0.0,0.0,0.0,0.0,0.0
2018-04-28,0.0,0.0,0.0,0.0,0.0
2018-04-29,4.17,4.17,4.17,4.17,4.17
2018-04-30,0.0,0.0,4.17,4.17,4.17
2018-05-01,0.01,0.01,0.01,4.18,4.18
2018-05-02,0.34,0.34,0.35,0.35,4.52
2018-05-03,0.5,0.5,0.84,0.85,5.02
2018-05-04,0.04,0.04,0.54,0.88,5.06
2018-05-05,0.0,0.0,0.04,0.54,5.06
2018-05-06,0.0,0.0,0.0,0.04,0.89
2018-05-07,0.75,0.75,0.75,0.75,1.64
2018-05-08,2.55,2.55,3.3,3.3,4.18
2018-05-09,0.03,0.03,2.58,3.33,3.87
2018-05-10,0.0,0.0,0.03,2.58,3.37
2018-05-11,0.0,0.0,0.0,0.03,3.33
2018-05-12,0.02,0.02,0.02,0.02,3.35
2018-05-13,2.31,2.31,2.33,2.33,5.66
2018-05-14,0.0,0.0,2.31,2.33,4.91
2018-05-15,1.54,1.54,1.54,3.85,3.9
2018-05-16,0.0,0.0,1.54,1.54,3.87
2018-05-17,0.6,0.6,0.6,2.14,4.47
2018-05-18,0.26,0.26,0.86,0.86,4.73
2018-05-19,0.0,0.0,0.26,0.86,4.71
2018-05-20,0.0,0.0,0.0,0.26,2.4
2018-05-21,0.0,0.0,0.0,0.0,2.4
2018-05-22,0.0,0.0,0.0,0.0,0.86
2018-05-23,0.0,0.0,0.0,0.0,0.86
2018-05-24,0.0,0.0,0.0,0.0,0.26
2018-05-25,0.0,0.0,0.0,0.0,0.0
2018-05-26,0.0,0.0,0.0,0.0,0.0
2018-05-27,0.0,0.0,0.0,0.0,0.0
2018-05-28,0.0,0.0,0.0,0.0,0.0
2018-05-29,0.35,0.35,0.35,0.35,0.35
2018-05-30,0.0,0.0,0.35,0.35,0.35
2018-05-31,0.0,0.0,0.0,0.35,0.35
2018-06-01,1.46,1.46,1.46,1.46,1.81
2018-06-02,0.0,0.0,1.46,1.46,1.81
2018-06-03,0.0,0.0,0.0,1.46,1.81
2018-06-04,0.0,0.0,0.0,0.0,1.81
2018-06-05,0.0,0.0,0.0,0.0,1.46
2018-06-06,0.21,0.21,0.21,0.21,1.67
2018-06-07,0.0,0.0,0.21,0.21,1.67
2018-06-08,0.0,0.0,0.0,0.21,0.21
2018-06-09,8.47,8.47,8.47,8.47,8.68
2018-06-10,0.0,0.0,8.47,8.47,8.68
2018-06-11,0.0,0.0,0.0,8.47,8.68
2018-06-12,0.0,0.0,0.0,0.0,8.68
2018-06-13,0.0,0.0,0.0,0.0,8.47
2018-06-14,0.0,0.0,0.0,0.0,8.47
2018-06-15,0.0,0.0,0.0,0.0,8.47
2018-06-16,0.0,0.0,0.0,0.0,0.0
2018-06-17,0.0,0.0,0.0,0.0,0.0
2018-06-18,0.14,0.14,0.14,0.14,0.14
2018-06-19,0.0,0.0,0.14,0.14,0.14
2018-06-20,0.0,0.0,0.0,0.14,0.14
2018-06-21,0.12,0.12,0.12,0.12,0.26
2018-06-22,0.0,0.0,0.12,0.12,0.26
2018-06-23,0.0,0.0,0.0,0.12,0.26
2018-06-24,0.03,0.03,0.03,0.03,0.29
2018-06-25,0.0,0.0,0.03,0.03,0.15
2018-06-26,8.88,8.88,8.88,8.91,9.03
2018-06-27,17.1,17.1,25.98,25.98,26.13
2018-06-28,2.59,2.59,19.69,28.57,28.6
2018-06-29,0.46,0.46,3.05,20.15,29.06
2018-06-30,0.84,0.84,1.3,3.89,29.9
2018-07-01,0.79,0.79,1.63,2.09,30.66
2018-07-02,28.01,28.01,28.8,29.64,58.67
2018-07-03,1.6,1.6,29.61,30.4,51.39
2018-07-04,0.0,0.0,1.6,29.61,34.29
2018-07-05,3.16,3.16,3.16,4.76,34.86
2018-07-06,0.0,0.0,3.16,3.16,34.4
2018-07-07,0.0,0.0,0.0,3.16,33.56
2018-07-08,0.0,0.0,0.0,0.0,32.77
2018-07-09,0.0,0.0,0.0,0.0,4.76
2018-07-10,0.0,0.0,0.0,0.0,3.16
2018-07-11,10.41,10.41,10.41,10.41,13.57
2018-07-12,0.05,0.05,10.46,10.46,10.46
2018-07-13,19.05,19.05,19.1,29.51,29.51
2018-07-14,9.9,9.9,28.95,29.0,39.41
2018-07-15,0.14,0.14,10.04,29.09,39.55
2018-07-16,0.04,0.04,0.18,10.08,39.59
2018-07-17,0.18,0.18,0.22,0.36,39.77
2018-07-18,0.0,0.0,0.18,0.22,29.36
2018-07-19,0.77,0.77,0.77,0.95,30.08
2018-07-20,25.38,25.38,26.15,26.15,36.41
2018-07-21,90.68,90.68,116.06,116.83,117.19
2018-07-22,28.73,28.73,119.41,144.79,145.78
2018-07-23,0.0,0.0,28.73,119.41,145.74
2018-07-24,0.44,0.44,0.44,29.17,146.0
2018-07-25,26.09,26.09,26.53,26.53,172.09
2018-07-26,60.07,60.07,86.16,86.6,231.39
2018-07-27,35.66,35.66,95.73,121.82,241.67
2018-07-28,4.51,4.51,40.17,100.24,155.5
2018-07-29,0.11,0.11,4.62,40.28,126.88
2018-07-30,0.0,0.0,0.11,4.62,126.88
2018-07-31,1.74,1.74,1.74,1.85,128.18
2018-08-01,0.08,0.08,1.82,1.82,102.17
2018-08-02,0.0,0.0,0.08,1.82,42.1
2018-08-03,0.0,0.0,0.0,0.08,6.44
2018-08-04,0.79,0.79,0.79,0.79,2.72
2018-08-05,27.73,27.73,28.52,28.52,30.34
2018-08-06,8.36,8.36,36.09,36.88,38.7
2018-08-07,4.86,4.86,13.22,40.95,41.82
2018-08-08,0.0,0.0,4.86,13.22,41.74
2018-08-09,0.0,0.0,0.0,4.86,41.74
2018-08-10,2.59,2.59,2.59,2.59,44.33
2018-08-11,6.57,6.57,9.16,9.16,50.11
2018-08-12,5.98,5.98,12.55,15.14,28.36
2018-08-13,0.08,0.08,6.06,12.63,20.08
2018-08-14,0.0,0.0,0.08,6.06,15.22
2018-08-15,1.9,1.9,1.9,1.98,17.12
2018-08-16,0.0,0.0,1.9,1.9,17.12
2018-08-17,0.0,0.0,0.0,1.9,14.53
2018-08-18,2.31,2.31,2.31,2.31,10.27
2018-08-19,21.37,21.37,23.68,23.68,25.66
2018-08-20,0.34,0.34,21.71,24.02,25.92
2018-08-21,0.03,0.03,0.37,21.74,25.95
2018-08-22,0.45,0.45,0.48,0.82,24.5
2018-08-23,7.72,7.72,8.17,8.2,32.22
2018-08-24,0.82,0.82,8.54,8.99,33.04
2018-08-25,0.28,0.28,1.1,8.82,31.01
2018-08-26,0.16,0.16,0.44,1.26,9.8
2018-08-27,3.2,3.2,3.36,3.64,12.66
2018-08-28,11.1,11.1,14.3,14.46,23.73
2018-08-29,13.78,13.78,24.88,28.08,37.06
2018-08-30,0.21,0.21,13.99,25.09,29.55
2018-08-31,0.78,0.78,0.99,14.77,29.51
2018-09-01,9.53,9.53,10.31,10.52,38.76
2018-09-02,18.9,18.9,28.43,29.21,57.5
2018-09-03,66.73,66.73,85.63,95.16,121.03
2018-09-04,2.55,2.55,69.28,88.18,112.48
2018-09-05,10.67,10.67,13.22,79.95,109.37
2018-09-06,13.74,13.74,24.41,26.96,122.9
2018-09-07,9.57,9.57,23.31,33.98,131.69
2018-09-08,2.95,2.95,12.52,26.26,125.11
2018-09-09,0.0,0.0,2.95,12.52,106.21
2018-09-10,0.0,0.0,0.0,2.95,39.48
2018-09-11,0.0,0.0,0.0,0.0,36.93
2018-09-12,1.94,1.94,1.94,1.94,28.2
2018-09-13,0.0,0.0,1.94,1.94,14.46
2018-09-14,0.0,0.0,0.0,1.94,4.89
2018-09-15,0.0,0.0,0.0,0.0,1.94
2018-09-16,0.0,0.0,0.0,0.0,1.94
2018-09-17,0.0,0.0,0.0,0.0,1.94
2018-09-18,0.0,0.0,0.0,0.0,1.94
2018-09-19,0.0,0.0,0.0,0.0,0.0
2018-09-20,0.0,0.0,0.0,0.0,0.0
2018-09-21,30.33,30.33,30.33,30.33,30.33
2018-09-22,0.25,0.25,30.58,30.58,30.58
2018-09-23,22.04,22.04,22.29,52.62,52.62
2018-09-24,23.31,23.31,45.35,45.6,75.93
2018-09-25,0.0,0.0,23.31,45.35,75.93
2018-09-26,0.0,0.0,0.0,23.31,75.93
2018-09-27,0.0,0.0,0.0,0.0,75.93
2018-09-28,0.0,0.0,0.0,0.0,45.6
2018-09-29,0.0,0.0,0.0,0.0,45.35
2018-09-30,0.0,0.0,0.0,0.0,23.31
2018-10-01,0.01,0.01,0.01,0.01,0.01
2018-10-02,0.0,0.0,0.01,0.01,0.01
2018-10-03,0.0,0.0,0.0,0.01,0.01
2018-10-04,0.39,0.39,0.39,0.39,0.4
2018-10-05,0.0,0.0,0.39,0.39,0.4
2018-10-06,0.0,0.0,0.0,0.39,0.4
2018-10-07,0.0,0.0,0.0,0.0,0.4
2018-10-08,0.0,0.0,0.0,0.0,0.39
2018-10-09,0.0,0.0,0.0,0.0,0.39
2018-10-10,0.0,0.0,0.0,0.0,0.39
2018-10-11,0.0,0.0,0.0,0.0,0.0
2018-10-12,0.0,0.0,0.0,0.0,0.0
2018-10-13,0.0,0.0,0.0,0.0,0.0
2018-10-14,0.0,0.0,0.0,0.0,0.0
2018-10-15,0.0,0.0,0.0,0.0,0.0
2018-10-16,2.22,2.22,2.22,2.22,2.22
2018-10-17,0.0,0.0,2.22,2.22,2.22
2018-10-18,0.0,0.0,0.0,2.22,2.22
2018-10-19,0.0,0.0,0.0,0.0,2.22
2018-10-20,0.0,0.0,0.0,0.0,2.22
2018-10-21,0.0,0.0,0.0,0.0,2.22
2018-10-22,0.0,0.0,0.0,0.0,2.22
2018-10-23,0.0,0.0,0.0,0.0,0.0
2018-10-24,0.0,0.0,0.0,0.0,0.0
2018-10-25,0.0,0.0,0.0,0.0,0.0
2018-10-26,0.0,0.0,0.0,0.0,0.0
2018-10-27,0.0,0.0,0.0,0.0,0.0
2018-10-28,0.0,0.0,0.0,0.0,0.0
2018-10-29,0.0,0.0,0.0,0.0,0.0
2018-10-30,0.0,0.0,0.0,0.0,0.0
2018-10-31,0.0,0.0,0.0,0.0,0.0
2018-11-01,0.0,0.0,0.0,0.0,0.0
2018-11-02,0.0,0.0,0.0,0.0,0.0
2018-11-03,0.0,0.0,0.0,0.0,0.0
2018-11-04,0.0,0.0,0.0,0.0,0.0
2018-11-05,0.0,0.0,0.0,0.0,0.0
2018-11-06,0.0,0.0,0.0,0.0,0.0
2018-11-07,0.0,0.0,0.0,0.0,0.0
2018-11-08,0.0,0.0,0.0,0.0,0.0
2018-11-09,0.0,0.0,0.0,0.0,0.0
2018-11-10,0.0,0.0,0.0,0.0,0.0
2018-11-11,0.0,0.0,0.0,0.0,0.0
2018-11-12,0.07,0.07,0.07,0.07,0.07
2018-11-13,0.54,0.54,0.61,0.61,0.61
2018-11-14,0.91,0.91,1.45,1.52,1.52
2018-11-15,0.0,0.0,0.91,1.45,1.52
2018-11-16,0.0,0.0,0.0,0.91,1.52
2018-11-17,0.0,0.0,0.0,0.0,1.52
2018-11-18,0.69,0.69,0.69,0.69,2.21
2018-11-19,0.66,0.66,1.35,1.35,2.8
2018-11-20,0.0,0.0,0.66,1.35,2.26
2018-11-21,0.0,0.0,0.0,0.66,1.35
2018-11-22,0.0,0.0,0.0,0.0,1.35
2018-11-23,0.0,0.0,0.0,0.0,1.35
2018-11-24,0.0,0.0,0.0,0.0,1.35
2018-11-25,0.0,0.0,0.0,0.0,0.66
2018-11-26,0.0,0.0,0.0,0.0,0.0
2018-11-27,0.05,0.05,0.05,0.05,0.05
2018-11-28,0.0,0.0,0.05,0.05,0.05
2018-11-29,0.0,0.0,0.0,0.05,0.05
2018-11-30,0.0,0.0,0.0,0.0,0.05
2018-12-01,0.0,0.0,0.0,0.0,0.05
2018-12-02,0.0,0.0,0.0,0.0,0.05
2018-12-03,0.0,0.0,0.0,0.0,0.05
2018-12-04,0.0,0.0,0.0,0.0,0.0
2018-12-05,0.0,0.0,0.0,0.0,0.0
2018-12-06,0.0,0.0,0.0,0.0,0.0
2018-12-07,0.0,0.0,0.0,0.0,0.0
2018-12-08,0.0,0.0,0.0,0.0,0.0
2018-12-09,0.0,0.0,0.0,0.0,0.0
2018-12-10,0.0,0.0,0.0,0.0,0.0
2018-12-11,0.21,0.21,0.21,0.21,0.21
2018-12-12,0.31,0.31,0.52,0.52,0.52
2018-12-13,0.0,0.0,0.31,0.52,0.52
2018-12-14,0.0,0.0,0.0,0.31,0.52
2018-12-15,0.0,0.0,0.0,0.0,0.52
2018-12-16,0.0,0.0,0.0,0.0,0.52
2018-12-17,0.0,0.0,0.0,0.0,0.52
2018-12-18,0.0,0.0,0.0,0.0,0.31
2018-12-19,0.0,0.0,0.0,0.0,0.0
2018-12-20,0.0,0.0,0.0,0.0,0.0
2018-12-21,0.0,0.0,0.0,0.0,0.0
2018-12-22,0.0,0.0,0.0,0.0,0.0
2018-12-23,0.0,0.0,0.0,0.0,0.0
2018-12-24,0.0,0.0,0.0,0.0,0.0
2018-12-25,0.0,0.0,0.0,0.0,0.0
2018-12-26,0.0,0.0,0.0,0.0,0.0
2018-12-27,0.0,0.0,0.0,0.0,0.0
2018-12-28,0.0,0.0,0.0,0.0,0.0
2018-12-29,0.0,0.0,0.0,0.0,0.0
2018-12-30,0.0,0.0,0.0,0.0,0.0
2018-12-31,0.0,0.0,0.0,0.0,0.0
2019-01-01,0.04,0.04,0.04,0.04,0.04
2019-01-02,0.0,0.0,0.04,0.04,0.04
2019-01-03,0.0,0.0,0.0,0.04,0.04
2019-01-04,0.24,0.24,0.24,0.24,0.28
2019-01-05,0.1,0.1,0.34,0.34,0.38
2019-01-06,0.53,0.53,0.63,0.87,0.91
2019-01-07,0.0,0.0,0.53,0.63,0.91
2019-01-08,0.0,0.0,0.0,0.53,0.87
2019-01-09,0.0,0.0,0.0,0.0,0.87
2019-01-10,0.0,0.0,0.0,0.0,0.87
2019-01-11,0.0,0.0,0.0,0.0,0.63
2019-01-12,0.07,0.07,0.07,0.07,0.6
2019-01-13,0.0,0.0,0.07,0.07,0.07
2019-01-14,0.0,0.0,0.0,0.07,0.07
2019-01-15,0.54,0.54,0.54,0.54,0.61
2019-01-16,0.1,0.1,0.64,0.64,0.71
2019-01-17,0.0,0.0,0.1,0.64,0.71
2019-01-18,0.0,0.0,0.0,0.1,0.71
2019-01-19,0.0,0.0,0.0,0.0,0.64
2019-01-20,0.0,0.0,0.0,0.0,0.64
2019-01-21,38.66,38.66,38.66,38.66,39.3
2019-01-22,13.68,13.68,52.34,52.34,52.44
2019-01-23,0.0,0.0,13.68,52.34,52.34
2019-01-24,1.4,1.4,1.4,15.08,53.74
2019-01-25,0.0,0.0,1.4,1.4,53.74
2019-01-26,0.0,0.0,0.0,1.4,53.74
2019-01-27,0.06,0.06,0.06,0.06,53.8
2019-01-28,0.0,0.0,0.06,0.06,15.14
2019-01-29,0.0,0.0,0.0,0.06,1.46
2019-01-30,0.0,0.0,0.0,0.0,1.46
2019-01-31,0.25,0.25,0.25,0.25,0.31
2019-02-01,0.03,0.03,0.28,0.28,0.34
2019-02-02,0.0,0.0,0.03,0.28,0.34
2019-02-03,0.0,0.0,0.0,0.03,0.28
2019-02-04,0.0,0.0,0.0,0.0,0.28
2019-02-05,0.0,0.0,0.0,0.0,0.28
2019-02-06,0.47,0.47,0.47,0.47,0.75
2019-02-07,4.49,4.49,4.96,4.96,4.99
2019-02-08,0.0,0.0,4.49,4.96,4.96
2019-02-09,0.0,0.0,0.0,4.49,4.96
2019-02-10,0.0,0.0,0.0,0.0,4.96
2019-02-11,0.01,0.01,0.01,0.01,4.97
2019-02-12,0.13,0.13,0.14,0.14,5.1
2019-02-13,0.23,0.23,0.36,0.37,4.86
2019-02-14,18.5,18.5,18.73,18.86,18.87
2019-02-15,0.0,0.0,18.5,18.73,18.87
2019-02-16,0.0,0.0,0.0,18.5,18.87
2019-02-17,0.0,0.0,0.0,0.0,18.87
2019-02-18,1.25,1.25,1.25,1.25,20.11
2019-02-19,0.78,0.78,2.03,2.03,20.76
2019-02-20,8.39,8.39,9.17,10.42,28.92
2019-02-21,0.18,0.18,8.57,9.35,10.6
2019-02-22,0.0,0.0,0.18,8.57,10.6
2019-02-23,0.0,0.0,0.0,0.18,10.6
2019-02-24,0.0,0.0,0.0,0.0,10.6
2019-02-25,0.26,0.26,0.26,0.26,9.61
2019-02-26,3.04,3.04,3.3,3.3,11.87
2019-02-27,0.06,0.06,3.1,3.36,3.54
2019-02-28,0.0,0.0,0.06,3.1,3.36
2019-03-01,0.8,0.8,0.8,0.86,4.16
2019-03-02,11.34,11.34,12.14,12.14,15.5
2019-03-03,0.41,0.41,11.75,12.55,15.91
2019-03-04,0.0,0.0,0.41,11.75,15.65
2019-03-05,0.0,0.0,0.0,0.41,12.61
2019-03-06,0.0,0.0,0.0,0.0,12.55
2019-03-07,0.0,0.0,0.0,0.0,12.55
2019-03-08,0.01,0.01,0.01,0.01,11.76
2019-03-09,0.0,0.0,0.01,0.01,0.42
2019-03-10,0.0,0.0,0.0,0.01,0.01
2019-03-11,0.0,0.0,0.0,0.0,0.01
2019-03-12,0.03,0.03,0.03,0.03,0.04
2019-03-13,1.29,1.29,1.32,1.32,1.33
2019-03-14,0.23,0.23,1.52,1.55,1.56
2019-03-15,0.0,0.0,0.23,1.52,1.55
2019-03-16,0.0,0.0,0.0,0.23,1.55
2019-03-17,0.0,0.0,0.0,0.0,1.55
2019-03-18,0.0,0.0,0.0,0.0,1.55
2019-03-19,0.0,0.0,0.0,0.0,1.52
2019-03-20,0.0,0.0,0.0,0.0,0.23
2019-03-21,0.0,0.0,0.0,0.0,0.0
2019-03-22,0.0,0.0,0.0,0.0,0.0
2019-03-23,0.0,0.0,0.0,0.0,0.0
2019-03-24,0.0,0.0,0.0,0.0,0.0
2019-03-25,0.12,0.12,0.12,0.12,0.12
2019-03-26,0.0,0.0,0.12,0.12,0.12
2019-03-27,0.05,0.05,0.05,0.17,0.17
2019-03-28,0.0,0.0,0.05,0.05,0.17
2019-03-29,0.0,0.0,0.0,0.05,0.17
2019-03-30,0.0,0.0,0.0,0.0,0.17
2019-03-31,0.0,0.0,0.0,0.0,0.17
2019-04-01,0.01,0.01,0.01,0.01,0.06
2019-04-02,0.0,0.0,0.01,0.01,0.06
2019-04-03,0.0,0.0,0.0,0.01,0.01
2019-04-04,0.0,0.0,0.0,0.0,0.01
2019-04-05,0.0,0.0,0.0,0.0,0.01
2019-04-06,0.0,0.0,0.0,0.0,0.01
2019-04-07,7.98,7.98,7.98,7.98,7.99
2019-04-08,0.0,0.0,7.98,7.98,7.98
2019-04-09,0.0,0.0,0.0,7.98,7.98
2019-04-10,0.0,0.0,0.0,0.0,7.98
2019-04-11,0.0,0.0,0.0,0.0,7.98
2019-04-12,0.43,0.43,0.43,0.43,8.41
2019-04-13,0.0,0.0,0.43,0.43,8.41
2019-04-14,0.0,0.0,0.0,0.43,0.43
2019-04-15,0.0,0.0,0.0,0.0,0.43
2019-04-16,6.04,6.04,6.04,6.04,6.47
2019-04-17,0.57,0.57,6.61,6.61,7.04
2019-04-18,0.0,0.0,0.57,6.61,7.04
2019-04-19,0.0,0.0,0.0,0.57,6.61
2019-04-20,0.0,0.0,0.0,0.0,6.61
2019-04-21,0.0,0.0,0.0,0.0,6.61
2019-04-22,0.0,0.0,0.0,0.0,6.61
2019-04-23,0.0,0.0,0.0,0.0,0.57
2019-04-24,0.0,0.0,0.0,0.0,0.0
2019-04-25,0.0,0.0,0.0,0.0,0.0
2019-04-26,0.0,0.0,0.0,0.0,0.0
2019-04-27,0.0,0.0,0.0,0.0,0.0
2019-04-28,0.0,0.0,0.0,0.0,0.0
2019-04-29,0.0,0.0,0.0,0.0,0.0
2019-04-30,0.0,0.0,0.0,0.0,0.0
2019-05-01,0.01,0.01,0.01,0.01,0.01
2019-05-02,0.76,0.76,0.77,0.77,0.77
2019-05-03,0.02,0.02,0.78,0.79,0.79
2019-05-04,0.0,0.0,0.02,0.78,0.79
2019-05-05,0.0,0.0,0.0,0.02,0.79
2019-05-06,0.0,0.0,0.0,0.0,0.79
2019-05-07,0.0,0.0,0.0,0.0,0.79
2019-05-08,0.0,0.0,0.0,0.0,0.78
2019-05-09,0.05,0.05,0.05,0.05,0.07
2019-05-10,0.0,0.0,0.05,0.05,0.05
2019-05-11,0.0,0.0,0.0,0.05,0.05
2019-05-12,0.0,0.0,0.0,0.0,0.05
2019-05-13,3.54,3.54,3.54,3.54,3.59
2019-05-14,0.0,0.0,3.54,3.54,3.59
2019-05-15,3.46,3.46,3.46,7.0,7.05
2019-05-16,0.31,0.31,3.77,3.77,7.31
2019-05-17,6.11,6.11,6.42,9.88,13.42
2019-05-18,0.06,0.06,6.17,6.48,13.48
2019-05-19,0.0,0.0,0.06,6.17,13.48
2019-05-20,0.0,0.0,0.0,0.06,9.94
2019-05-21,0.0,0.0,0.0,0.0,9.94
2019-05-22,0.31,0.31,0.31,0.31,6.79
2019-05-23,4.11,4.11,4.42,4.42,10.59
2019-05-24,0.14,0.14,4.25,4.56,4.62
2019-05-25,0.0,0.0,0.14,4.25,4.56
2019-05-26,0.0,0.0,0.0,0.14,4.56
2019-05-27,0.0,0.0,0.0,0.0,4.56
2019-05-28,0.0,0.0,0.0,0.0,4.56
2019-05-29,0.0,0.0,0.0,0.0,4.25
2019-05-30,0.0,0.0,0.0,0.0,0.14
2019-05-31,0.0,0.0,0.0,0.0,0.0
2019-06-01,0.0,0.0,0.0,0.0,0.0
2019-06-02,0.0,0.0,0.0,0.0,0.0
2019-06-03,0.0,0.0,0.0,0.0,0.0
2019-06-04,0.0,0.0,0.0,0.0,0.0
2019-06-05,0.0,0.0,0.0,0.0,0.0
2019-06-06,0.0,0.0,0.0,0.0,0.0
2019-06-07,0.0,0.0,0.0,0.0,0.0
2019-06-08,0.0,0.0,0.0,0.0,0.0
2019-06-09,0.0,0.0,0.0,0.0,0.0
2019-06-10,0.0,0.0,0.0,0.0,0.0
2019-06-11,0.38,0.38,0.38,0.38,0.38
2019-06-12,0.0,0.0,0.38,0.38,0.38
2019-06-13,0.0,0.0,0.0,0.38,0.38
2019-06-14,0.0,0.0,0.0,0.0,0.38
2019-06-15,0.7,0.7,0.7,0.7,1.08
2019-06-16,1.05,1.05,1.75,1.75,2.13
2019-06-17,3.51,3.51,4.56,5.26,5.64
2019-06-18,1.37,1.37,4.88,5.93,6.63
2019-06-19,0.0,0.0,1.37,4.88,6.63
2019-06-20,0.0,0.0,0.0,1.37,6.63
2019-06-21,0.01,0.01,0.01,0.01,6.64
2019-06-22,0.0,0.0,0.01,0.01,5.94
2019-06-23,0.0,0.0,0.0,0.01,4.89
2019-06-24,0.02,0.02,0.02,0.02,1.4
2019-06-25,0.0,0.0,0.02,0.02,0.03
2019-06-26,0.0,0.0,0.0,0.02,0.03
2019-06-27,0.0,0.0,0.0,0.0,0.03
2019-06-28,0.0,0.0,0.0,0.0,0.02
2019-06-29,0.0,0.0,0.0,0.0,0.02
2019-06-30,0.0,0.0,0.0,0.0,0.02
2019-07-01,0.12,0.12,0.12,0.12,0.12
2019-07-02,0.87,0.87,0.99,0.99,0.99
2019-07-03,0.32,0.32,1.19,1.31,1.31
2019-07-04,10.55,10.55,10.87,11.74,11.86
2019-07-05,5.35,5.35,15.9,16.22,17.21
2019-07-06,0.03,0.03,5.38,15.93,17.24
2019-07-07,0.0,0.0,0.03,5.38,17.24
2019-07-08,0.41,0.41,0.41,0.44,17.53
2019-07-09,21.93,21.93,22.34,22.34,38.59
2019-07-10,0.0,0.0,21.93,22.34,38.27
2019-07-11,0.15,0.15,0.15,22.08,27.87
2019-07-12,0.0,0.0,0.15,0.15,22.52
2019-07-13,0.0,0.0,0.0,0.15,22.49
2019-07-14,0.33,0.33,0.33,0.33,22.82
2019-07-15,14.57,14.57,14.9,14.9,36.98
2019-07-16,3.19,3.19,17.76,18.09,18.24
2019-07-17,13.02,13.02,16.21,30.78,31.26
2019-07-18,6.48,6.48,19.5,22.69,37.59
2019-07-19,0.0,0.0,6.48,19.5,37.59
2019-07-20,10.92,10.92,10.92,17.4,48.51
2019-07-21,13.53,13.53,24.45,24.45,61.71
2019-07-22,1.33,1.33,14.86,25.78,48.47
2019-07-23,0.1,0.1,1.43,14.96,45.38
2019-07-24,14.88,14.88,14.98,16.31,47.24
2019-07-25,15.46,15.46,30.34,30.44,56.22
2019-07-26,25.33,25.33,40.79,55.67,81.55
2019-07-27,7.91,7.91,33.24,48.7,78.54
2019-07-28,0.0,0.0,7.91,33.24,65.01
2019-07-29,0.11,0.11,0.11,8.02,63.79
2019-07-30,5.41,5.41,5.52,5.52,69.1
2019-07-31,0.09,0.09,5.5,5.61,54.31
2019-08-01,0.12,0.12,0.21,5.62,38.97
2019-08-02,1.27,1.27,1.39,1.48,14.91
2019-08-03,6.42,6.42,7.69,7.81,13.42
2019-08-04,5.57,5.57,11.99,13.26,18.99
2019-08-05,0.0,0.0,5.57,11.99,18.88
2019-08-06,66.87,66.87,66.87,72.44,80.34
2019-08-07,0.17,0.17,67.04,67.04,80.42
2019-08-08,0.36,0.36,0.53,67.4,80.66
2019-08-09,0.12,0.12,0.48,0.65,79.51
2019-08-10,0.0,0.0,0.12,0.48,73.09
2019-08-11,0.04,0.04,0.04,0.16,67.56
2019-08-12,0.0,0.0,0.04,0.04,67.56
2019-08-13,14.58,14.58,14.58,14.62,15.27
2019-08-14,6.07,6.07,20.65,20.65,21.17
2019-08-15,1.17,1.17,7.24,21.82,21.98
2019-08-16,0.1,0.1,1.27,7.34,21.96
2019-08-17,42.17,42.17,42.27,43.44,64.13
2019-08-18,11.09,11.09,53.26,53.36,75.18
2019-08-19,0.0,0.0,11.09,53.26,75.18
2019-08-20,0.0,0.0,0.0,11.09,60.6
2019-08-21,0.0,0.0,0.0,0.0,54.53
2019-08-22,4.95,4.95,4.95,4.95,58.31
2019-08-23,0.01,0.01,4.96,4.96,58.22
2019-08-24,2.58,2.58,2.59,7.54,18.63
2019-08-25,14.55,14.55,17.13,17.14,22.09
2019-08-26,0.04,0.04,14.59,17.17,22.13
2019-08-27,0.0,0.0,0.04,14.59,22.13
2019-08-28,0.0,0.0,0.0,0.04,22.13
2019-08-29,0.07,0.07,0.07,0.07,17.25
2019-08-30,0.0,0.0,0.07,0.07,17.24
2019-08-31,0.62,0.62,0.62,0.69,15.28
2019-09-01,38.44,38.44,39.06,39.06,39.17
2019-09-02,0.0,0.0,38.44,39.06,39.13
2019-09-03,0.0,0.0,0.0,38.44,39.13
2019-09-04,0.0,0.0,0.0,0.0,39.13
2019-09-05,0.09,0.09,0.09,0.09,39.15
2019-09-06,0.0,0.0,0.09,0.09,39.15
2019-09-07,1.57,1.57,1.57,1.66,40.1
2019-09-08,0.0,0.0,1.57,1.57,1.66
2019-09-09,0.0,0.0,0.0,1.57,1.66
2019-09-10,0.0,0.0,0.0,0.0,1.66
2019-09-11,0.0,0.0,0.0,0.0,1.66
2019-09-12,0.18,0.18,0.18,0.18,1.75
2019-09-13,0.0,0.0,0.18,0.18,1.75
2019-09-14,0.54,0.54,0.54,0.72,0.72
2019-09-15,0.52,0.52,1.06,1.06,1.24
2019-09-16,0.0,0.0,0.52,1.06,1.24
2019-09-17,1.17,1.17,1.17,1.69,2.41
2019-09-18,0.0,0.0,1.17,1.17,2.41
2019-09-19,0.0,0.0,0.0,1.17,2.23
2019-09-20,0.0,0.0,0.0,0.0,2.23
2019-09-21,5.42,5.42,5.42,5.42,7.11
2019-09-22,2.11,2.11,7.53,7.53,8.7
2019-09-23,0.0,0.0,2.11,7.53,8.7
2019-09-24,0.0,0.0,0.0,2.11,7.53
2019-09-25,13.96,13.96,13.96,13.96,21.49
2019-09-26,0.0,0.0,13.96,13.96,21.49
2019-09-27,0.0,0.0,0.0,13.96,21.49
2019-09-28,0.0,0.0,0.0,0.0,16.07
2019-09-29,2.16,2.16,2.16,2.16,16.12
2019-09-30,0.0,0.0,2.16,2.16,16.12
2019-10-01,0.02,0.02,0.02,2.18,16.14
2019-10-02,0.0,0.0,0.02,0.02,2.18
2019-10-03,29.53,29.53,29.53,29.55,31.71
2019-10-04,0.24,0.24,29.77,29.77,31.95
2019-10-05,0.0,0.0,0.24,29.77,31.95
2019-10-06,0.0,0.0,0.0,0.24,29.79
2019-10-07,0.0,0.0,0.0,0.0,29.79
2019-10-08,0.0,0.0,0.0,0.0,29.77
2019-10-09,0.0,0.0,0.0,0.0,29.77
2019-10-10,0.0,0.0,0.0,0.0,0.24
2019-10-11,0.0,0.0,0.0,0.0,0.0
2019-10-12,0.0,0.0,0.0,0.0,0.0
2019-10-13,0.0,0.0,0.0,0.0,0.0
2019-10-14,0.0,0.0,0.0,0.0,0.0
2019-10-15,0.0,0.0,0.0,0.0,0.0
2019-10-16,0.0,0.0,0.0,0.0,0.0
2019-10-17,0.0,0.0,0.0,0.0,0.0
2019-10-18,0.05,0.05,0.05,0.05,0.05
2019-10-19,0.0,0.0,0.05,0.05,0.05
2019-10-20,0.0,0.0,0.0,0.05,0.05
2019-10-21,0.0,0.0,0.0,0.0,0.05
2019-10-22,0.0,0.0,0.0,0.0,0.05
2019-10-23,0.0,0.0,0.0,0.0,0.05
2019-10-24,0.0,0.0,0.0,0.0,0.05
2019-10-25,0.0,0.0,0.0,0.0,0.0
2019-10-26,0.0,0.0,0.0,0.0,0.0
2019-10-27,0.0,0.0,0.0,0.0,0.0
2019-10-28,0.47,0.47,0.47,0.47,0.47
2019-10-29,0.78,0.78,1.25,1.25,1.25
2019-10-30,2.76,2.76,3.54,4.01,4.01
2019-10-31,0.0,0.0,2.76,3.54,4.01
2019-11-01,0.01,0.01,0.01,2.77,4.02
2019-11-02,0.81,0.81,0.82,0.82,4.83
2019-11-03,0.38,0.38,1.19,1.2,5.21
2019-11-04,0.0,0.0,0.38,1.19,4.74
2019-11-05,0.0,0.0,0.0,0.38,3.96
2019-11-06,0.0,0.0,0.0,0.0,1.2
2019-11-07,4.64,4.64,4.64,4.64,5.84
2019-11-08,0.0,0.0,4.64,4.64,5.83
2019-11-09,0.0,0.0,0.0,4.64,5.02
2019-11-10,0.0,0.0,0.0,0.0,4.64
2019-11-11,0.0,0.0,0.0,0.0,4.64
2019-11-12,0.0,0.0,0.0,0.0,4.64
2019-11-13,0.0,0.0,0.0,0.0,4.64
2019-11-14,0.45,0.45,0.45,0.45,0.45
2019-11-15,0.0,0.0,0.45,0.45,0.45
2019-11-16,0.0,0.0,0.0,0.45,0.45
2019-11-17,0.0,0.0,0.0,0.0,0.45
2019-11-18,0.0,0.0,0.0,0.0,0.45
2019-11-19,0.0,0.0,0.0,0.0,0.45
2019-11-20,0.0,0.0,0.0,0.0,0.45
2019-11-21,0.01,0.01,0.01,0.01,0.01
2019-11-22,0.06,0.06,0.07,0.07,0.07
2019-11-23,0.05,0.05,0.11,0.12,0.12
2019-11-24,0.29,0.29,0.34,0.4,0.41
2019-11-25,0.0,0.0,0.29,0.34,0.41
2019-11-26,0.01,0.01,0.01,0.3,0.42
2019-11-27,6.42,6.42,6.43,6.43,6.84
2019-11-28,3.0,3.0,9.42,9.43,9.83
2019-11-29,0.0,0.0,3.0,9.42,9.77
2019-11-30,0.0,0.0,0.0,3.0,9.72
2019-12-01,0.02,0.02,0.02,0.02,9.45
2019-12-02,0.0,0.0,0.02,0.02,9.45
2019-12-03,0.0,0.0,0.0,0.02,9.44
2019-12-04,0.0,0.0,0.0,0.0,3.02
2019-12-05,0.0,0.0,0.0,0.0,0.02
2019-12-06,0.02,0.02,0.02,0.02,0.04
2019-12-07,0.0,0.0,0.02,0.02,0.04
2019-12-08,0.0,0.0,0.0,0.02,0.02
2019-12-09,0.0,0.0,0.0,0.0,0.02
2019-12-10,0.0,0.0,0.0,0.0,0.02
2019-12-11,2.61,2.61,2.61,2.61,2.63
2019-12-12,22.98,22.98,25.59,25.59,25.61
2019-12-13,1.19,1.19,24.17,26.78,26.78
2019-12-14,0.0,0.0,1.19,24.17,26.78
2019-12-15,0.0,0.0,0.0,1.19,26.78
2019-12-16,0.0,0.0,0.0,0.0,26.78
2019-12-17,0.0,0.0,0.0,0.0,26.78
2019-12-18,0.0,0.0,0.0,0.0,24.17
2019-12-19,0.0,0.0,0.0,0.0,1.19
2019-12-20,0.11,0.11,0.11,0.11,0.11
2019-12-21,0.02,0.02,0.13,0.13,0.13
2019-12-22,0.0,0.0,0.02,0.13,0.13
2019-12-23,0.0,0.0,0.0,0.02,0.13
2019-12-24,0.0,0.0,0.0,0.0,0.13
2019-12-25,0.0,0.0,0.0,0.0,0.13
2019-12-26,0.0,0.0,0.0,0.0,0.13
2019-12-27,0.0,0.0,0.0,0.0,0.02
2019-12-28,0.0,0.0,0.0,0.0,0.0
2019-12-29,0.0,0.0,0.0,0.0,0.0
2019-12-30,0.0,0.0,0.0,0.0,0.0
2019-12-31,0.0,0.0,0.0,0.0,0.0
2020-01-01,0.09,0.09,0.09,0.09,0.09
2020-01-02,0.0,0.0,0.09,0.09,0.09
2020-01-03,0.0,0.0,0.0,0.09,0.09
2020-01-04,0.0,0.0,0.0,0.0,0.09
2020-01-05,0.11,0.11,0.11,0.11,0.2
2020-01-06,2.57,2.57,2.68,2.68,2.77
2020-01-07,17.28,17.28,19.85,19.96,20.05
2020-01-08,2.14,2.14,19.42,21.99,22.1
2020-01-09,0.0,0.0,2.14,19.42,22.1
2020-01-10,0.0,0.0,0.0,2.14,22.1
2020-01-11,0.0,0.0,0.0,0.0,22.1
2020-01-12,0.0,0.0,0.0,0.0,21.99
2020-01-13,0.0,0.0,0.0,0.0,19.42
2020-01-14,0.0,0.0,0.0,0.0,2.14
2020-01-15,0.0,0.0,0.0,0.0,0.0
2020-01-16,16.86,16.86,16.86,16.86,16.86
2020-01-17,0.0,0.0,16.86,16.86,16.86
2020-01-18,0.0,0.0,0.0,16.86,16.86
2020-01-19,0.0,0.0,0.0,0.0,16.86
2020-01-20,1.12,1.12,1.12,1.12,17.98
2020-01-21,0.0,0.0,1.12,1.12,17.98
2020-01-22,0.0,0.0,0.0,1.12,17.98
2020-01-23,0.0,0.0,0.0,0.0,1.12
2020-01-24,0.0,0.0,0.0,0.0,1.12
2020-01-25,0.0,0.0,0.0,0.0,1.12
2020-01-26,0.0,0.0,0.0,0.0,1.12
2020-01-27,2.72,2.72,2.72,2.72,2.72
2020-01-28,7.79,7.79,10.51,10.51,10.51
2020-01-29,0.0,0.0,7.79,10.51,10.51
2020-01-30,0.0,0.0,0.0,7.79,10.51
2020-01-31,0.0,0.0,0.0,0.0,10.51
2020-02-01,0.02,0.02,0.02,0.02,10.53
2020-02-02,0.0,0.0,0.02,0.02,10.53
2020-02-03,0.0,0.0,0.0,0.02,7.81
2020-02-04,0.0,0.0,0.0,0.0,0.02
2020-02-05,0.0,0.0,0.0,0.0,0.02
2020-02-06,0.0,0.0,0.0,0.0,0.02
2020-02-07,0.0,0.0,0.0,0.0,0.02
2020-02-08,0.0,0.0,0.0,0.0,0.0
2020-02-09,0.0,0.0,0.0,0.0,0.0
2020-02-10,0.0,0.0,0.0,0.0,0.0
2020-02-11,0.0,0.0,0.0,0.0,0.0
2020-02-12,0.0,0.0,0.0,0.0,0.0
2020-02-13,0.0,0.0,0.0,0.0,0.0
2020-02-14,0.0,0.0,0.0,0.0,0.0
2020-02-15,0.0,0.0,0.0,0.0,0.0
2020-02-16,0.0,0.0,0.0,0.0,0.0
2020-02-17,0.0,0.0,0.0,0.0,0.0
2020-02-18,0.0,0.0,0.0,0.0,0.0
2020-02-19,1.03,1.03,1.03,1.03,1.03
2020-02-20,4.9,4.9,5.93,5.93,5.93
2020-02-21,0.2,0.2,5.1,6.13,6.13
2020-02-22,0.0,0.0,0.2,5.1,6.13
2020-02-23,0.0,0.0,0.0,0.2,6.13
2020-02-24,0.0,0.0,0.0,0.0,6.13
2020-02-25,0.0,0.0,0.0,0.0,6.13
2020-02-26,0.0,0.0,0.0,0.0,5.1
2020-02-27,0.01,0.01,0.01,0.01,0.21
2020-02-28,0.03,0.03,0.04,0.04,0.04
2020-02-29,18.39,18.39,18.42,18.43,18.43
2020-03-01,0.06,0.06,18.45,18.48,18.49
2020-03-02,0.0,0.0,0.06,18.45,18.49
2020-03-03,0.0,0.0,0.0,0.06,18.49
2020-03-04,9.93,9.93,9.93,9.93,28.42
2020-03-05,14.38,14.38,24.31,24.31,42.79
2020-03-06,20.81,20.81,35.19,45.12,63.57
2020-03-07,0.0,0.0,20.81,35.19,45.18
2020-03-08,0.0,0.0,0.0,20.81,45.12
2020-03-09,0.0,0.0,0.0,0.0,45.12
2020-03-10,2.17,2.17,2.17,2.17,47.29
2020-03-11,1.38,1.38,3.55,3.55,38.74
2020-03-12,0.0,0.0,1.38,3.55,24.36
2020-03-13,1.65,1.65,1.65,3.03,5.2
2020-03-14,21.8,21.8,23.45,23.45,27.0
2020-03-15,0.0,0.0,21.8,23.45,27.0
2020-03-16,0.12,0.12,0.12,21.92,27.12
2020-03-17,0.0,0.0,0.12,0.12,24.95
2020-03-18,0.0,0.0,0.0,0.12,23.57
2020-03-19,0.0,0.0,0.0,0.0,23.57
2020-03-20,0.02,0.02,0.02,0.02,21.94
2020-03-21,0.0,0.0,0.02,0.02,0.14
2020-03-22,0.02,0.02,0.02,0.04,0.16
2020-03-23,0.0,0.0,0.02,0.02,0.04
2020-03-24,7.54,7.54,7.54,7.56,7.58
2020-03-25,0.02,0.02,7.56,7.56,7.6
2020-03-26,2.43,2.43,2.45,9.99,10.03
2020-03-27,6.14,6.14,8.57,8.59,16.15
2020-03-28,0.0,0.0,6.14,8.57,16.15
2020-03-29,0.0,0.0,0.0,6.14,16.13
2020-03-30,0.2,0.2,0.2,0.2,16.33
2020-03-31,1.09,1.09,1.29,1.29,9.88
2020-04-01,0.01,0.01,1.1,1.3,9.87
2020-04-02,0.0,0.0,0.01,1.1,7.44
2020-04-03,0.0,0.0,0.0,0.01,1.3
2020-04-04,0.0,0.0,0.0,0.0,1.3
2020-04-05,0.0,0.0,0.0,0.0,1.3
2020-04-06,0.0,0.0,0.0,0.0,1.1
2020-04-07,0.0,0.0,0.0,0.0,0.01
2020-04-08,0.0,0.0,0.0,0.0,0.0
2020-04-09,0.0,0.0,0.0,0.0,0.0
2020-04-10,0.0,0.0,0.0,0.0,0.0
2020-04-11,0.0,0.0,0.0,0.0,0.0
2020-04-12,0.0,0.0,0.0,0.0,0.0
2020-04-13,0.0,0.0,0.0,0.0,0.0
2020-04-14,0.19,0.19,0.19,0.19,0.19
2020-04-15,0.03,0.03,0.22,0.22,0.22
2020-04-16,0.65,0.65,0.68,0.87,0.87
2020-04-17,2.01,2.01,2.66,2.69,2.88
2020-04-18,1.98,1.98,3.99,4.64,4.86
2020-04-19,0.0,0.0,1.98,3.99,4.86
2020-04-20,0.6,0.6,0.6,2.58,5.46
2020-04-21,0.0,0.0,0.6,0.6,5.27
2020-04-22,0.53,0.53,0.53,1.13,5.77
2020-04-23,0.78,0.78,1.31,1.31,5.9
2020-04-24,0.0,0.0,0.78,1.31,3.89
2020-04-25,0.01,0.01,0.01,0.79,1.92
2020-04-26,0.48,0.48,0.49,0.49,2.4
2020-04-27,0.0,0.0,0.48,0.49,1.8
2020-04-28,0.0,0.0,0.0,0.48,1.8
2020-04-29,0.0,0.0,0.0,0.0,1.27
2020-04-30,1.32,1.32,1.32,1.32,1.81
2020-05-01,0.03,0.03,1.35,1.35,1.84
2020-05-02,0.26,0.26,0.29,1.61,2.09
2020-05-03,2.87,2.87,3.13,3.16,4.48
2020-05-04,0.0,0.0,2.87,3.13,4.48
2020-05-05,0.0,0.0,0.0,2.87,4.48
2020-05-06,3.13,3.13,3.13,3.13,7.61
2020-05-07,0.0,0.0,3.13,3.13,6.29
2020-05-08,0.0,0.0,0.0,3.13,6.26
2020-05-09,0.0,0.0,0.0,0.0,6.0
2020-05-10,2.03,2.03,2.03,2.03,5.16
2020-05-11,0.11,0.11,2.14,2.14,5.27
2020-05-12,0.14,0.14,0.25,2.28,5.41
2020-05-13,0.04,0.04,0.18,0.29,2.32
2020-05-14,16.92,16.92,16.96,17.1,19.24
2020-05-15,1.17,1.17,18.09,18.13,20.41
2020-05-16,0.0,0.0,1.17,18.09,20.41
2020-05-17,0.0,0.0,0.0,1.17,18.38
2020-05-18,0.0,0.0,0.0,0.0,18.27
2020-05-19,0.0,0.0,0.0,0.0,18.13
2020-05-20,0.0,0.0,0.0,0.0,18.09
2020-05-21,0.0,0.0,0.0,0.0,1.17
2020-05-22,0.0,0.0,0.0,0.0,0.0
2020-05-23,0.04,0.04,0.04,0.04,0.04
2020-05-24,0.0,0.0,0.04,0.04,0.04
2020-05-25,0.0,0.0,0.0,0.04,0.04
2020-05-26,0.0,0.0,0.0,0.0,0.04
2020-05-27,0.03,0.03,0.03,0.03,0.07
2020-05-28,4.44,4.44,4.47,4.47,4.51
2020-05-29,3.58,3.58,8.02,8.05,8.09
2020-05-30,8.97,8.97,12.55,16.99,17.02
2020-05-31,5.5,5.5,14.47,18.05,22.52
2020-06-01,0.03,0.03,5.53,14.5,22.55
2020-06-02,3.53,3.53,3.56,9.06,26.08
2020-06-03,0.0,0.0,3.53,3.56,26.05
2020-06-04,2.4,2.4,2.4,5.93,24.01
2020-06-05,0.02,0.02,2.42,2.42,20.45
2020-06-06,0.0,0.0,0.02,2.42,11.48
2020-06-07,0.12,0.12,0.12,0.14,6.1
2020-06-08,0.0,0.0,0.12,0.12,6.07
2020-06-09,0.0,0.0,0.0,0.12,2.54
2020-06-10,8.07,8.07,8.07,8.07,10.61
2020-06-11,0.0,0.0,8.07,8.07,8.21
2020-06-12,0.0,0.0,0.0,8.07,8.19
2020-06-13,7.7,7.7,7.7,7.7,15.89
2020-06-14,0.0,0.0,7.7,7.7,15.77
2020-06-15,0.0,0.0,0.0,7.7,15.77
2020-06-16,0.0,0.0,0.0,0.0,15.77
2020-06-17,0.0,0.0,0.0,0.0,7.7
2020-06-18,0.0,0.0,0.0,0.0,7.7
2020-06-19,2.17,2.17,2.17,2.17,9.87
2020-06-20,0.37,0.37,2.54,2.54,2.54
2020-06-21,0.7,0.7,1.07,3.24,3.24
2020-06-22,1.78,1.78,2.48,2.85,5.02
2020-06-23,0.0,0.0,1.78,2.48,5.02
2020-06-24,3.73,3.73,3.73,5.51,8.75
2020-06-25,0.1,0.1,3.83,3.83,8.85
2020-06-26,0.0,0.0,0.1,3.83,6.68
2020-06-27,0.05,0.05,0.05,0.15,6.36
2020-06-28,0.0,0.0,0.05,0.05,5.66
2020-06-29,10.2,10.2,10.2,10.25,14.08
2020-06-30,0.24,0.24,10.44,10.44,14.32
2020-07-01,4.95,4.95,5.19,15.39,15.54
2020-07-02,0.0,0.0,4.95,5.19,15.44
2020-07-03,2.48,2.48,2.48,7.43,17.92
2020-07-04,29.17,29.17,31.65,31.65,47.04
2020-07-05,21.13,21.13,50.3,52.78,68.17
2020-07-06,0.0,0.0,21.13,50.3,57.97
2020-07-07,0.77,0.77,0.77,21.9,58.5
2020-07-08,0.33,0.33,1.1,1.1,53.88
2020-07-09,0.0,0.0,0.33,1.1,53.88
2020-07-10,56.41,56.41,56.41,56.74,107.81
2020-07-11,6.84,6.84,63.25,63.25,85.48
2020-07-12,2.33,2.33,9.17,65.58,66.68
2020-07-13,0.0,0.0,2.33,9.17,66.68
2020-07-14,0.0,0.0,0.0,2.33,65.91
2020-07-15,4.53,4.53,4.53,4.53,70.11
2020-07-16,0.0,0.0,4.53,4.53,70.11
2020-07-17,4.61,4.61,4.61,9.14,18.31
2020-07-18,6.63,6.63,11.24,11.24,18.1
2020-07-19,26.57,26.57,33.2,37.81,42.34
2020-07-20,16.37,16.37,42.94,49.57,58.71
2020-07-21,16.0,16.0,32.37,58.94,74.71
2020-07-22,16.89,16.89,32.89,49.26,87.07
2020-07-23,0.0,0.0,16.89,32.89,87.07
2020-07-24,0.98,0.98,0.98,17.87,83.44
2020-07-25,0.07,0.07,1.05,1.05,76.88
2020-07-26,0.0,0.0,0.07,1.05,50.31
2020-07-27,0.0,0.0,0.0,0.07,33.94
2020-07-28,6.75,6.75,6.75,6.75,24.69
2020-07-29,6.6,6.6,13.35,13.35,14.4
2020-07-30,0.42,0.42,7.02,13.77,14.82
2020-07-31,6.01,6.01,6.43,13.03,19.85
2020-08-01,0.41,0.41,6.42,6.84,20.19
2020-08-02,0.0,0.0,0.41,6.42,20.19
2020-08-03,0.0,0.0,0.0,0.41,20.19
2020-08-04,0.0,0.0,0.0,0.0,13.44
2020-08-05,6.99,6.99,6.99,6.99,13.83
2020-08-06,0.0,0.0,6.99,6.99,13.41
2020-08-07,0.16,0.16,0.16,7.15,7.56
2020-08-08,1.05,1.05,1.21,1.21,8.2
2020-08-09,1.78,1.78,2.83,2.99,9.98
2020-08-10,3.87,3.87,5.65,6.7,13.85
2020-08-11,0.03,0.03,3.9,5.68,13.88
2020-08-12,10.51,10.51,10.54,14.41,17.4
2020-08-13,21.27,21.27,31.78,31.81,38.67
2020-08-14,0.0,0.0,21.27,31.78,38.51
2020-08-15,0.22,0.22,0.22,21.49,37.68
2020-08-16,5.68,5.68,5.9,5.9,41.58
2020-08-17,7.1,7.1,12.78,13.0,44.81
2020-08-18,2.19,2.19,9.29,14.97,46.97
2020-08-19,66.85,66.85,69.04,76.14,103.31
2020-08-20,19.27,19.27,86.12,88.31,101.31
2020-08-21,2.12,2.12,21.39,88.24,103.43
2020-08-22,0.0,0.0,2.12,21.39,103.21
2020-08-23,0.0,0.0,0.0,2.12,97.53
2020-08-24,0.04,0.04,0.04,0.04,90.47
2020-08-25,0.0,0.0,0.04,0.04,88.28
2020-08-26,0.04,0.04,0.04,0.08,21.47
2020-08-27,0.0,0.0,0.04,0.04,2.2
2020-08-28,16.69,16.69,16.69,16.73,16.77
2020-08-29,0.0,0.0,16.69,16.69,16.77
2020-08-30,0.0,0.0,0.0,16.69,16.77
2020-08-31,0.0,0.0,0.0,0.0,16.73
2020-09-01,0.02,0.02,0.02,0.02,16.75
2020-09-02,0.0,0.0,0.02,0.02,16.71
2020-09-03,0.0,0.0,0.0,0.02,16.71
2020-09-04,0.0,0.0,0.0,0.0,0.02
2020-09-05,21.19,21.19,21.19,21.19,21.21
2020-09-06,0.0,0.0,21.19,21.19,21.21
2020-09-07,4.97,4.97,4.97,26.16,26.18
2020-09-08,0.0,0.0,4.97,4.97,26.16
2020-09-09,0.0,0.0,0.0,4.97,26.16
2020-09-10,0.0,0.0,0.0,0.0,26.16
2020-09-11,0.0,0.0,0.0,0.0,26.16
2020-09-12,0.0,0.0,0.0,0.0,4.97
2020-09-13,0.0,0.0,0.0,0.0,4.97
2020-09-14,1.45,1.45,1.45,1.45,1.45
2020-09-15,0.0,0.0,1.45,1.45,1.45
2020-09-16,0.0,0.0,0.0,1.45,1.45
2020-09-17,0.0,0.0,0.0,0.0,1.45
2020-09-18,0.0,0.0,0.0,0.0,1.45
2020-09-19,0.0,0.0,0.0,0.0,1.45
2020-09-20,0.0,0.0,0.0,0.0,1.45
2020-09-21,0.0,0.0,0.0,0.0,0.0
2020-09-22,0.0,0.0,0.0,0.0,0.0
2020-09-23,0.0,0.0,0.0,0.0,0.0
2020-09-24,0.0,0.0,0.0,0.0,0.0
2020-09-25,0.0,0.0,0.0,0.0,0.0
2020-09-26,0.29,0.29,0.29,0.29,0.29
2020-09-27,0.0,0.0,0.29,0.29,0.29
2020-09-28,0.0,0.0,0.0,0.29,0.29
2020-09-29,0.0,0.0,0.0,0.0,0.29
2020-09-30,0.0,0.0,0.0,0.0,0.29
2020-10-01,0.0,0.0,0.0,0.0,0.29
2020-10-02,0.0,0.0,0.0,0.0,0.29
2020-10-03,0.0,0.0,0.0,0.0,0.0
2020-10-04,0.0,0.0,0.0,0.0,0.0
2020-10-05,0.0,0.0,0.0,0.0,0.0
2020-10-06,0.0,0.0,0.0,0.0,0.0
2020-10-07,0.0,0.0,0.0,0.0,0.0
2020-10-08,0.0,0.0,0.0,0.0,0.0
2020-10-09,0.0,0.0,0.0,0.0,0.0
2020-10-10,0.0,0.0,0.0,0.0,0.0
2020-10-11,0.0,0.0,0.0,0.0,0.0
2020-10-12,0.0,0.0,0.0,0.0,0.0
2020-10-13,0.0,0.0,0.0,0.0,0.0
2020-10-14,0.0,0.0,0.0,0.0,0.0
2020-10-15,0.0,0.0,0.0,0.0,0.0
2020-10-16,0.0,0.0,0.0,0.0,0.0
2020-10-17,0.0,0.0,0.0,0.0,0.0
2020-10-18,0.0,0.0,0.0,0.0,0.0
2020-10-19,0.0,0.0,0.0,0.0,0.0
2020-10-20,0.0,0.0,0.0,0.0,0.0
2020-10-21,0.0,0.0,0.0,0.0,0.0
2020-10-22,0.0,0.0,0.0,0.0,0.0
2020-10-23,0.0,0.0,0.0,0.0,0.0
2020-10-24,0.0,0.0,0.0,0.0,0.0
2020-10-25,0.0,0.0,0.0,0.0,0.0
2020-10-26,0.0,0.0,0.0,0.0,0.0
2020-10-27,0.0,0.0,0.0,0.0,0.0
2020-10-28,0.0,0.0,0.0,0.0,0.0
2020-10-29,0.0,0.0,0.0,0.0,0.0
2020-10-30,0.0,0.0,0.0,0.0,0.0
2020-10-31,0.0,0.0,0.0,0.0,0.0
2020-11-01,0.0,0.0,0.0,0.0,0.0
2020-11-02,0.0,0.0,0.0,0.0,0.0
2020-11-03,0.0,0.0,0.0,0.0,0.0
2020-11-04,0.0,0.0,0.0,0.0,0.0
2020-11-05,0.0,0.0,0.0,0.0,0.0
2020-11-06,0.0,0.0,0.0,0.0,0.0
2020-11-07,0.0,0.0,0.0,0.0,0.0
2020-11-08,0.0,0.0,0.0,0.0,0.0
2020-11-09,0.0,0.0,0.0,0.0,0.0
2020-11-10,0.0,0.0,0.0,0.0,0.0
2020-11-11,0.0,0.0,0.0,0.0,0.0
2020-11-12,0.0,0.0,0.0,0.0,0.0
2020-11-13,0.0,0.0,0.0,0.0,0.0
2020-11-14,0.0,0.0,0.0,0.0,0.0
2020-11-15,1.81,1.81,1.81,1.81,1.81
2020-11-16,0.0,0.0,1.81,1.81,1.81
2020-11-17,0.0,0.0,0.0,1.81,1.81
2020-11-18,0.0,0.0,0.0,0.0,1.81
2020-11-19,0.0,0.0,0.0,0.0,1.81
2020-11-20,0.0,0.0,0.0,0.0,1.81
2020-11-21,0.0,0.0,0.0,0.0,1.81
2020-11-22,0.0,0.0,0.0,0.0,0.0
2020-11-23,0.0,0.0,0.0,0.0,0.0
2020-11-24,0.8,0.8,0.8,0.8,0.8
2020-11-25,1.38,1.38,2.18,2.18,2.18
2020-11-26,0.01,0.01,1.39,2.19,2.19
2020-11-27,0.0,0.0,0.01,1.39,2.19
2020-11-28,0.0,0.0,0.0,0.01,2.19
2020-11-29,0.0,0.0,0.0,0.0,2.19
2020-11-30,0.0,0.0,0.0,0.0,2.19
2020-12-01,0.0,0.0,0.0,0.0,1.39
2020-12-02,0.0,0.0,0.0,0.0,0.01
2020-12-03,0.0,0.0,0.0,0.0,0.0
2020-12-04,0.0,0.0,0.0,0.0,0.0
2020-12-05,0.0,0.0,0.0,0.0,0.0
2020-12-06,0.0,0.0,0.0,0.0,0.0
2020-12-07,0.0,0.0,0.0,0.0,0.0
2020-12-08,0.0,0.0,0.0,0.0,0.0
2020-12-09,0.0,0.0,0.0,0.0,0.0
2020-12-10,0.0,0.0,0.0,0.0,0.0
2020-12-11,0.0,0.0,0.0,0.0,0.0
2020-12-12,0.0,0.0,0.0,0.0,0.0
2020-12-13,0.0,0.0,0.0,0.0,0.0
2020-12-14,0.0,0.0,0.0,0.0,0.0
2020-12-15,0.0,0.0,0.0,0.0,0.0
2020-12-16,0.0,0.0,0.0,0.0,0.0
2020-12-17,0.0,0.0,0.0,0.0,0.0
2020-12-18,0.0,0.0,0.0,0.0,0.0
2020-12-19,0.0,0.0,0.0,0.0,0.0
2020-12-20,0.01,0.01,0.01,0.01,0.01
2020-12-21,0.0,0.0,0.01,0.01,0.01
2020-12-22,0.0,0.0,0.0,0.01,0.01
2020-12-23,0.0,0.0,0.0,0.0,0.01
2020-12-24,0.0,0.0,0.0,0.0,0.01
2020-12-25,0.0,0.0,0.0,0.0,0.01
2020-12-26,0.29,0.29,0.29,0.29,0.3
2020-12-27,0.0,0.0,0.29,0.29,0.29
2020-12-28,0.0,0.0,0.0,0.29,0.29
2020-12-29,0.0,0.0,0.0,0.0,0.29
2020-12-30,0.0,0.0,0.0,0.0,0.29
2020-12-31,0.02,0.02,0.02,0.02,0.31
2021-01-01,0.04,0.04,0.06,0.06,0.35
2021-01-02,0.23,0.23,0.27,0.29,0.29
2021-01-03,18.53,18.53,18.76,18.8,18.82
2021-01-04,12.42,12.42,30.95,31.18,31.24
2021-01-05,3.66,3.66,16.08,34.61,34.9
2021-01-06,1.65,1.65,5.31,17.73,36.55
2021-01-07,0.0,0.0,1.65,5.31,36.53
2021-01-08,0.0,0.0,0.0,1.65,36.49
2021-01-09,0.0,0.0,0.0,0.0,36.26
2021-01-10,0.0,0.0,0.0,0.0,17.73
2021-01-11,0.0,0.0,0.0,0.0,5.31
2021-01-12,0.0,0.0,0.0,0.0,1.65
2021-01-13,0.0,0.0,0.0,0.0,0.0
2021-01-14,11.17,11.17,11.17,11.17,11.17
2021-01-15,5.66,5.66,16.83,16.83,16.83
2021-01-16,0.0,0.0,5.66,16.83,16.83
2021-01-17,0.0,0.0,0.0,5.66,16.83
2021-01-18,0.0,0.0,0.0,0.0,16.83
2021-01-19,0.0,0.0,0.0,0.0,16.83
2021-01-20,0.0,0.0,0.0,0.0,16.83
2021-01-21,0.0,0.0,0.0,0.0,5.66
2021-01-22,0.0,0.0,0.0,0.0,0.0
2021-01-23,0.0,0.0,0.0,0.0,0.0
2021-01-24,0.0,0.0,0.0,0.0,0.0
2021-01-25,0.0,0.0,0.0,0.0,0.0
2021-01-26,0.0,0.0,0.0,0.0,0.0
2021-01-27,0.0,0.0,0.0,0.0,0.0
2021-01-28,0.0,0.0,0.0,0.0,0.0
2021-01-29,0.0,0.0,0.0,0.0,0.0
2021-01-30,0.0,0.0,0.0,0.0,0.0
2021-01-31,0.0,0.0,0.0,0.0,0.0
2021-02-01,0.0,0.0,0.0,0.0,0.0
2021-02-02,0.0,0.0,0.0,0.0,0.0
2021-02-03,1.15,1.15,1.15,1.15,1.15
2021-02-04,2.99,2.99,4.14,4.14,4.14
2021-02-05,0.0,0.0,2.99,4.14,4.14
2021-02-06,0.0,0.0,0.0,2.99,4.14
2021-02-07,0.0,0.0,0.0,0.0,4.14
2021-02-08,0.0,0.0,0.0,0.0,4.14
2021-02-09,0.0,0.0,0.0,0.0,4.14
2021-02-10,0.0,0.0,0.0,0.0,2.99
2021-02-11,0.01,0.01,0.01,0.01,0.01
2021-02-12,0.0,0.0,0.01,0.01,0.01
2021-02-13,0.0,0.0,0.0,0.01,0.01
2021-02-14,0.0,0.0,0.0,0.0,0.01
2021-02-15,0.0,0.0,0.0,0.0,0.01
2021-02-16,0.0,0.0,0.0,0.0,0.01
2021-02-17,0.0,0.0,0.0,0.0,0.01
2021-02-18,0.0,0.0,0.0,0.0,0.0
2021-02-19,0.0,0.0,0.0,0.0,0.0
2021-02-20,0.0,0.0,0.0,0.0,0.0
2021-02-21,0.0,0.0,0.0,0.0,0.0
2021-02-22,0.0,0.0,0.0,0.0,0.0
2021-02-23,0.0,0.0,0.0,0.0,0.0
2021-02-24,0.0,0.0,0.0,0.0,0.0
2021-02-25,0.0,0.0,0.0,0.0,0.0
2021-02-26,0.12,0.12,0.12,0.12,0.12
2021-02-27,0.0,0.0,0.12,0.12,0.12
2021-02-28,0.0,0.0,0.0,0.12,0.12
2021-03-01,0.0,0.0,0.0,0.0,0.12
2021-03-02,0.0,0.0,0.0,0.0,0.12
2021-03-03,0.0,0.0,0.0,0.0,0.12
2021-03-04,0.0,0.0,0.0,0.0,0.12
2021-03-05,0.0,0.0,0.0,0.0,0.0
2021-03-06,0.0,0.0,0.0,0.0,0.0
2021-03-07,0.0,0.0,0.0,0.0,0.0
2021-03-08,0.0,0.0,0.0,0.0,0.0
2021-03-09,1.68,1.68,1.68,1.68,1.68
2021-03-10,0.0,0.0,1.68,1.68,1.68
2021-03-11,0.0,0.0,0.0,1.68,1.68
2021-03-12,1.11,1.11,1.11,1.11,2.79
2021-03-13,0.0,0.0,1.11,1.11,2.79
2021-03-14,0.0,0.0,0.0,1.11,2.79
2021-03-15,0.0,0.0,0.0,0.0,2.79
2021-03-16,0.0,0.0,0.0,0.0,1.11
2021-03-17,0.0,0.0,0.0,0.0,1.11
2021-03-18,0.01,0.01,0.01,0.01,1.12
2021-03-19,0.0,0.0,0.01,0.01,0.01
2021-03-20,0.0,0.0,0.0,0.01,0.01
2021-03-21,0.0,0.0,0.0,0.0,0.01
2021-03-22,0.58,0.58,0.58,0.58,0.59
2021-03-23,0.24,0.24,0.82,0.82,0.83
2021-03-24,0.0,0.0,0.24,0.82,0.83
2021-03-25,0.02,0.02,0.02,0.26,0.84
2021-03-26,0.0,0.0,0.02,0.02,0.84
2021-03-27,0.0,0.0,0.0,0.02,0.84
2021-03-28,0.0,0.0,0.0,0.0,0.84
2021-03-29,0.0,0.0,0.0,0.0,0.26
2021-03-30,0.0,0.0,0.0,0.0,0.02
2021-03-31,0.0,0.0,0.0,0.0,0.02
2021-04-01,0.0,0.0,0.0,0.0,0.0
2021-04-02,0.0,0.0,0.0,0.0,0.0
2021-04-03,0.0,0.0,0.0,0.0,0.0
2021-04-04,0.0,0.0,0.0,0.0,0.0
2021-04-05,0.02,0.02,0.02,0.02,0.02
2021-04-06,0.0,0.0,0.02,0.02,0.02
2021-04-07,0.0,0.0,0.0,0.02,0.02
2021-04-08,0.0,0.0,0.0,0.0,0.02
2021-04-09,0.0,0.0,0.0,0.0,0.02
2021-04-10,0.0,0.0,0.0,0.0,0.02
2021-04-11,0.0,0.0,0.0,0.0,0.02
2021-04-12,0.0,0.0,0.0,0.0,0.0
2021-04-13,0.0,0.0,0.0,0.0,0.0
2021-04-14,0.0,0.0,0.0,0.0,0.0
2021-04-15,0.0,0.0,0.0,0.0,0.0
2021-04-16,1.45,1.45,1.45,1.45,1.45
2021-04-17,0.0,0.0,1.45,1.45,1.45
2021-04-18,0.0,0.0,0.0,1.45,1.45
2021-04-19,0.0,0.0,0.0,0.0,1.45
2021-04-20,1.71,1.71,1.71,1.71,3.16
2021-04-21,0.0,0.0,1.71,1.71,3.16
2021-04-22,0.0,0.0,0.0,1.71,3.16
2021-04-23,0.76,0.76,0.76,0.76,2.47
2021-04-24,0.0,0.0,0.76,0.76,2.47
2021-04-25,0.0,0.0,0.0,0.76,2.47
2021-04-26,0.0,0.0,0.0,0.0,2.47
2021-04-27,0.0,0.0,0.0,0.0,0.76
2021-04-28,0.0,0.0,0.0,0.0,0.76
2021-04-29,0.0,0.0,0.0,0.0,0.76
2021-04-30,0.13,0.13,0.13,0.13,0.13
2021-05-01,0.91,0.91,1.04,1.04,1.04
2021-05-02,0.18,0.18,1.09,1.22,1.22
2021-05-03,0.0,0.0,0.18,1.09,1.22
2021-05-04,0.05,0.05,0.05,0.23,1.27
2021-05-05,0.0,0.0,0.05,0.05,1.27
2021-05-06,10.54,10.54,10.54,10.59,11.81
2021-05-07,0.0,0.0,10.54,10.54,11.68
2021-05-08,0.04,0.04,0.04,10.58,10.81
2021-05-09,8.72,8.72,8.76,8.76,19.35
2021-05-10,0.63,0.63,9.35,9.39,19.98
2021-05-11,0.01,0.01,0.64,9.36,19.94
2021-05-12,6.97,6.97,6.98,7.61,26.91
2021-05-13,5.2,5.2,12.17,12.18,21.57
2021-05-14,0.0,0.0,5.2,12.17,21.57
2021-05-15,0.0,0.0,0.0,5.2,21.53
2021-05-16,0.0,0.0,0.0,0.0,12.81
2021-05-17,5.49,5.49,5.49,5.49,17.67
2021-05-18,14.04,14.04,19.53,19.53,31.7
2021-05-19,15.0,15.0,29.04,34.53,39.73
2021-05-20,0.88,0.88,15.88,29.92,35.41
2021-05-21,41.87,41.87,42.75,57.75,77.28
2021-05-22,1.2,1.2,43.07,43.95,78.48
2021-05-23,0.27,0.27,1.47,43.34,78.75
2021-05-24,0.0,0.0,0.27,1.47,73.26
2021-05-25,0.0,0.0,0.0,0.27,59.22
2021-05-26,0.0,0.0,0.0,0.0,44.22
2021-05-27,0.0,0.0,0.0,0.0,43.34
2021-05-28,0.0,0.0,0.0,0.0,1.47
2021-05-29,0.09,0.09,0.09,0.09,0.36
2021-05-30,0.13,0.13,0.22,0.22,0.22
2021-05-31,11.82,11.82,11.95,12.04,12.04
2021-06-01,1.75,1.75,13.57,13.7,13.79
2021-06-02,0.03,0.03,1.78,13.6,13.82
2021-06-03,0.0,0.0,0.03,1.78,13.82
2021-06-04,2.22,2.22,2.22,2.25,16.04
2021-06-05,0.42,0.42,2.64,2.64,16.37
2021-06-06,0.0,0.0,0.42,2.64,16.24
2021-06-07,0.0,0.0,0.0,0.42,4.42
2021-06-08,0.0,0.0,0.0,0.0,2.67
2021-06-09,0.0,0.0,0.0,0.0,2.64
2021-06-10,6.89,6.89,6.89,6.89,9.53
2021-06-11,0.07,0.07,6.96,6.96,7.38
2021-06-12,0.15,0.15,0.22,7.11,7.11
2021-06-13,0.0,0.0,0.15,0.22,7.11
2021-06-14,0.0,0.0,0.0,0.15,7.11
2021-06-15,3.63,3.63,3.63,3.63,10.74
2021-06-16,2.79,2.79,6.42,6.42,13.53
2021-06-17,8.87,8.87,11.66,15.29,15.51
2021-06-18,0.0,0.0,8.87,11.66,15.44
2021-06-19,0.0,0.0,0.0,8.87,15.29
2021-06-20,0.22,0.22,0.22,0.22,15.51
2021-06-21,0.0,0.0,0.22,0.22,15.51
2021-06-22,0.0,0.0,0.0,0.22,11.88
2021-06-23,0.0,0.0,0.0,0.0,9.09
2021-06-24,0.0,0.0,0.0,0.0,0.22
2021-06-25,3.25,3.25,3.25,3.25,3.47
2021-06-26,0.0,0.0,3.25,3.25,3.47
2021-06-27,0.0,0.0,0.0,3.25,3.25
2021-06-28,0.0,0.0,0.0,0.0,3.25
2021-06-29,0.0,0.0,0.0,0.0,3.25
2021-06-30,0.0,0.0,0.0,0.0,3.25
2021-07-01,0.22,0.22,0.22,0.22,3.47
2021-07-02,16.35,16.35,16.57,16.57,16.57
2021-07-03,5.41,5.41,21.76,21.98,21.98
2021-07-04,0.0,0.0,5.41,21.76,21.98
2021-07-05,0.0,0.0,0.0,5.41,21.98
2021-07-06,0.0,0.0,0.0,0.0,21.98
2021-07-07,0.0,0.0,0.0,0.0,21.98
2021-07-08,8.14,8.14,8.14,8.14,29.9
2021-07-09,1.36,1.36,9.5,9.5,14.91
2021-07-10,0.0,0.0,1.36,9.5,9.5
2021-07-11,0.4,0.4,0.4,1.76,9.9
2021-07-12,6.24,6.24,6.64,6.64,16.14
2021-07-13,23.3,23.3,29.54,29.94,39.44
2021-07-14,59.99,59.99,83.29,89.53,99.43
2021-07-15,0.0,0.0,59.99,83.29,91.29
2021-07-16,0.0,0.0,0.0,59.99,89.93
2021-07-17,0.47,0.47,0.47,0.47,90.4
2021-07-18,7.19,7.19,7.66,7.66,97.19
2021-07-19,56.99,56.99,64.18,64.65,147.94
2021-07-20,21.67,21.67,78.66,85.85,146.31
2021-07-21,0.24,0.24,21.91,78.9,86.56
2021-07-22,2.36,2.36,2.6,24.27,88.92
2021-07-23,0.0,0.0,2.36,2.6,88.92
2021-07-24,0.87,0.87,0.87,3.23,89.32
2021-07-25,0.21,0.21,1.08,1.08,82.34
2021-07-26,14.86,14.86,15.07,15.94,40.21
2021-07-27,20.2,20.2,35.06,35.27,38.74
2021-07-28,60.71,60.71,80.91,95.77,99.21
2021-07-29,15.19,15.19,75.9,96.1,112.04
2021-07-30,6.61,6.61,21.8,82.51,118.65
2021-07-31,0.23,0.23,6.84,22.03,118.01
2021-08-01,19.56,19.56,19.79,26.4,137.36
2021-08-02,2.81,2.81,22.37,22.6,125.31
2021-08-03,0.0,0.0,2.81,22.37,105.11
2021-08-04,0.0,0.0,0.0,2.81,44.4
2021-08-05,0.0,0.0,0.0,0.0,29.21
2021-08-06,0.06,0.06,0.06,0.06,22.66
2021-08-07,4.18,4.18,4.24,4.24,26.61
2021-08-08,20.45,20.45,24.63,24.69,27.5
2021-08-09,3.99,3.99,24.44,28.62,28.68
2021-08-10,0.0,0.0,3.99,24.44,28.68
2021-08-11,0.0,0.0,0.0,3.99,28.68
2021-08-12,0.01,0.01,0.01,0.01,28.69
2021-08-13,0.0,0.0,0.01,0.01,28.63
2021-08-14,0.0,0.0,0.0,0.01,24.45
2021-08-15,0.0,0.0,0.0,0.0,4.0
2021-08-16,0.0,0.0,0.0,0.0,0.01
2021-08-17,0.0,0.0,0.0,0.0,0.01
2021-08-18,0.0,0.0,0.0,0.0,0.01
2021-08-19,7.08,7.08,7.08,7.08,7.08
2021-08-20,32.55,32.55,39.63,39.63,39.63
2021-08-21,31.84,31.84,64.39,71.47,71.47
2021-08-22,6.1,6.1,37.94,70.49,77.57
2021-08-23,14.54,14.54,20.64,52.48,92.11
2021-08-24,0.57,0.57,15.11,21.21,92.68
2021-08-25,0.04,0.04,0.61,15.15,92.72
2021-08-26,0.0,0.0,0.04,0.61,85.64
2021-08-27,0.0,0.0,0.0,0.04,53.09
2021-08-28,0.0,0.0,0.0,0.0,21.25
2021-08-29,0.0,0.0,0.0,0.0,15.15
2021-08-30,0.0,0.0,0.0,0.0,0.61
2021-08-31,21.76,21.76,21.76,21.76,21.8
2021-09-01,65.86,65.86,87.62,87.62,87.62
2021-09-02,31.49,31.49,97.35,119.11,119.11
2021-09-03,15.04,15.04,46.53,112.39,134.15
2021-09-04,9.19,9.19,24.23,55.72,143.34
2021-09-05,0.0,0.0,9.19,24.23,143.34
2021-09-06,0.0,0.0,0.0,9.19,143.34
2021-09-07,1.5,1.5,1.5,1.5,123.08
2021-09-08,0.0,0.0,1.5,1.5,57.22
2021-09-09,0.0,0.0,0.0,1.5,25.73
2021-09-10,16.28,16.28,16.28,16.28,26.97
2021-09-11,61.78,61.78,78.06,78.06,79.56
2021-09-12,2.22,2.22,64.0,80.28,81.78
2021-09-13,22.89,22.89,25.11,86.89,104.67
2021-09-14,0.97,0.97,23.86,26.08,104.14
2021-09-15,0.0,0.0,0.97,23.86,104.14
2021-09-16,9.41,9.41,9.41,10.38,113.55
2021-09-17,0.0,0.0,9.41,9.41,97.27
2021-09-18,0.0,0.0,0.0,9.41,35.49
2021-09-19,0.0,0.0,0.0,0.0,33.27
2021-09-20,0.0,0.0,0.0,0.0,10.38
2021-09-21,4.78,4.78,4.78,4.78,14.19
2021-09-22,31.96,31.96,36.74,36.74,46.15
2021-09-23,14.35,14.35,46.31,51.09,51.09
2021-09-24,1.39,1.39,15.74,47.7,52.48
2021-09-25,0.0,0.0,1.39,15.74,52.48
2021-09-26,0.0,0.0,0.0,1.39,52.48
2021-09-27,0.0,0.0,0.0,0.0,52.48
2021-09-28,0.0,0.0,0.0,0.0,47.7
2021-09-29,0.0,0.0,0.0,0.0,15.74
2021-09-30,0.0,0.0,0.0,0.0,1.39
2021-10-01,0.08,0.08,0.08,0.08,0.08
2021-10-02,0.0,0.0,0.08,0.08,0.08
2021-10-03,0.0,0.0,0.0,0.08,0.08
2021-10-04,0.88,0.88,0.88,0.88,0.96
2021-10-05,0.08,0.08,0.96,0.96,1.04
2021-10-06,0.0,0.0,0.08,0.96,1.04
2021-10-07,0.0,0.0,0.0,0.08,1.04
2021-10-08,0.0,0.0,0.0,0.0,0.96
2021-10-09,0.0,0.0,0.0,0.0,0.96
2021-10-10,0.0,0.0,0.0,0.0,0.96
2021-10-11,0.0,0.0,0.0,0.0,0.08
2021-10-12,0.0,0.0,0.0,0.0,0.0
2021-10-13,0.0,0.0,0.0,0.0,0.0
2021-10-14,0.0,0.0,0.0,0.0,0.0
2021-10-15,0.0,0.0,0.0,0.0,0.0
2021-10-16,0.99,0.99,0.99,0.99,0.99
2021-10-17,76.47,76.47,77.46,77.46,77.46
2021-10-18,17.91,17.91,94.38,95.37,95.37
2021-10-19,0.0,0.0,17.91,94.38,95.37
2021-10-20,0.0,0.0,0.0,17.91,95.37
2021-10-21,0.0,0.0,0.0,0.0,95.37
2021-10-22,0.0,0.0,0.0,0.0,95.37
2021-10-23,0.0,0.0,0.0,0.0,94.38
2021-10-24,18.59,18.59,18.59,18.59,36.5
2021-10-25,0.0,0.0,18.59,18.59,18.59
2021-10-26,0.0,0.0,0.0,18.59,18.59
2021-10-27,0.0,0.0,0.0,0.0,18.59
2021-10-28,0.0,0.0,0.0,0.0,18.59
2021-10-29,0.0,0.0,0.0,0.0,18.59
2021-10-30,0.0,0.0,0.0,0.0,18.59
2021-10-31,0.0,0.0,0.0,0.0,0.0
2021-11-01,0.0,0.0,0.0,0.0,0.0
2021-11-02,0.0,0.0,0.0,0.0,0.0
2021-11-03,0.0,0.0,0.0,0.0,0.0
2021-11-04,0.0,0.0,0.0,0.0,0.0
2021-11-05,0.0,0.0,0.0,0.0,0.0
2021-11-06,0.0,0.0,0.0,0.0,0.0
2021-11-07,0.0,0.0,0.0,0.0,0.0
2021-11-08,0.0,0.0,0.0,0.0,0.0
2021-11-09,0.0,0.0,0.0,0.0,0.0
2021-11-10,0.0,0.0,0.0,0.0,0.0
2021-11-11,0.0,0.0,0.0,0.0,0.0
2021-11-12,0.0,0.0,0.0,0.0,0.0
2021-11-13,0.0,0.0,0.0,0.0,0.0
2021-11-14,0.0,0.0,0.0,0.0,0.0
2021-11-15,0.0,0.0,0.0,0.0,0.0
2021-11-16,0.0,0.0,0.0,0.0,0.0
2021-11-17,0.0,0.0,0.0,0.0,0.0
2021-11-18,0.0,0.0,0.0,0.0,0.0
2021-11-19,0.0,0.0,0.0,0.0,0.0
2021-11-20,0.0,0.0,0.0,0.0,0.0
2021-11-21,0.0,0.0,0.0,0.0,0.0
2021-11-22,0.0,0.0,0.0,0.0,0.0
2021-11-23,0.0,0.0,0.0,0.0,0.0
2021-11-24,0.0,0.0,0.0,0.0,0.0
2021-11-25,0.0,0.0,0.0,0.0,0.0
2021-11-26,0.0,0.0,0.0,0.0,0.0
2021-11-27,0.0,0.0,0.0,0.0,0.0
2021-11-28,0.0,0.0,0.0,0.0,0.0
2021-11-29,0.0,0.0,0.0,0.0,0.0
2021-11-30,0.0,0.0,0.0,0.0,0.0
2021-12-01,0.02,0.02,0.02,0.02,0.02
2021-12-02,0.96,0.96,0.98,0.98,0.98
2021-12-03,0.0,0.0,0.96,0.98,0.98
2021-12-04,0.0,0.0,0.0,0.96,0.98
2021-12-05,0.02,0.02,0.02,0.02,1.0
2021-12-06,0.0,0.0,0.02,0.02,1.0
2021-12-07,0.0,0.0,0.0,0.02,1.0
2021-12-08,0.0,0.0,0.0,0.0,0.98
2021-12-09,0.0,0.0,0.0,0.0,0.02
2021-12-10,0.0,0.0,0.0,0.0,0.02
2021-12-11,0.0,0.0,0.0,0.0,0.02
2021-12-12,0.0,0.0,0.0,0.0,0.0
2021-12-13,0.0,0.0,0.0,0.0,0.0
2021-12-14,0.0,0.0,0.0,0.0,0.0
2021-12-15,0.0,0.0,0.0,0.0,0.0
2021-12-16,0.0,0.0,0.0,0.0,0.0
2021-12-17,0.0,0.0,0.0,0.0,0.0
2021-12-18,0.0,0.0,0.0,0.0,0.0
2021-12-19,0.0,0.0,0.0,0.0,0.0
2021-12-20,0.0,0.0,0.0,0.0,0.0
2021-12-21,0.0,0.0,0.0,0.0,0.0
2021-12-22,0.0,0.0,0.0,0.0,0.0
2021-12-23,0.0,0.0,0.0,0.0,0.0
2021-12-24,0.01,0.01,0.01,0.01,0.01
2021-12-25,0.01,0.01,0.02,0.02,0.02
2021-12-26,2.11,2.11,2.12,2.13,2.13
2021-12-27,0.01,0.01,2.12,2.13,2.14
2021-12-28,0.49,0.49,0.5,2.61,2.63
2021-12-29,0.0,0.0,0.49,0.5,2.63
2021-12-30,0.0,0.0,0.0,0.49,2.63
2021-12-31,0.0,0.0,0.0,0.0,2.62
2022-01-01,0.07,0.07,0.07,0.07,2.68
2022-01-02,0.0,0.0,0.07,0.07,0.57
2022-01-03,0.05,0.05,0.05,0.12,0.61
2022-01-04,0.05,0.05,0.1,0.1,0.17
2022-01-05,26.17,26.17,26.22,26.27,26.34
2022-01-06,0.0,0.0,26.17,26.22,26.34
2022-01-07,19.62,19.62,19.62,45.79,45.96
2022-01-08,42.92,42.92,62.54,62.54,88.81
2022-01-09,0.0,0.0,42.92,62.54,88.81
2022-01-10,0.0,0.0,0.0,42.92,88.76
2022-01-11,0.0,0.0,0.0,0.0,88.71
2022-01-12,0.0,0.0,0.0,0.0,62.54
2022-01-13,0.0,0.0,0.0,0.0,62.54
2022-01-14,0.0,0.0,0.0,0.0,42.92
2022-01-15,0.0,0.0,0.0,0.0,0.0
2022-01-16,0.0,0.0,0.0,0.0,0.0
2022-01-17,0.0,0.0,0.0,0.0,0.0
2022-01-18,0.0,0.0,0.0,0.0,0.0
2022-01-19,0.41,0.41,0.41,0.41,0.41
2022-01-20,0.0,0.0,0.41,0.41,0.41
2022-01-21,2.36,2.36,2.36,2.77,2.77
2022-01-22,8.35,8.35,10.71,10.71,11.12
2022-01-23,0.0,0.0,8.35,10.71,11.12
2022-01-24,0.0,0.0,0.0,8.35,11.12
2022-01-25,0.0,0.0,0.0,0.0,11.12
2022-01-26,0.0,0.0,0.0,0.0,10.71
2022-01-27,0.0,0.0,0.0,0.0,10.71
2022-01-28,0.0,0.0,0.0,0.0,8.35
2022-01-29,0.0,0.0,0.0,0.0,0.0
2022-01-30,0.0,0.0,0.0,0.0,0.0
2022-01-31,0.0,0.0,0.0,0.0,0.0
2022-02-01,0.02,0.02,0.02,0.02,0.02
2022-02-02,0.13,0.13,0.15,0.15,0.15
2022-02-03,4.26,4.26,4.39,4.41,4.41
2022-02-04,0.0,0.0,4.26,4.39,4.41
2022-02-05,0.0,0.0,0.0,4.26,4.41
2022-02-06,0.8,0.8,0.8,0.8,5.21
2022-02-07,0.0,0.0,0.8,0.8,5.21
2022-02-08,9.58,9.58,9.58,10.38,14.77
2022-02-09,7.25,7.25,16.83,16.83,21.89
2022-02-10,0.0,0.0,7.25,16.83,17.63
2022-02-11,0.0,0.0,0.0,7.25,17.63
2022-02-12,0.0,0.0,0.0,0.0,17.63
2022-02-13,0.0,0.0,0.0,0.0,16.83
2022-02-14,0.0,0.0,0.0,0.0,16.83
2022-02-15,0.0,0.0,0.0,0.0,7.25
2022-02-16,0.0,0.0,0.0,0.0,0.0
2022-02-17,0.0,0.0,0.0,0.0,0.0
2022-02-18,0.0,0.0,0.0,0.0,0.0
2022-02-19,0.0,0.0,0.0,0.0,0.0
2022-02-20,0.0,0.0,0.0,0.0,0.0
2022-02-21,0.0,0.0,0.0,0.0,0.0
2022-02-22,0.0,0.0,0.0,0.0,0.0
2022-02-23,0.0,0.0,0.0,0.0,0.0
2022-02-24,0.0,0.0,0.0,0.0,0.0
2022-02-25,2.8,2.8,2.8,2.8,2.8
2022-02-26,0.33,0.33,3.13,3.13,3.13
2022-02-27,0.03,0.03,0.36,3.16,3.16
2022-02-28,0.0,0.0,0.03,0.36,3.16
2022-03-01,0.0,0.0,0.0,0.03,3.16
2022-03-02,0.0,0.0,0.0,0.0,3.16
2022-03-03,0.01,0.01,0.01,0.01,3.17
2022-03-04,0.0,0.0,0.01,0.01,0.37
2022-03-05,0.06,0.06,0.06,0.07,0.1
2022-03-06,0.0,0.0,0.06,0.06,0.07
2022-03-07,0.0,0.0,0.0,0.06,0.07
2022-03-08,0.0,0.0,0.0,0.0,0.07
2022-03-09,0.24,0.24,0.24,0.24,0.31
2022-03-10,0.0,0.0,0.24,0.24,0.3
2022-03-11,0.0,0.0,0.0,0.24,0.3
2022-03-12,0.0,0.0,0.0,0.0,0.24
2022-03-13,0.0,0.0,0.0,0.0,0.24
2022-03-14,0.0,0.0,0.0,0.0,0.24
2022-03-15,0.0,0.0,0.0,0.0,0.24
2022-03-16,0.0,0.0,0.0,0.0,0.0
2022-03-17,0.0,0.0,0.0,0.0,0.0
2022-03-18,0.0,0.0,0.0,0.0,0.0
2022-03-19,0.0,0.0,0.0,0.0,0.0
2022-03-20,0.0,0.0,0.0,0.0,0.0
2022-03-21,0.0,0.0,0.0,0.0,0.0
2022-03-22,0.0,0.0,0.0,0.0,0.0
2022-03-23,0.0,0.0,0.0,0.0,0.0
2022-03-24,0.0,0.0,0.0,0.0,0.0
2022-03-25,0.0,0.0,0.0,0.0,0.0
2022-03-26,0.0,0.0,0.0,0.0,0.0
2022-03-27,0.0,0.0,0.0,0.0,0.0
2022-03-28,0.0,0.0,0.0,0.0,0.0
2022-03-29,0.0,0.0,0.0,0.0,0.0
2022-03-30,0.0,0.0,0.0,0.0,0.0
2022-03-31,0.0,0.0,0.0,0.0,0.0
2022-04-01,0.0,0.0,0.0,0.0,0.0
2022-04-02,0.0,0.0,0.0,0.0,0.0
2022-04-03,0.0,0.0,0.0,0.0,0.0
2022-04-04,0.0,0.0,0.0,0.0,0.0
2022-04-05,0.0,0.0,0.0,0.0,0.0
2022-04-06,0.0,0.0,0.0,0.0,0.0
2022-04-07,0.0,0.0,0.0,0.0,0.0
2022-04-08,0.0,0.0,0.0,0.0,0.0
2022-04-09,0.0,0.0,0.0,0.0,0.0
2022-04-10,0.0,0.0,0.0,0.0,0.0
2022-04-11,0.0,0.0,0.0,0.0,0.0
2022-04-12,0.02,0.02,0.02,0.02,0.02
2022-04-13,0.01,0.01,0.03,0.03,0.03
2022-04-14,0.05,0.05,0.06,0.08,0.08
2022-04-15,0.0,0.0,0.05,0.06,0.08
2022-04-16,0.0,0.0,0.0,0.05,0.08
2022-04-17,0.0,0.0,0.0,0.0,0.08
2022-04-18,0.0,0.0,0.0,0.0,0.08
2022-04-19,0.0,0.0,0.0,0.0,0.06
2022-04-20,0.0,0.0,0.0,0.0,0.05
2022-04-21,1.66,1.66,1.66,1.66,1.66
2022-04-22,0.0,0.0,1.66,1.66,1.66
2022-04-23,0.0,0.0,0.0,1.66,1.66
2022-04-24,0.0,0.0,0.0,0.0,1.66
2022-04-25,0.68,0.68,0.68,0.68,2.34
2022-04-26,0.0,0.0,0.68,0.68,2.34
2022-04-27,0.0,0.0,0.0,0.68,2.34
2022-04-28,0.0,0.0,0.0,0.0,0.68
2022-04-29,0.0,0.0,0.0,0.0,0.68
2022-04-30,0.0,0.0,0.0,0.0,0.68
2022-05-01,0.03,0.03,0.03,0.03,0.71
2022-05-02,0.0,0.0,0.03,0.03,0.03
2022-05-03,0.0,0.0,0.0,0.03,0.03
2022-05-04,5.57,5.57,5.57,5.57,5.6
2022-05-05,0.0,0.0,5.57,5.57,5.6
2022-05-06,0.0,0.0,0.0,5.57,5.6
2022-05-07,0.0,0.0,0.0,0.0,5.6
2022-05-08,0.0,0.0,0.0,0.0,5.57
2022-05-09,0.0,0.0,0.0,0.0,5.57
2022-05-10,0.0,0.0,0.0,0.0,5.57
2022-05-11,0.0,0.0,0.0,0.0,0.0
2022-05-12,0.0,0.0,0.0,0.0,0.0
2022-05-13,0.0,0.0,0.0,0.0,0.0
2022-05-14,0.0,0.0,0.0,0.0,0.0
2022-05-15,0.0,0.0,0.0,0.0,0.0
2022-05-16,0.0,0.0,0.0,0.0,0.0
2022-05-17,0.0,0.0,0.0,0.0,0.0
2022-05-18,0.0,0.0,0.0,0.0,0.0
2022-05-19,0.0,0.0,0.0,0.0,0.0
2022-05-20,5.05,5.05,5.05,5.05,5.05
2022-05-21,2.43,2.43,7.48,7.48,7.48
2022-05-22,4.63,4.63,7.06,12.11,12.11
2022-05-23,22.89,22.89,27.52,29.95,35.0
2022-05-24,0.0,0.0,22.89,27.52,35.0
2022-05-25,0.0,0.0,0.0,22.89,35.0
2022-05-26,0.0,0.0,0.0,0.0,35.0
2022-05-27,1.09,1.09,1.09,1.09,31.04
2022-05-28,0.03,0.03,1.12,1.12,28.64
2022-05-29,2.25,2.25,2.28,3.37,26.26
2022-05-30,4.0,4.0,6.25,6.28,7.37
2022-05-31,0.0,0.0,4.0,6.25,7.37
2022-06-01,0.02,0.02,0.02,4.02,7.39
2022-06-02,0.0,0.0,0.02,0.02,7.39
2022-06-03,0.0,0.0,0.0,0.02,6.3
2022-06-04,0.0,0.0,0.0,0.0,6.27
2022-06-05,0.0,0.0,0.0,0.0,4.02
2022-06-06,0.0,0.0,0.0,0.0,0.02
2022-06-07,0.0,0.0,0.0,0.0,0.02
2022-06-08,0.0,0.0,0.0,0.0,0.0
2022-06-09,0.0,0.0,0.0,0.0,0.0
2022-06-10,0.0,0.0,0.0,0.0,0.0
2022-06-11,0.0,0.0,0.0,0.0,0.0
2022-06-12,0.0,0.0,0.0,0.0,0.0
2022-06-13,0.0,0.0,0.0,0.0,0.0
2022-06-14,1.13,1.13,1.13,1.13,1.13
2022-06-15,5.92,5.92,7.05,7.05,7.05
2022-06-16,2.19,2.19,8.11,9.24,9.24
2022-06-17,5.82,5.82,8.01,13.93,15.06
2022-06-18,0.37,0.37,6.19,8.38,15.43
2022-06-19,1.86,1.86,2.23,8.05,17.29
2022-06-20,1.01,1.01,2.87,3.24,18.3
2022-06-21,0.39,0.39,1.4,3.26,17.56
2022-06-22,0.0,0.0,0.39,1.4,11.64
2022-06-23,0.0,0.0,0.0,0.39,9.45
2022-06-24,0.0,0.0,0.0,0.0,3.63
2022-06-25,0.0,0.0,0.0,0.0,3.26
2022-06-26,0.0,0.0,0.0,0.0,1.4
2022-06-27,0.0,0.0,0.0,0.0,0.39
2022-06-28,0.0,0.0,0.0,0.0,0.0
2022-06-29,0.0,0.0,0.0,0.0,0.0
2022-06-30,10.54,10.54,10.54,10.54,10.54
2022-07-01,8.02,8.02,18.56,18.56,18.56
2022-07-02,11.61,11.61,19.63,30.17,30.17
2022-07-03,1.96,1.96,13.57,21.59,32.13
2022-07-04,0.29,0.29,2.25,13.86,32.42
2022-07-05,0.07,0.07,0.36,2.32,32.49
2022-07-06,0.0,0.0,0.07,0.36,32.49
2022-07-07,0.0,0.0,0.0,0.07,21.95
2022-07-08,0.0,0.0,0.0,0.0,13.93
2022-07-09,2.11,2.11,2.11,2.11,4.43
2022-07-10,1.82,1.82,3.93,3.93,4.29
2022-07-11,0.67,0.67,2.49,4.6,4.67
2022-07-12,24.49,24.49,25.16,26.98,29.09
2022-07-13,21.79,21.79,46.28,46.95,50.88
2022-07-14,0.52,0.52,22.31,46.8,51.4
2022-07-15,0.0,0.0,0.52,22.31,51.4
2022-07-16,58.1,58.1,58.1,58.62,107.39
2022-07-17,5.64,5.64,63.74,63.74,111.21
2022-07-18,0.0,0.0,5.64,63.74,110.54
2022-07-19,10.55,10.55,10.55,16.19,96.6
2022-07-20,18.51,18.51,29.06,29.06,93.32
2022-07-21,4.08,4.08,22.59,33.14,96.88
2022-07-22,8.61,8.61,12.69,31.2,105.49
2022-07-23,2.41,2.41,11.02,15.1,49.8
2022-07-24,0.63,0.63,3.04,11.65,44.79
2022-07-25,0.04,0.04,0.67,3.08,44.83
2022-07-26,0.68,0.68,0.72,1.35,34.96
2022-07-27,2.45,2.45,3.13,3.17,18.9
2022-07-28,7.59,7.59,10.04,10.72,22.41
2022-07-29,9.41,9.41,17.0,19.45,23.21
2022-07-30,10.84,10.84,20.25,27.84,31.64
2022-07-31,3.87,3.87,14.71,24.12,34.88
2022-08-01,0.18,0.18,4.05,14.89,35.02
2022-08-02,0.0,0.0,0.18,4.05,34.34
2022-08-03,0.35,0.35,0.35,0.53,32.24
2022-08-04,2.66,2.66,3.01,3.01,27.31
2022-08-05,0.72,0.72,3.38,3.73,18.62
2022-08-06,1.26,1.26,1.98,4.64,9.04
2022-08-07,14.19,14.19,15.45,16.17,19.36
2022-08-08,0.0,0.0,14.19,15.45,19.18
2022-08-09,0.0,0.0,0.0,14.19,19.18
2022-08-10,0.0,0.0,0.0,0.0,18.83
2022-08-11,7.28,7.28,7.28,7.28,23.45
2022-08-12,0.0,0.0,7.28,7.28,22.73
2022-08-13,0.0,0.0,0.0,7.28,21.47
2022-08-14,8.32,8.32,8.32,8.32,15.6
2022-08-15,2.22,2.22,10.54,10.54,17.82
2022-08-16,0.33,0.33,2.55,10.87,18.15
2022-08-17,0.0,0.0,0.33,2.55,18.15
2022-08-18,0.0,0.0,0.0,0.33,10.87
2022-08-19,0.55,0.55,0.55,0.55,11.42
2022-08-20,3.01,3.01,3.56,3.56,14.43
2022-08-21,0.96,0.96,3.97,4.52,7.07
2022-08-22,0.0,0.0,0.96,3.97,4.85
2022-08-23,0.0,0.0,0.0,0.96,4.52
2022-08-24,0.2,0.2,0.2,0.2,4.72
2022-08-25,0.0,0.0,0.2,0.2,4.72
2022-08-26,0.0,0.0,0.0,0.2,4.17
2022-08-27,0.0,0.0,0.0,0.0,1.16
2022-08-28,0.11,0.11,0.11,0.11,0.31
2022-08-29,0.26,0.26,0.37,0.37,0.57
2022-08-30,0.14,0.14,0.4,0.51,0.71
2022-08-31,0.13,0.13,0.27,0.53,0.64
2022-09-01,2.5,2.5,2.63,2.77,3.14
2022-09-02,3.49,3.49,5.99,6.12,6.63
2022-09-03,0.0,0.0,3.49,5.99,6.63
2022-09-04,0.0,0.0,0.0,3.49,6.52
2022-09-05,0.0,0.0,0.0,0.0,6.26
2022-09-06,0.0,0.0,0.0,0.0,6.12
2022-09-07,0.0,0.0,0.0,0.0,5.99
2022-09-08,0.0,0.0,0.0,0.0,3.49
2022-09-09,0.0,0.0,0.0,0.0,0.0
2022-09-10,0.0,0.0,0.0,0.0,0.0
2022-09-11,0.0,0.0,0.0,0.0,0.0
2022-09-12,9.71,9.71,9.71,9.71,9.71
2022-09-13,0.0,0.0,9.71,9.71,9.71
2022-09-14,1.13,1.13,1.13,10.84,10.84
2022-09-15,3.84,3.84,4.97,4.97,14.68
2022-09-16,0.63,0.63,4.47,5.6,15.31
2022-09-17,0.0,0.0,0.63,4.47,15.31
2022-09-18,0.0,0.0,0.0,0.63,15.31
2022-09-19,0.0,0.0,0.0,0.0,5.6
2022-09-20,0.12,0.12,0.12,0.12,5.72
2022-09-21,22.45,22.45,22.57,22.57,27.04
2022-09-22,101.97,101.97,124.42,124.54,125.17
2022-09-23,76.38,76.38,178.35,200.8,200.92
2022-09-24,25.73,25.73,102.11,204.08,226.65
2022-09-25,0.0,0.0,25.73,102.11,226.65
2022-09-26,0.0,0.0,0.0,25.73,226.65
2022-09-27,0.0,0.0,0.0,0.0,226.53
2022-09-28,0.0,0.0,0.0,0.0,204.08
2022-09-29,0.0,0.0,0.0,0.0,102.11
2022-09-30,0.0,0.0,0.0,0.0,25.73
2022-10-01,0.08,0.08,0.08,0.08,0.08
2022-10-02,0.05,0.05,0.13,0.13,0.13
2022-10-03,0.0,0.0,0.05,0.13,0.13
2022-10-04,0.0,0.0,0.0,0.05,0.13
2022-10-05,0.24,0.24,0.24,0.24,0.37
2022-10-06,0.0,0.0,0.24,0.24,0.37
2022-10-07,15.19,15.19,15.19,15.43,15.56
2022-10-08,100.98,100.98,116.17,116.17,116.46
2022-10-09,0.66,0.66,101.64,116.83,117.07
2022-10-10,0.13,0.13,0.79,101.77,117.2
2022-10-11,0.0,0.0,0.13,0.79,117.2
2022-10-12,0.0,0.0,0.0,0.13,116.96
2022-10-13,0.0,0.0,0.0,0.0,116.96
2022-10-14,0.0,0.0,0.0,0.0,101.77
2022-10-15,0.0,0.0,0.0,0.0,0.79
2022-10-16,0.0,0.0,0.0,0.0,0.13
2022-10-17,0.0,0.0,0.0,0.0,0.0
2022-10-18,0.0,0.0,0.0,0.0,0.0
2022-10-19,0.0,0.0,0.0,0.0,0.0
2022-10-20,0.0,0.0,0.0,0.0,0.0
2022-10-21,0.0,0.0,0.0,0.0,0.0
2022-10-22,0.0,0.0,0.0,0.0,0.0
2022-10-23,0.0,0.0,0.0,0.0,0.0
2022-10-24,0.0,0.0,0.0,0.0,0.0
2022-10-25,0.0,0.0,0.0,0.0,0.0
2022-10-26,0.0,0.0,0.0,0.0,0.0
2022-10-27,0.0,0.0,0.0,0.0,0.0
2022-10-28,0.0,0.0,0.0,0.0,0.0
2022-10-29,0.0,0.0,0.0,0.0,0.0
2022-10-30,0.0,0.0,0.0,0.0,0.0
2022-10-31,0.0,0.0,0.0,0.0,0.0
2022-11-01,0.0,0.0,0.0,0.0,0.0
2022-11-02,0.0,0.0,0.0,0.0,0.0
2022-11-03,0.0,0.0,0.0,0.0,0.0
2022-11-04,0.0,0.0,0.0,0.0,0.0
2022-11-05,0.0,0.0,0.0,0.0,0.0
2022-11-06,0.0,0.0,0.0,0.0,0.0
2022-11-07,0.0,0.0,0.0,0.0,0.0
2022-11-08,0.05,0.05,0.05,0.05,0.05
2022-11-09,0.0,0.0,0.05,0.05,0.05
2022-11-10,0.0,0.0,0.0,0.05,0.05
2022-11-11,0.0,0.0,0.0,0.0,0.05
2022-11-12,0.0,0.0,0.0,0.0,0.05
2022-11-13,0.0,0.0,0.0,0.0,0.05
2022-11-14,0.01,0.01,0.01,0.01,0.06
2022-11-15,0.02,0.02,0.03,0.03,0.03
2022-11-16,0.0,0.0,0.02,0.03,0.03
2022-11-17,0.0,0.0,0.0,0.02,0.03
2022-11-18,0.0,0.0,0.0,0.0,0.03
2022-11-19,0.0,0.0,0.0,0.0,0.03
2022-11-20,0.0,0.0,0.0,0.0,0.03
2022-11-21,0.0,0.0,0.0,0.0,0.02
2022-11-22,0.0,0.0,0.0,0.0,0.0
2022-11-23,0.0,0.0,0.0,0.0,0.0
2022-11-24,0.0,0.0,0.0,0.0,0.0
2022-11-25,0.0,0.0,0.0,0.0,0.0
2022-11-26,0.0,0.0,0.0,0.0,0.0
2022-11-27,0.0,0.0,0.0,0.0,0.0
2022-11-28,0.0,0.0,0.0,0.0,0.0
2022-11-29,0.0,0.0,0.0,0.0,0.0
2022-11-30,0.0,0.0,0.0,0.0,0.0
2022-12-01,0.0,0.0,0.0,0.0,0.0
2022-12-02,0.0,0.0,0.0,0.0,0.0
2022-12-03,0.0,0.0,0.0,0.0,0.0
2022-12-04,0.0,0.0,0.0,0.0,0.0
2022-12-05,0.0,0.0,0.0,0.0,0.0
2022-12-06,0.0,0.0,0.0,0.0,0.0
2022-12-07,0.0,0.0,0.0,0.0,0.0
2022-12-08,0.0,0.0,0.0,0.0,0.0
2022-12-09,0.0,0.0,0.0,0.0,0.0
2022-12-10,0.0,0.0,0.0,0.0,0.0
2022-12-11,0.0,0.0,0.0,0.0,0.0
2022-12-12,0.0,0.0,0.0,0.0,0.0
2022-12-13,0.0,0.0,0.0,0.0,0.0
2022-12-14,0.0,0.0,0.0,0.0,0.0
2022-12-15,0.0,0.0,0.0,0.0,0.0
2022-12-16,0.0,0.0,0.0,0.0,0.0
2022-12-17,0.0,0.0,0.0,0.0,0.0
2022-12-18,0.0,0.0,0.0,0.0,0.0
2022-12-19,0.0,0.0,0.0,0.0,0.0
2022-12-20,0.0,0.0,0.0,0.0,0.0
2022-12-21,0.0,0.0,0.0,0.0,0.0
2022-12-22,0.0,0.0,0.0,0.0,0.0
2022-12-23,0.0,0.0,0.0,0.0,0.0
2022-12-24,0.0,0.0,0.0,0.0,0.0
2022-12-25,0.0,0.0,0.0,0.0,0.0
2022-12-26,0.0,0.0,0.0,0.0,0.0
2022-12-27,0.0,0.0,0.0,0.0,0.0
2022-12-28,0.0,0.0,0.0,0.0,0.0
2022-12-29,0.0,0.0,0.0,0.0,0.0
2022-12-30,0.0,0.0,0.0,0.0,0.0
2022-12-31,0.0,0.0,0.0,0.0,0.0
2023-01-01,0.02,0.02,0.02,0.02,0.02
2023-01-02,0.0,0.0,0.02,0.02,0.02
2023-01-03,0.0,0.0,0.0,0.02,0.02
2023-01-04,0.0,0.0,0.0,0.0,0.02
2023-01-05,0.0,0.0,0.0,0.0,0.02
2023-01-06,0.0,0.0,0.0,0.0,0.02
2023-01-07,0.0,0.0,0.0,0.0,0.02
2023-01-08,0.0,0.0,0.0,0.0,0.0
2023-01-09,0.0,0.0,0.0,0.0,0.0
2023-01-10,0.0,0.0,0.0,0.0,0.0
2023-01-11,0.0,0.0,0.0,0.0,0.0
2023-01-12,0.0,0.0,0.0,0.0,0.0
2023-01-13,0.0,0.0,0.0,0.0,0.0
2023-01-14,0.0,0.0,0.0,0.0,0.0
2023-01-15,0.0,0.0,0.0,0.0,0.0
2023-01-16,0.0,0.0,0.0,0.0,0.0
2023-01-17,0.0,0.0,0.0,0.0,0.0
2023-01-18,0.0,0.0,0.0,0.0,0.0
2023-01-19,4.09,4.09,4.09,4.09,4.09
2023-01-20,0.0,0.0,4.09,4.09,4.09
2023-01-21,0.0,0.0,0.0,4.09,4.09
2023-01-22,0.0,0.0,0.0,0.0,4.09
2023-01-23,0.0,0.0,0.0,0.0,4.09
2023-01-24,0.0,0.0,0.0,0.0,4.09
2023-01-25,0.0,0.0,0.0,0.0,4.09
2023-01-26,0.0,0.0,0.0,0.0,0.0
2023-01-27,0.0,0.0,0.0,0.0,0.0
2023-01-28,0.01,0.01,0.01,0.01,0.01
2023-01-29,24.43,24.43,24.44,24.44,24.44
2023-01-30,1.15,1.15,25.58,25.59,25.59
2023-01-31,0.0,0.0,1.15,25.58,25.59
2023-02-01,0.0,0.0,0.0,1.15,25.59
2023-02-02,0.0,0.0,0.0,0.0,25.59
2023-02-03,0.0,0.0,0.0,0.0,25.59
2023-02-04,0.0,0.0,0.0,0.0,25.58
2023-02-05,0.0,0.0,0.0,0.0,1.15
2023-02-06,0.0,0.0,0.0,0.0,0.0
2023-02-07,0.0,0.0,0.0,0.0,0.0
2023-02-08,0.09,0.09,0.09,0.09,0.09
2023-02-09,0.0,0.0,0.09,0.09,0.09
2023-02-10,0.0,0.0,0.0,0.09,0.09
2023-02-11,0.0,0.0,0.0,0.0,0.09
2023-02-12,0.0,0.0,0.0,0.0,0.09
2023-02-13,0.0,0.0,0.0,0.0,0.09
2023-02-14,0.0,0.0,0.0,0.0,0.09
2023-02-15,0.0,0.0,0.0,0.0,0.0
2023-02-16,0.8,0.8,0.8,0.8,0.8
2023-02-17,0.76,0.76,1.56,1.56,1.56
2023-02-18,0.0,0.0,0.76,1.56,1.56
2023-02-19,0.0,0.0,0.0,0.76,1.56
2023-02-20,0.06,0.06,0.06,0.06,1.62
2023-02-21,0.0,0.0,0.06,0.06,1.62
2023-02-22,0.0,0.0,0.0,0.06,1.62
2023-02-23,0.0,0.0,0.0,0.0,0.82
2023-02-24,0.0,0.0,0.0,0.0,0.06
2023-02-25,0.0,0.0,0.0,0.0,0.06
2023-02-26,0.0,0.0,0.0,0.0,0.06
2023-02-27,0.0,0.0,0.0,0.0,0.0
2023-02-28,2.72,2.72,2.72,2.72,2.72
2023-03-01,2.71,2.71,5.43,5.43,5.43
2023-03-02,0.0,0.0,2.71,5.43,5.43
2023-03-03,0.0,0.0,0.0,2.71,5.43
2023-03-04,0.0,0.0,0.0,0.0,5.43
2023-03-05,0.0,0.0,0.0,0.0,5.43
2023-03-06,0.0,0.0,0.0,0.0,5.43
2023-03-07,0.0,0.0,0.0,0.0,2.71
2023-03-08,0.75,0.75,0.75,0.75,0.75
2023-03-09,0.0,0.0,0.75,0.75,0.75
2023-03-10,0.0,0.0,0.0,0.75,0.75
2023-03-11,0.0,0.0,0.0,0.0,0.75
2023-03-12,0.0,0.0,0.0,0.0,0.75
2023-03-13,0.0,0.0,0.0,0.0,0.75
2023-03-14,0.0,0.0,0.0,0.0,0.75
2023-03-15,0.09,0.09,0.09,0.09,0.09
2023-03-16,0.0,0.0,0.09,0.09,0.09
2023-03-17,0.7,0.7,0.7,0.79,0.79
2023-03-18,30.44,30.44,31.14,31.14,31.23
2023-03-19,1.91,1.91,32.35,33.05,33.14
2023-03-20,10.92,10.92,12.83,43.27,44.06
2023-03-21,0.0,0.0,10.92,12.83,44.06
2023-03-22,0.0,0.0,0.0,10.92,43.97
2023-03-23,0.0,0.0,0.0,0.0,43.97
2023-03-24,14.08,14.08,14.08,14.08,57.35
2023-03-25,0.0,0.0,14.08,14.08,26.91
2023-03-26,0.0,0.0,0.0,14.08,25.0
2023-03-27,0.0,0.0,0.0,0.0,14.08
2023-03-28,0.0,0.0,0.0,0.0,14.08
2023-03-29,0.65,0.65,0.65,0.65,14.73
2023-03-30,20.99,20.99,21.64,21.64,35.72
2023-03-31,8.18,8.18,29.17,29.82,29.82
2023-04-01,2.39,2.39,10.57,31.56,32.21
2023-04-02,0.38,0.38,2.77,10.95,32.59
2023-04-03,2.87,2.87,3.25,5.64,35.46
2023-04-04,2.62,2.62,5.49,5.87,38.08
2023-04-05,0.0,0.0,2.62,5.49,37.43
2023-04-06,0.0,0.0,0.0,2.62,16.44
2023-04-07,0.0,0.0,0.0,0.0,8.26
2023-04-08,0.0,0.0,0.0,0.0,5.87
2023-04-09,0.0,0.0,0.0,0.0,5.49
2023-04-10,0.0,0.0,0.0,0.0,2.62
2023-04-11,0.0,0.0,0.0,0.0,0.0
2023-04-12,0.0,0.0,0.0,0.0,0.0
2023-04-13,0.0,0.0,0.0,0.0,0.0
2023-04-14,0.04,0.04,0.04,0.04,0.04
2023-04-15,0.0,0.0,0.04,0.04,0.04
2023-04-16,0.0,0.0,0.0,0.04,0.04
2023-04-17,0.0,0.0,0.0,0.0,0.04
2023-04-18,0.0,0.0,0.0,0.0,0.04
2023-04-19,0.0,0.0,0.0,0.0,0.04
2023-04-20,2.43,2.43,2.43,2.43,2.47
2023-04-21,0.01,0.01,2.44,2.44,2.44
2023-04-22,0.02,0.02,0.03,2.46,2.46
2023-04-23,0.61,0.61,0.63,0.64,3.07
2023-04-24,0.15,0.15,0.76,0.78,3.22
2023-04-25,0.0,0.0,0.15,0.76,3.22
2023-04-26,0.05,0.05,0.05,0.2,3.27
2023-04-27,2.43,2.43,2.48,2.48,3.27
2023-04-28,0.13,0.13,2.56,2.61,3.39
2023-04-29,3.5,3.5,3.63,6.06,6.87
2023-04-30,0.39,0.39,3.89,4.02,6.65
2023-05-01,12.74,12.74,13.13,16.63,19.24
2023-05-02,0.11,0.11,12.85,13.24,19.35
2023-05-03,8.61,8.61,8.72,21.46,27.91
2023-05-04,0.0,0.0,8.61,8.72,25.48
2023-05-05,0.0,0.0,0.0,8.61,25.35
2023-05-06,5.29,5.29,5.29,5.29,27.14
2023-05-07,2.25,2.25,7.54,7.54,29.0
2023-05-08,0.77,0.77,3.02,8.31,17.03
2023-05-09,0.0,0.0,0.77,3.02,16.92
2023-05-10,0.0,0.0,0.0,0.77,8.31
2023-05-11,0.0,0.0,0.0,0.0,8.31
2023-05-12,0.0,0.0,0.0,0.0,8.31
2023-05-13,0.0,0.0,0.0,0.0,3.02
2023-05-14,0.2,0.2,0.2,0.2,0.97
2023-05-15,0.03,0.03,0.23,0.23,0.23
2023-05-16,0.0,0.0,0.03,0.23,0.23
2023-05-17,24.39,24.39,24.39,24.42,24.62
2023-05-18,0.28,0.28,24.67,24.67,24.9
2023-05-19,0.0,0.0,0.28,24.67,24.9
2023-05-20,0.0,0.0,0.0,0.28,24.9
2023-05-21,0.0,0.0,0.0,0.0,24.7
2023-05-22,0.0,0.0,0.0,0.0,24.67
2023-05-23,0.51,0.51,0.51,0.51,25.18
2023-05-24,0.19,0.19,0.7,0.7,0.98
2023-05-25,1.2,1.2,1.39,1.9,1.9
2023-05-26,0.05,0.05,1.25,1.44,1.95
2023-05-27,5.35,5.35,5.4,6.6,7.3
2023-05-28,0.99,0.99,6.34,6.39,8.29
2023-05-29,1.31,1.31,2.3,7.65,9.6
2023-05-30,1.18,1.18,2.49,3.48,10.27
2023-05-31,1.55,1.55,2.73,4.04,11.63
2023-06-01,2.15,2.15,3.7,4.88,12.58
2023-06-02,0.0,0.0,2.15,3.7,12.53
2023-06-03,0.26,0.26,0.26,2.41,7.44
2023-06-04,6.17,6.17,6.43,6.43,12.62
2023-06-05,0.83,0.83,7.0,7.26,12.14
2023-06-06,0.0,0.0,0.83,7.0,10.96
2023-06-07,0.0,0.0,0.0,0.83,9.41
2023-06-08,0.0,0.0,0.0,0.0,7.26
2023-06-09,0.0,0.0,0.0,0.0,7.26
2023-06-10,0.82,0.82,0.82,0.82,7.82
2023-06-11,0.05,0.05,0.87,0.87,1.7
2023-06-12,0.0,0.0,0.05,0.87,0.87
2023-06-13,0.0,0.0,0.0,0.05,0.87
2023-06-14,5.18,5.18,5.18,5.18,6.05
2023-06-15,0.0,0.0,5.18,5.18,6.05
2023-06-16,1.59,1.59,1.59,6.77,7.64
2023-06-17,5.36,5.36,6.95,6.95,12.18
2023-06-18,0.02,0.02,5.38,6.97,12.15
2023-06-19,5.83,5.83,5.85,11.21,17.98
2023-06-20,0.16,0.16,5.99,6.01,18.14
2023-06-21,0.07,0.07,0.23,6.06,13.03
2023-06-22,0.5,0.5,0.57,0.73,13.53
2023-06-23,0.65,0.65,1.15,1.22,12.59
2023-06-24,35.54,35.54,36.19,36.69,42.77
2023-06-25,22.3,22.3,57.84,58.49,65.05
2023-06-26,2.62,2.62,24.92,60.46,61.84
2023-06-27,6.73,6.73,9.35,31.65,68.41
2023-06-28,0.93,0.93,7.66,10.28,69.27
2023-06-29,15.3,15.3,16.23,22.96,84.07
2023-06-30,1.95,1.95,17.25,18.18,85.37
2023-07-01,0.2,0.2,2.15,17.45,50.03
2023-07-02,0.0,0.0,0.2,2.15,27.73
2023-07-03,0.0,0.0,0.0,0.2,25.11
2023-07-04,4.31,4.31,4.31,4.31,22.69
2023-07-05,6.36,6.36,10.67,10.67,28.12
2023-07-06,33.24,33.24,39.6,43.91,46.06
2023-07-07,13.47,13.47,46.71,53.07,57.58
2023-07-08,24.84,24.84,38.31,71.55,82.22
2023-07-09,54.87,54.87,79.71,93.18,137.09
2023-07-10,6.61,6.61,61.48,86.32,143.7
2023-07-11,6.34,6.34,12.95,67.82,145.73
2023-07-12,0.62,0.62,6.96,13.57,139.99
2023-07-13,0.0,0.0,0.62,6.96,106.75
2023-07-14,1.12,1.12,1.12,1.74,94.4
2023-07-15,3.35,3.35,4.47,4.47,72.91
2023-07-16,0.16,0.16,3.51,4.63,18.2
2023-07-17,16.0,16.0,16.16,19.51,27.59
2023-07-18,15.15,15.15,31.15,31.31,36.4
2023-07-19,0.0,0.0,15.15,31.15,35.78
2023-07-20,0.0,0.0,0.0,15.15,35.78
2023-07-21,1.78,1.78,1.78,1.78,36.44
2023-07-22,0.13,0.13,1.91,1.91,33.22
2023-07-23,0.0,0.0,0.13,1.91,33.06
2023-07-24,0.0,0.0,0.0,0.13,17.06
2023-07-25,9.58,9.58,9.58,9.58,11.49
2023-07-26,51.51,51.51,61.09,61.09,63.0
2023-07-27,4.03,4.03,55.54,65.12,67.03
2023-07-28,40.04,40.04,44.07,95.58,105.29
2023-07-29,0.74,0.74,40.78,44.81,105.9
2023-07-30,0.0,0.0,0.74,40.78,105.9
2023-07-31,0.0,0.0,0.0,0.74,105.9
2023-08-01,0.07,0.07,0.07,0.07,96.39
2023-08-02,0.09,0.09,0.16,0.16,44.97
2023-08-03,7.77,7.77,7.86,7.93,48.71
2023-08-04,8.48,8.48,16.25,16.34,17.15
2023-08-05,4.14,4.14,12.62,20.39,20.55
2023-08-06,0.13,0.13,4.27,12.75,20.68
2023-08-07,0.0,0.0,0.13,4.27,20.68
2023-08-08,0.07,0.07,0.07,0.2,20.68
2023-08-09,0.0,0.0,0.07,0.07,20.59
2023-08-10,9.46,9.46,9.46,9.53,22.28
2023-08-11,0.0,0.0,9.46,9.46,13.8
2023-08-12,0.0,0.0,0.0,9.46,9.66
2023-08-13,1.19,1.19,1.19,1.19,10.72
2023-08-14,0.0,0.0,1.19,1.19,10.72
2023-08-15,0.14,0.14,0.14,1.33,10.79
2023-08-16,0.0,0.0,0.14,0.14,10.79
2023-08-17,0.0,0.0,0.0,0.14,1.33
2023-08-18,0.94,0.94,0.94,0.94,2.27
2023-08-19,3.03,3.03,3.97,3.97,5.3
2023-08-20,0.0,0.0,3.03,3.97,4.11
2023-08-21,0.26,0.26,0.26,3.29,4.37
2023-08-22,13.57,13.57,13.83,13.83,17.8
2023-08-23,59.59,59.59,73.16,73.42,77.39
2023-08-24,0.11,0.11,59.7,73.27,77.5
2023-08-25,0.0,0.0,0.11,59.7,76.56
2023-08-26,0.0,0.0,0.0,0.11,73.53
2023-08-27,0.0,0.0,0.0,0.0,73.53
2023-08-28,0.0,0.0,0.0,0.0,73.27
2023-08-29,0.0,0.0,0.0,0.0,59.7
2023-08-30,0.0,0.0,0.0,0.0,0.11
2023-08-31,0.0,0.0,0.0,0.0,0.0
2023-09-01,0.0,0.0,0.0,0.0,0.0
2023-09-02,0.0,0.0,0.0,0.0,0.0
2023-09-03,0.0,0.0,0.0,0.0,0.0
2023-09-04,0.0,0.0,0.0,0.0,0.0
2023-09-05,0.0,0.0,0.0,0.0,0.0
2023-09-06,0.2,0.2,0.2,0.2,0.2
2023-09-07,0.0,0.0,0.2,0.2,0.2
2023-09-08,1.04,1.04,1.04,1.24,1.24
2023-09-09,31.1,31.1,32.14,32.14,32.34
2023-09-10,8.82,8.82,39.92,40.96,41.16
2023-09-11,0.0,0.0,8.82,39.92,41.16
2023-09-12,0.0,0.0,0.0,8.82,41.16
2023-09-13,0.0,0.0,0.0,0.0,40.96
2023-09-14,0.97,0.97,0.97,0.97,41.93
2023-09-15,26.4,26.4,27.37,27.37,67.29
2023-09-16,20.18,20.18,46.58,47.55,56.37
2023-09-17,0.73,0.73,20.91,47.31,48.28
2023-09-18,0.0,0.0,0.73,20.91,48.28
2023-09-19,0.0,0.0,0.0,0.73,48.28
2023-09-20,0.0,0.0,0.0,0.0,48.28
2023-09-21,0.28,0.28,0.28,0.28,47.59
2023-09-22,0.0,0.0,0.28,0.28,21.19
2023-09-23,9.01,9.01,9.01,9.29,10.02
2023-09-24,0.16,0.16,9.17,9.17,9.45
2023-09-25,0.0,0.0,0.16,9.17,9.45
2023-09-26,0.0,0.0,0.0,0.16,9.45
2023-09-27,0.0,0.0,0.0,0.0,9.45
2023-09-28,0.0,0.0,0.0,0.0,9.17
2023-09-29,0.0,0.0,0.0,0.0,9.17
2023-09-30,0.0,0.0,0.0,0.0,0.16
2023-10-01,0.0,0.0,0.0,0.0,0.0
2023-10-02,0.0,0.0,0.0,0.0,0.0
2023-10-03,0.0,0.0,0.0,0.0,0.0
2023-10-04,0.0,0.0,0.0,0.0,0.0
2023-10-05,0.0,0.0,0.0,0.0,0.0
2023-10-06,0.0,0.0,0.0,0.0,0.0
2023-10-07,0.0,0.0,0.0,0.0,0.0
2023-10-08,0.0,0.0,0.0,0.0,0.0
2023-10-09,0.0,0.0,0.0,0.0,0.0
2023-10-10,0.0,0.0,0.0,0.0,0.0
2023-10-11,0.0,0.0,0.0,0.0,0.0
2023-10-12,0.0,0.0,0.0,0.0,0.0
2023-10-13,0.0,0.0,0.0,0.0,0.0
2023-10-14,0.0,0.0,0.0,0.0,0.0
2023-10-15,0.0,0.0,0.0,0.0,0.0
2023-10-16,6.67,6.67,6.67,6.67,6.67
2023-10-17,0.93,0.93,7.6,7.6,7.6
2023-10-18,0.0,0.0,0.93,7.6,7.6
2023-10-19,0.0,0.0,0.0,0.93,7.6
2023-10-20,0.0,0.0,0.0,0.0,7.6
2023-10-21,0.0,0.0,0.0,0.0,7.6
2023-10-22,0.0,0.0,0.0,0.0,7.6
2023-10-23,0.0,0.0,0.0,0.0,0.93
2023-10-24,0.0,0.0,0.0,0.0,0.0
2023-10-25,0.0,0.0,0.0,0.0,0.0
2023-10-26,0.0,0.0,0.0,0.0,0.0
2023-10-27,0.0,0.0,0.0,0.0,0.0
2023-10-28,0.0,0.0,0.0,0.0,0.0
2023-10-29,0.0,0.0,0.0,0.0,0.0
2023-10-30,0.0,0.0,0.0,0.0,0.0
2023-10-31,0.0,0.0,0.0,0.0,0.0
2023-11-01,0.0,0.0,0.0,0.0,0.0
2023-11-02,0.0,0.0,0.0,0.0,0.0
2023-11-03,0.0,0.0,0.0,0.0,0.0
2023-11-04,0.0,0.0,0.0,0.0,0.0
2023-11-05,0.0,0.0,0.0,0.0,0.0
2023-11-06,0.0,0.0,0.0,0.0,0.0
2023-11-07,0.0,0.0,0.0,0.0,0.0
2023-11-08,0.0,0.0,0.0,0.0,0.0
2023-11-09,2.3,2.3,2.3,2.3,2.3
2023-11-10,3.4,3.4,5.7,5.7,5.7
2023-11-11,0.0,0.0,3.4,5.7,5.7
2023-11-12,0.0,0.0,0.0,3.4,5.7
2023-11-13,0.0,0.0,0.0,0.0,5.7
2023-11-14,0.0,0.0,0.0,0.0,5.7
2023-11-15,0.0,0.0,0.0,0.0,5.7
2023-11-16,0.0,0.0,0.0,0.0,3.4
2023-11-17,0.0,0.0,0.0,0.0,0.0
2023-11-18,0.0,0.0,0.0,0.0,0.0
2023-11-19,0.0,0.0,0.0,0.0,0.0
2023-11-20,0.0,0.0,0.0,0.0,0.0
2023-11-21,0.0,0.0,0.0,0.0,0.0
2023-11-22,0.0,0.0,0.0,0.0,0.0
2023-11-23,0.0,0.0,0.0,0.0,0.0
2023-11-24,0.0,0.0,0.0,0.0,0.0
2023-11-25,0.0,0.0,0.0,0.0,0.0
2023-11-26,0.38,0.38,0.38,0.38,0.38
2023-11-27,1.5,1.5,1.88,1.88,1.88
2023-11-28,0.49,0.49,1.99,2.37,2.37
2023-11-29,0.0,0.0,0.49,1.99,2.37
2023-11-30,0.0,0.0,0.0,0.49,2.37
2023-12-01,0.0,0.0,0.0,0.0,2.37
2023-12-02,0.0,0.0,0.0,0.0,2.37
2023-12-03,0.57,0.57,0.57,0.57,2.56
2023-12-04,0.0,0.0,0.57,0.57,1.06
2023-12-05,0.0,0.0,0.0,0.57,0.57
2023-12-06,0.0,0.0,0.0,0.0,0.57
2023-12-07,0.0,0.0,0.0,0.0,0.57
2023-12-08,0.0,0.0,0.0,0.0,0.57
2023-12-09,0.0,0.0,0.0,0.0,0.57
2023-12-10,0.0,0.0,0.0,0.0,0.0
2023-12-11,0.0,0.0,0.0,0.0,0.0
2023-12-12,0.0,0.0,0.0,0.0,0.0
2023-12-13,0.0,0.0,0.0,0.0,0.0
2023-12-14,0.0,0.0,0.0,0.0,0.0
2023-12-15,0.0,0.0,0.0,0.0,0.0
2023-12-16,0.0,0.0,0.0,0.0,0.0
2023-12-17,0.0,0.0,0.0,0.0,0.0
2023-12-18,0.0,0.0,0.0,0.0,0.0
2023-12-19,0.0,0.0,0.0,0.0,0.0
2023-12-20,0.0,0.0,0.0,0.0,0.0
2023-12-21,0.0,0.0,0.0,0.0,0.0
2023-12-22,0.0,0.0,0.0,0.0,0.0
2023-12-23,0.0,0.0,0.0,0.0,0.0
2023-12-24,0.0,0.0,0.0,0.0,0.0
2023-12-25,0.0,0.0,0.0,0.0,0.0
2023-12-26,0.0,0.0,0.0,0.0,0.0
2023-12-27,0.0,0.0,0.0,0.0,0.0
2023-12-28,0.0,0.0,0.0,0.0,0.0
2023-12-29,0.0,0.0,0.0,0.0,0.0
2023-12-30,0.1,0.1,0.1,0.1,0.1
2023-12-31,0.0,0.0,0.1,0.1,0.1
2024-01-01,0.0,0.0,0.0,0.1,0.1
2024-01-02,0.0,0.0,0.0,0.0,0.1
2024-01-03,0.0,0.0,0.0,0.0,0.1
2024-01-04,0.0,0.0,0.0,0.0,0.1
2024-01-05,0.0,0.0,0.0,0.0,0.1
2024-01-06,0.0,0.0,0.0,0.0,0.0
2024-01-07,0.0,0.0,0.0,0.0,0.0
2024-01-08,0.0,0.0,0.0,0.0,0.0
2024-01-09,0.0,0.0,0.0,0.0,0.0
2024-01-10,0.0,0.0,0.0,0.0,0.0
2024-01-11,0.0,0.0,0.0,0.0,0.0
2024-01-12,0.0,0.0,0.0,0.0,0.0
2024-01-13,0.0,0.0,0.0,0.0,0.0
2024-01-14,0.0,0.0,0.0,0.0,0.0
2024-01-15,0.0,0.0,0.0,0.0,0.0
2024-01-16,0.0,0.0,0.0,0.0,0.0
2024-01-17,0.0,0.0,0.0,0.0,0.0
2024-01-18,0.0,0.0,0.0,0.0,0.0
2024-01-19,0.0,0.0,0.0,0.0,0.0
2024-01-20,0.0,0.0,0.0,0.0,0.0
2024-01-21,0.0,0.0,0.0,0.0,0.0
2024-01-22,0.0,0.0,0.0,0.0,0.0
2024-01-23,0.0,0.0,0.0,0.0,0.0
2024-01-24,0.0,0.0,0.0,0.0,0.0
2024-01-25,0.9,0.9,0.9,0.9,0.9
2024-01-26,0.0,0.0,0.9,0.9,0.9
2024-01-27,0.0,0.0,0.0,0.9,0.9
2024-01-28,2.24,2.24,2.24,2.24,3.14
2024-01-29,0.0,0.0,2.24,2.24,3.14
2024-01-30,0.0,0.0,0.0,2.24,3.14
2024-01-31,18.54,18.54,18.54,18.54,21.68
2024-02-01,1.27,1.27,19.81,19.81,22.05
2024-02-02,0.0,0.0,1.27,19.81,22.05
2024-02-03,1.44,1.44,1.44,2.71,23.49
2024-02-04,0.16,0.16,1.6,1.6,21.41
2024-02-05,0.0,0.0,0.16,1.6,21.41
2024-02-06,0.09,0.09,0.09,0.25,21.5
2024-02-07,0.04,0.04,0.13,0.13,3.0
2024-02-08,0.0,0.0,0.04,0.13,1.73
2024-02-09,0.0,0.0,0.0,0.04,1.73
2024-02-10,0.0,0.0,0.0,0.0,0.29
2024-02-11,0.0,0.0,0.0,0.0,0.13
2024-02-12,0.38,0.38,0.38,0.38,0.51
2024-02-13,0.25,0.25,0.63,0.63,0.67
2024-02-14,0.0,0.0,0.25,0.63,0.63
2024-02-15,0.0,0.0,0.0,0.25,0.63
2024-02-16,0.0,0.0,0.0,0.0,0.63
2024-02-17,0.0,0.0,0.0,0.0,0.63
2024-02-18,0.24,0.24,0.24,0.24,0.87
2024-02-19,4.51,4.51,4.75,4.75,5.0
2024-02-20,0.0,0.0,4.51,4.75,4.75
2024-02-21,0.0,0.0,0.0,4.51,4.75
2024-02-22,0.0,0.0,0.0,0.0,4.75
2024-02-23,0.0,0.0,0.0,0.0,4.75
2024-02-24,0.0,0.0,0.0,0.0,4.75
2024-02-25,0.18,0.18,0.18,0.18,4.69
2024-02-26,1.46,1.46,1.64,1.64,1.64
2024-02-27,3.6,3.6,5.06,5.24,5.24
2024-02-28,0.0,0.0,3.6,5.06,5.24
2024-02-29,0.0,0.0,0.0,3.6,5.24
2024-03-01,2.71,2.71,2.71,2.71,7.95
2024-03-02,2.4,2.4,5.11,5.11,10.35
2024-03-03,6.73,6.73,9.13,11.84,16.9
2024-03-04,0.0,0.0,6.73,9.13,15.44
2024-03-05,0.03,0.03,0.03,6.76,11.87
2024-03-06,0.02,0.02,0.05,0.05,11.89
2024-03-07,0.0,0.0,0.02,0.05,11.89
2024-03-08,0.0,0.0,0.0,0.02,9.18
2024-03-09,0.0,0.0,0.0,0.0,6.78
2024-03-10,0.0,0.0,0.0,0.0,0.05
2024-03-11,0.0,0.0,0.0,0.0,0.05
2024-03-12,0.0,0.0,0.0,0.0,0.02
2024-03-13,0.23,0.23,0.23,0.23,0.23
2024-03-14,0.0,0.0,0.23,0.23,0.23
2024-03-15,0.0,0.0,0.0,0.23,0.23
2024-03-16,0.0,0.0,0.0,0.0,0.23
2024-03-17,0.05,0.05,0.05,0.05,0.28
2024-03-18,0.0,0.0,0.05,0.05,0.28
2024-03-19,0.0,0.0,0.0,0.05,0.28
2024-03-20,0.0,0.0,0.0,0.0,0.05
2024-03-21,0.0,0.0,0.0,0.0,0.05
2024-03-22,0.0,0.0,0.0,0.0,0.05
2024-03-23,0.0,0.0,0.0,0.0,0.05
2024-03-24,2.51,2.51,2.51,2.51,2.51
2024-03-25,0.0,0.0,2.51,2.51,2.51
2024-03-26,0.0,0.0,0.0,2.51,2.51
2024-03-27,1.39,1.39,1.39,1.39,3.9
2024-03-28,0.05,0.05,1.44,1.44,3.95
2024-03-29,3.89,3.89,3.94,5.33,7.84
2024-03-30,0.0,0.0,3.89,3.94,7.84
2024-03-31,0.0,0.0,0.0,3.89,5.33
2024-04-01,0.0,0.0,0.0,0.0,5.33
2024-04-02,0.0,0.0,0.0,0.0,5.33
2024-04-03,0.0,0.0,0.0,0.0,3.94
2024-04-04,0.0,0.0,0.0,0.0,3.89
2024-04-05,0.03,0.03,0.03,0.03,0.03
2024-04-06,0.0,0.0,0.03,0.03,0.03
2024-04-07,0.0,0.0,0.0,0.03,0.03
2024-04-08,0.0,0.0,0.0,0.0,0.03
2024-04-09,0.0,0.0,0.0,0.0,0.03
2024-04-10,0.0,0.0,0.0,0.0,0.03
2024-04-11,0.0,0.0,0.0,0.0,0.03
2024-04-12,0.0,0.0,0.0,0.0,0.0
2024-04-13,0.64,0.64,0.64,0.64,0.64
2024-04-14,1.4,1.4,2.04,2.04,2.04
2024-04-15,0.12,0.12,1.52,2.16,2.16
2024-04-16,0.0,0.0,0.12,1.52,2.16
2024-04-17,1.52,1.52,1.52,1.64,3.68
2024-04-18,0.23,0.23,1.75,1.75,3.91
2024-04-19,0.0,0.0,0.23,1.75,3.91
2024-04-20,0.0,0.0,0.0,0.23,3.27
2024-04-21,0.16,0.16,0.16,0.16,2.03
2024-04-22,0.59,0.59,0.75,0.75,2.5
2024-04-23,0.28,0.28,0.87,1.03,2.78
2024-04-24,0.0,0.0,0.28,0.87,1.26
2024-04-25,0.0,0.0,0.0,0.28,1.03
2024-04-26,0.31,0.31,0.31,0.31,1.34
2024-04-27,0.0,0.0,0.31,0.31,1.34
2024-04-28,0.0,0.0,0.0,0.31,1.18
2024-04-29,0.0,0.0,0.0,0.0,0.59
2024-04-30,0.0,0.0,0.0,0.0,0.31
2024-05-01,0.0,0.0,0.0,0.0,0.31
2024-05-02,0.0,0.0,0.0,0.0,0.31
2024-05-03,0.89,0.89,0.89,0.89,0.89
2024-05-04,0.16,0.16,1.05,1.05,1.05
2024-05-05,0.0,0.0,0.16,1.05,1.05
2024-05-06,0.0,0.0,0.0,0.16,1.05
2024-05-07,0.0,0.0,0.0,0.0,1.05
2024-05-08,0.0,0.0,0.0,0.0,1.05
2024-05-09,0.0,0.0,0.0,0.0,1.05
2024-05-10,1.03,1.03,1.03,1.03,1.19
2024-05-11,0.08,0.08,1.11,1.11,1.11
2024-05-12,0.05,0.05,0.13,1.16,1.16
2024-05-13,0.27,0.27,0.32,0.4,1.43
2024-05-14,0.0,0.0,0.27,0.32,1.43
2024-05-15,0.0,0.0,0.0,0.27,1.43
2024-05-16,0.0,0.0,0.0,0.0,1.43
2024-05-17,0.0,0.0,0.0,0.0,0.4
2024-05-18,0.0,0.0,0.0,0.0,0.32
2024-05-19,0.0,0.0,0.0,0.0,0.27
2024-05-20,0.0,0.0,0.0,0.0,0.0
2024-05-21,0.0,0.0,0.0,0.0,0.0
2024-05-22,0.0,0.0,0.0,0.0,0.0
2024-05-23,0.0,0.0,0.0,0.0,0.0
2024-05-24,0.0,0.0,0.0,0.0,0.0
2024-05-25,0.0,0.0,0.0,0.0,0.0
2024-05-26,0.0,0.0,0.0,0.0,0.0
2024-05-27,0.0,0.0,0.0,0.0,0.0
2024-05-28,0.0,0.0,0.0,0.0,0.0
2024-05-29,0.83,0.83,0.83,0.83,0.83
2024-05-30,0.0,0.0,0.83,0.83,0.83
2024-05-31,0.0,0.0,0.0,0.83,0.83
2024-06-01,1.22,1.22,1.22,1.22,2.05
2024-06-02,0.0,0.0,1.22,1.22,2.05
2024-06-03,0.12,0.12,0.12,1.34,2.17
2024-06-04,0.05,0.05,0.17,0.17,2.22
2024-06-05,15.35,15.35,15.4,15.52,16.74
2024-06-06,0.0,0.0,15.35,15.4,16.74
2024-06-07,0.0,0.0,0.0,15.35,16.74
2024-06-08,0.0,0.0,0.0,0.0,15.52
2024-06-09,0.0,0.0,0.0,0.0,15.52
2024-06-10,0.0,0.0,0.0,0.0,15.4
2024-06-11,0.0,0.0,0.0,0.0,15.35
2024-06-12,0.0,0.0,0.0,0.0,0.0
2024-06-13,0.0,0.0,0.0,0.0,0.0
2024-06-14,0.0,0.0,0.0,0.0,0.0
2024-06-15,0.0,0.0,0.0,0.0,0.0
2024-06-16,0.0,0.0,0.0,0.0,0.0
2024-06-17,0.0,0.0,0.0,0.0,0.0
2024-06-18,0.0,0.0,0.0,0.0,0.0
2024-06-19,0.0,0.0,0.0,0.0,0.0
2024-06-20,0.43,0.43,0.43,0.43,0.43
2024-06-21,3.12,3.12,3.55,3.55,3.55
2024-06-22,0.24,0.24,3.36,3.79,3.79
2024-06-23,0.77,0.77,1.01,4.13,4.56
2024-06-24,1.83,1.83,2.6,2.84,6.39
2024-06-25,0.1,0.1,1.93,2.7,6.49
2024-06-26,0.61,0.61,0.71,2.54,7.1
2024-06-27,11.0,11.0,11.61,11.71,17.67
2024-06-28,2.48,2.48,13.48,14.09,17.03
2024-06-29,9.6,9.6,12.08,23.08,26.39
2024-06-30,0.04,0.04,9.64,12.12,25.66
2024-07-01,0.11,0.11,0.15,9.75,23.94
2024-07-02,4.53,4.53,4.64,4.68,28.37
2024-07-03,15.67,15.67,20.2,20.31,43.43
2024-07-04,7.76,7.76,23.43,27.96,40.19
2024-07-05,5.05,5.05,12.81,28.48,42.76
2024-07-06,1.57,1.57,6.62,14.38,34.73
2024-07-07,0.23,0.23,1.8,6.85,34.92
2024-07-08,0.0,0.0,0.23,1.8,34.81
2024-07-09,6.16,6.16,6.16,6.39,36.44
2024-07-10,37.91,37.91,44.07,44.07,58.68
2024-07-11,0.0,0.0,37.91,44.07,50.92
2024-07-12,1.55,1.55,1.55,39.46,47.42
2024-07-13,9.95,9.95,11.5,11.5,55.8
2024-07-14,0.0,0.0,9.95,11.5,55.57
2024-07-15,7.35,7.35,7.35,17.3,62.92
2024-07-16,0.0,0.0,7.35,7.35,56.76
2024-07-17,1.91,1.91,1.91,9.26,20.76
2024-07-18,4.41,4.41,6.32,6.32,25.17
2024-07-19,0.58,0.58,4.99,6.9,24.2
2024-07-20,0.0,0.0,0.58,4.99,14.25
2024-07-21,0.0,0.0,0.0,0.58,14.25
2024-07-22,17.29,17.29,17.29,17.29,24.19
2024-07-23,1.68,1.68,18.97,18.97,25.87
2024-07-24,14.98,14.98,16.66,33.95,38.94
2024-07-25,4.94,4.94,19.92,21.6,39.47
2024-07-26,4.3,4.3,9.24,24.22,43.19
2024-07-27,0.49,0.49,4.79,9.73,43.68
2024-07-28,0.81,0.81,1.3,5.6,44.49
2024-07-29,0.0,0.0,0.81,1.3,27.2
2024-07-30,0.0,0.0,0.0,0.81,25.52
2024-07-31,61.69,61.69,61.69,61.69,72.23
2024-08-01,0.1,0.1,61.79,61.79,67.39
2024-08-02,2.88,2.88,2.98,64.67,65.97
2024-08-03,0.0,0.0,2.88,2.98,65.48
2024-08-04,6.3,6.3,6.3,9.18,70.97
2024-08-05,0.0,0.0,6.3,6.3,70.97
2024-08-06,1.04,1.04,1.04,7.34,72.01
2024-08-07,10.61,10.61,11.65,11.65,20.93
2024-08-08,1.91,1.91,12.52,13.56,22.74
2024-08-09,2.29,2.29,4.2,14.81,22.15
2024-08-10,26.75,26.75,29.04,30.95,48.9
2024-08-11,4.01,4.01,30.76,33.05,46.61
2024-08-12,6.58,6.58,10.59,37.34,53.19
2024-08-13,0.0,0.0,6.58,10.59,52.15
2024-08-14,0.11,0.11,0.11,6.69,41.65
2024-08-15,0.0,0.0,0.11,0.11,39.74
2024-08-16,0.49,0.49,0.49,0.6,37.94
2024-08-17,3.32,3.32,3.81,3.81,14.51
2024-08-18,2.76,2.76,6.08,6.57,13.26
2024-08-19,8.86,8.86,11.62,14.94,15.54
2024-08-20,17.86,17.86,26.72,29.48,33.4
2024-08-21,0.0,0.0,17.86,26.72,33.29
2024-08-22,3.52,3.52,3.52,21.38,36.81
2024-08-23,9.71,9.71,13.23,13.23,46.03
2024-08-24,13.28,13.28,22.99,26.51,55.99
2024-08-25,0.0,0.0,13.28,22.99,53.23
2024-08-26,10.29,10.29,10.29,23.57,54.66
2024-08-27,1.91,1.91,12.2,12.2,38.71
2024-08-28,16.47,16.47,18.38,28.67,55.18
2024-08-29,11.49,11.49,27.96,29.87,63.15
2024-08-30,0.0,0.0,11.49,27.96,53.44
2024-08-31,0.0,0.0,0.0,11.49,40.16
2024-09-01,0.0,0.0,0.0,0.0,40.16
2024-09-02,0.43,0.43,0.43,0.43,30.3
2024-09-03,17.44,17.44,17.87,17.87,45.83
2024-09-04,10.95,10.95,28.39,28.82,40.31
2024-09-05,0.73,0.73,11.68,29.12,29.55
2024-09-06,16.77,16.77,17.5,28.45,46.32
2024-09-07,18.14,18.14,34.91,35.64,64.46
2024-09-08,3.41,3.41,21.55,38.32,67.87
2024-09-09,15.71,15.71,19.12,37.26,83.15
2024-09-10,10.58,10.58,26.29,29.7,76.29
2024-09-11,37.62,37.62,48.2,63.91,102.96
2024-09-12,34.4,34.4,72.02,82.6,136.63
2024-09-13,7.23,7.23,41.63,79.25,127.09
2024-09-14,0.16,0.16,7.39,41.79,109.11
2024-09-15,0.0,0.0,0.16,7.39,105.7
2024-09-16,0.0,0.0,0.0,0.16,89.99
2024-09-17,1.56,1.56,1.56,1.56,80.97
2024-09-18,35.97,35.97,37.53,37.53,79.32
2024-09-19,0.0,0.0,35.97,37.53,44.92
2024-09-20,0.0,0.0,0.0,35.97,37.69
2024-09-21,0.0,0.0,0.0,0.0,37.53
2024-09-22,0.0,0.0,0.0,0.0,37.53
2024-09-23,0.0,0.0,0.0,0.0,37.53
2024-09-24,0.0,0.0,0.0,0.0,35.97
2024-09-25,1.01,1.01,1.01,1.01,1.01
2024-09-26,0.0,0.0,1.01,1.01,1.01
2024-09-27,0.0,0.0,0.0,1.01,1.01
2024-09-28,0.0,0.0,0.0,0.0,1.01
2024-09-29,0.0,0.0,0.0,0.0,1.01
2024-09-30,0.0,0.0,0.0,0.0,1.01
2024-10-01,0.0,0.0,0.0,0.0,1.01
2024-10-02,0.0,0.0,0.0,0.0,0.0
2024-10-03,0.0,0.0,0.0,0.0,0.0
2024-10-04,0.0,0.0,0.0,0.0,0.0
2024-10-05,0.0,0.0,0.0,0.0,0.0
2024-10-06,0.0,0.0,0.0,0.0,0.0
2024-10-07,0.0,0.0,0.0,0.0,0.0
2024-10-08,0.0,0.0,0.0,0.0,0.0
2024-10-09,0.0,0.0,0.0,0.0,0.0
2024-10-10,0.0,0.0,0.0,0.0,0.0
2024-10-11,0.0,0.0,0.0,0.0,0.0
2024-10-12,0.0,0.0,0.0,0.0,0.0
2024-10-13,0.0,0.0,0.0,0.0,0.0
2024-10-14,0.0,0.0,0.0,0.0,0.0
2024-10-15,0.0,0.0,0.0,0.0,0.0
2024-10-16,0.17,0.17,0.17,0.17,0.17
2024-10-17,0.0,0.0,0.17,0.17,0.17
2024-10-18,0.0,0.0,0.0,0.17,0.17
2024-10-19,0.0,0.0,0.0,0.0,0.17
2024-10-20,0.0,0.0,0.0,0.0,0.17
2024-10-21,0.0,0.0,0.0,0.0,0.17
2024-10-22,0.0,0.0,0.0,0.0,0.17
2024-10-23,0.0,0.0,0.0,0.0,0.0
2024-10-24,0.0,0.0,0.0,0.0,0.0
2024-10-25,0.0,0.0,0.0,0.0,0.0
2024-10-26,0.0,0.0,0.0,0.0,0.0
2024-10-27,0.0,0.0,0.0,0.0,0.0
2024-10-28,0.0,0.0,0.0,0.0,0.0
2024-10-29,0.0,0.0,0.0,0.0,0.0
2024-10-30,0.0,0.0,0.0,0.0,0.0
2024-10-31,0.0,0.0,0.0,0.0,0.0
2024-11-01,0.0,0.0,0.0,0.0,0.0
2024-11-02,0.0,0.0,0.0,0.0,0.0
2024-11-03,0.0,0.0,0.0,0.0,0.0
2024-11-04,0.0,0.0,0.0,0.0,0.0
2024-11-05,0.0,0.0,0.0,0.0,0.0
2024-11-06,0.0,0.0,0.0,0.0,0.0
2024-11-07,0.0,0.0,0.0,0.0,0.0
2024-11-08,0.0,0.0,0.0,0.0,0.0
2024-11-09,0.0,0.0,0.0,0.0,0.0
2024-11-10,0.0,0.0,0.0,0.0,0.0
2024-11-11,0.0,0.0,0.0,0.0,0.0
2024-11-12,0.0,0.0,0.0,0.0,0.0
2024-11-13,0.0,0.0,0.0,0.0,0.0
2024-11-14,0.0,0.0,0.0,0.0,0.0
2024-11-15,0.0,0.0,0.0,0.0,0.0
2024-11-16,0.0,0.0,0.0,0.0,0.0
2024-11-17,0.0,0.0,0.0,0.0,0.0
2024-11-18,0.0,0.0,0.0,0.0,0.0
2024-11-19,0.0,0.0,0.0,0.0,0.0
2024-11-20,0.0,0.0,0.0,0.0,0.0
2024-11-21,0.0,0.0,0.0,0.0,0.0
2024-11-22,0.0,0.0,0.0,0.0,0.0
2024-11-23,0.0,0.0,0.0,0.0,0.0
2024-11-24,0.0,0.0,0.0,0.0,0.0
2024-11-25,0.0,0.0,0.0,0.0,0.0
2024-11-26,0.0,0.0,0.0,0.0,0.0
2024-11-27,0.0,0.0,0.0,0.0,0.0
2024-11-28,0.0,0.0,0.0,0.0,0.0
2024-11-29,0.0,0.0,0.0,0.0,0.0
2024-11-30,0.0,0.0,0.0,0.0,0.0
2024-12-01,0.0,0.0,0.0,0.0,0.0
2024-12-02,0.0,0.0,0.0,0.0,0.0
2024-12-03,0.0,0.0,0.0,0.0,0.0
2024-12-04,0.0,0.0,0.0,0.0,0.0
2024-12-05,0.0,0.0,0.0,0.0,0.0
2024-12-06,0.0,0.0,0.0,0.0,0.0
2024-12-07,0.0,0.0,0.0,0.0,0.0
2024-12-08,1.18,1.18,1.18,1.18,1.18
2024-12-09,0.0,0.0,1.18,1.18,1.18
2024-12-10,0.0,0.0,0.0,1.18,1.18
2024-12-11,0.0,0.0,0.0,0.0,1.18
2024-12-12,0.0,0.0,0.0,0.0,1.18
2024-12-13,0.0,0.0,0.0,0.0,1.18
2024-12-14,0.0,0.0,0.0,0.0,1.18
2024-12-15,0.0,0.0,0.0,0.0,0.0
2024-12-16,0.0,0.0,0.0,0.0,0.0
2024-12-17,0.0,0.0,0.0,0.0,0.0
2024-12-18,0.0,0.0,0.0,0.0,0.0
2024-12-19,0.0,0.0,0.0,0.0,0.0
2024-12-20,0.0,0.0,0.0,0.0,0.0
2024-12-21,0.0,0.0,0.0,0.0,0.0
2024-12-22,0.0,0.0,0.0,0.0,0.0
2024-12-23,0.37,0.37,0.37,0.37,0.37
2024-12-24,0.0,0.0,0.37,0.37,0.37
2024-12-25,0.0,0.0,0.0,0.37,0.37
2024-12-26,0.58,0.58,0.58,0.58,0.95
2024-12-27,35.43,35.43,36.01,36.01,36.38
2024-12-28,0.02,0.02,35.45,36.03,36.4
2024-12-29,0.0,0.0,0.02,35.45,36.4
2024-12-30,0.0,0.0,0.0,0.02,36.03
2024-12-31,0.0,0.0,0.0,0.0,36.03
2025-01-01,0.0,0.0,0.0,0.0,36.03
2025-01-02,0.0,0.0,0.0,0.0,35.45
2025-01-03,1.1,1.1,1.1,1.1,1.12
2025-01-04,0.0,0.0,1.1,1.1,1.1
2025-01-05,0.0,0.0,0.0,1.1,1.1
2025-01-06,0.42,0.42,0.42,0.42,1.52
2025-01-07,0.0,0.0,0.42,0.42,1.52
2025-01-08,0.0,0.0,0.0,0.42,1.52
2025-01-09,0.0,0.0,0.0,0.0,1.52
2025-01-10,0.0,0.0,0.0,0.0,0.42
2025-01-11,1.23,1.23,1.23,1.23,1.65
2025-01-12,0.0,0.0,1.23,1.23,1.65
2025-01-13,0.0,0.0,0.0,1.23,1.23
2025-01-14,0.0,0.0,0.0,0.0,1.23
2025-01-15,6.47,6.47,6.47,6.47,7.7
2025-01-16,0.88,0.88,7.35,7.35,8.58
2025-01-17,0.0,0.0,0.88,7.35,8.58
2025-01-18,0.0,0.0,0.0,0.88,7.35
2025-01-19,0.0,0.0,0.0,0.0,7.35
2025-01-20,0.0,0.0,0.0,0.0,7.35
2025-01-21,0.0,0.0,0.0,0.0,7.35
2025-01-22,0.12,0.12,0.12,0.12,1.0
2025-01-23,0.0,0.0,0.12,0.12,0.12
2025-01-24,0.0,0.0,0.0,0.12,0.12
2025-01-25,0.0,0.0,0.0,0.0,0.12
2025-01-26,0.0,0.0,0.0,0.0,0.12
2025-01-27,0.0,0.0,0.0,0.0,0.12
2025-01-28,0.0,0.0,0.0,0.0,0.12
2025-01-29,0.0,0.0,0.0,0.0,0.0
2025-01-30,0.0,0.0,0.0,0.0,0.0
2025-01-31,0.0,0.0,0.0,0.0,0.0
2025-02-01,0.0,0.0,0.0,0.0,0.0
2025-02-02,0.0,0.0,0.0,0.0,0.0
2025-02-03,0.2,0.2,0.2,0.2,0.2
2025-02-04,0.27,0.27,0.47,0.47,0.47
2025-02-05,0.0,0.0,0.27,0.47,0.47
2025-02-06,0.0,0.0,0.0,0.27,0.47
2025-02-07,0.0,0.0,0.0,0.0,0.47
2025-02-08,0.0,0.0,0.0,0.0,0.47
2025-02-09,0.0,0.0,0.0,0.0,0.47
2025-02-10,0.0,0.0,0.0,0.0,0.27
2025-02-11,0.0,0.0,0.0,0.0,0.0
2025-02-12,0.0,0.0,0.0,0.0,0.0
2025-02-13,0.0,0.0,0.0,0.0,0.0
2025-02-14,0.0,0.0,0.0,0.0,0.0
2025-02-15,0.0,0.0,0.0,0.0,0.0
2025-02-16,0.0,0.0,0.0,0.0,0.0
2025-02-17,0.21,0.21,0.21,0.21,0.21
2025-02-18,0.02,0.02,0.23,0.23,0.23
2025-02-19,0.89,0.89,0.91,1.12,1.12
2025-02-20,0.01,0.01,0.9,0.92,1.13
2025-02-21,0.0,0.0,0.01,0.9,1.13
2025-02-22,0.0,0.0,0.0,0.01,1.13
2025-02-23,0.0,0.0,0.0,0.0,1.13
2025-02-24,0.0,0.0,0.0,0.0,0.92
2025-02-25,0.28,0.28,0.28,0.28,1.18
2025-02-26,1.23,1.23,1.51,1.51,1.52
2025-02-27,8.77,8.77,10.0,10.28,10.28
2025-02-28,0.82,0.82,9.59,10.82,11.1
2025-03-01,5.13,5.13,5.95,14.72,16.23
2025-03-02,0.0,0.0,5.13,5.95,16.23
2025-03-03,0.0,0.0,0.0,5.13,16.23
2025-03-04,0.0,0.0,0.0,0.0,15.95
2025-03-05,0.0,0.0,0.0,0.0,14.72
2025-03-06,0.0,0.0,0.0,0.0,5.95
2025-03-07,0.0,0.0,0.0,0.0,5.13
2025-03-08,0.0,0.0,0.0,0.0,0.0
2025-03-09,0.0,0.0,0.0,0.0,0.0
2025-03-10,0.31,0.31,0.31,0.31,0.31
2025-03-11,0.0,0.0,0.31,0.31,0.31
2025-03-12,0.15,0.15,0.15,0.46,0.46
2025-03-13,0.02,0.02,0.17,0.17,0.48
2025-03-14,2.17,2.17,2.19,2.34,2.65
2025-03-15,0.0,0.0,2.17,2.19,2.65
2025-03-16,0.0,0.0,0.0,2.17,2.65
2025-03-17,0.0,0.0,0.0,0.0,2.34
2025-03-18,0.0,0.0,0.0,0.0,2.34
2025-03-19,0.0,0.0,0.0,0.0,2.19
2025-03-20,0.0,0.0,0.0,0.0,2.17
2025-03-21,0.0,0.0,0.0,0.0,0.0
2025-03-22,0.0,0.0,0.0,0.0,0.0
2025-03-23,0.0,0.0,0.0,0.0,0.0
2025-03-24,0.0,0.0,0.0,0.0,0.0
2025-03-25,0.0,0.0,0.0,0.0,0.0
2025-03-26,0.0,0.0,0.0,0.0,0.0
2025-03-27,0.0,0.0,0.0,0.0,0.0
2025-03-28,0.0,0.0,0.0,0.0,0.0
2025-03-29,0.0,0.0,0.0,0.0,0.0
2025-03-30,0.0,0.0,0.0,0.0,0.0
2025-03-31,0.0,0.0,0.0,0.0,0.0
2025-04-01,0.0,0.0,0.0,0.0,0.0
2025-04-02,0.0,0.0,0.0,0.0,0.0
2025-04-03,0.0,0.0,0.0,0.0,0.0
2025-04-04,0.0,0.0,0.0,0.0,0.0
2025-04-05,0.0,0.0,0.0,0.0,0.0
2025-04-06,0.0,0.0,0.0,0.0,0.0
2025-04-07,0.0,0.0,0.0,0.0,0.0
2025-04-08,0.0,0.0,0.0,0.0,0.0
2025-04-09,0.0,0.0,0.0,0.0,0.0
2025-04-10,0.83,0.83,0.83,0.83,0.83
2025-04-11,0.58,0.58,1.41,1.41,1.41
2025-04-12,0.0,0.0,0.58,1.41,1.41
2025-04-13,0.0,0.0,0.0,0.58,1.41
2025-04-14,0.0,0.0,0.0,0.0,1.41
2025-04-15,0.0,0.0,0.0,0.0,1.41
2025-04-16,0.0,0.0,0.0,0.0,1.41
2025-04-17,0.0,0.0,0.0,0.0,0.58
2025-04-18,2.67,2.67,2.67,2.67,2.67
2025-04-19,0.0,0.0,2.67,2.67,2.67
2025-04-20,0.0,0.0,0.0,2.67,2.67
2025-04-21,0.0,0.0,0.0,0.0,2.67
2025-04-22,0.0,0.0,0.0,0.0,2.67
2025-04-23,0.0,0.0,0.0,0.0,2.67
2025-04-24,0.0,0.0,0.0,0.0,2.67
2025-04-25,0.0,0.0,0.0,0.0,0.0
2025-04-26,0.01,0.01,0.01,0.01,0.01
2025-04-27,0.0,0.0,0.01,0.01,0.01
2025-04-28,0.0,0.0,0.0,0.01,0.01
2025-04-29,0.0,0.0,0.0,0.0,0.01
2025-04-30,0.0,0.0,0.0,0.0,0.01
2025-05-01,0.61,0.61,0.61,0.61,0.62
2025-05-02,14.61,14.61,15.22,15.22,15.23
2025-05-03,1.39,1.39,16.0,16.61,16.61
2025-05-04,0.9,0.9,2.29,16.9,17.51
2025-05-05,1.2,1.2,2.1,3.49,18.71
2025-05-06,0.0,0.0,1.2,2.1,18.71
2025-05-07,4.69,4.69,4.69,5.89,23.4
2025-05-08,0.6,0.6,5.29,5.29,23.39
2025-05-09,0.0,0.0,0.6,5.29,8.78
2025-05-10,0.14,0.14,0.14,0.74,7.53
2025-05-11,0.44,0.44,0.58,0.58,7.07
2025-05-12,0.19,0.19,0.63,0.77,6.06
2025-05-13,1.11,1.11,1.3,1.74,7.17
2025-05-14,0.0,0.0,1.11,1.3,2.48
2025-05-15,0.0,0.0,0.0,1.11,1.88
2025-05-16,3.21,3.21,3.21,3.21,5.09
2025-05-17,0.67,0.67,3.88,3.88,5.62
2025-05-18,0.0,0.0,0.67,3.88,5.18
2025-05-19,0.0,0.0,0.0,0.67,4.99
2025-05-20,0.0,0.0,0.0,0.0,3.88
2025-05-21,31.8,31.8,31.8,31.8,35.68
2025-05-22,0.58,0.58,32.38,32.38,36.26
2025-05-23,0.0,0.0,0.58,32.38,33.05
2025-05-24,15.21,15.21,15.21,15.79,47.59
2025-05-25,5.59,5.59,20.8,20.8,53.18
2025-05-26,0.14,0.14,5.73,20.94,53.32
2025-05-27,0.0,0.0,0.14,5.73,53.32
2025-05-28,0.0,0.0,0.0,0.14,21.52
2025-05-29,0.97,0.97,0.97,0.97,21.91
2025-05-30,0.77,0.77,1.74,1.74,22.68
2025-05-31,3.94,3.94,4.71,5.68,11.41
2025-06-01,9.69,9.69,13.63,14.4,15.51
2025-06-02,5.55,5.55,15.24,19.18,20.92
2025-06-03,0.13,0.13,5.68,15.37,21.05
2025-06-04,2.9,2.9,3.03,8.58,23.95
2025-06-05,0.0,0.0,2.9,3.03,22.98
2025-06-06,0.0,0.0,0.0,2.9,22.21
2025-06-07,0.0,0.0,0.0,0.0,18.27
2025-06-08,0.0,0.0,0.0,0.0,8.58
2025-06-09,0.0,0.0,0.0,0.0,3.03
2025-06-10,0.0,0.0,0.0,0.0,2.9
2025-06-11,0.0,0.0,0.0,0.0,0.0
2025-06-12,0.0,0.0,0.0,0.0,0.0
2025-06-13,0.0,0.0,0.0,0.0,0.0
2025-06-14,0.11,0.11,0.11,0.11,0.11
2025-06-15,3.13,3.13,3.24,3.24,3.24
2025-06-16,0.83,0.83,3.96,4.07,4.07
2025-06-17,32.87,32.87,33.7,36.83,36.94
2025-06-18,0.19,0.19,33.06,33.89,37.13
2025-06-19,0.62,0.62,0.81,33.68,37.75
2025-06-20,0.07,0.07,0.69,0.88,37.82
2025-06-21,0.0,0.0,0.07,0.69,37.71
2025-06-22,3.54,3.54,3.54,3.61,38.12
2025-06-23,0.1,0.1,3.64,3.64,37.39
2025-06-24,4.62,4.62,4.72,8.26,9.14
2025-06-25,22.19,22.19,26.81,26.91,31.14
2025-06-26,0.0,0.0,22.19,26.81,30.52
2025-06-27,0.0,0.0,0.0,22.19,30.45
2025-06-28,0.52,0.52,0.52,0.52,30.97
2025-06-29,14.14,14.14,14.66,14.66,41.57
2025-06-30,21.88,21.88,36.02,36.54,63.35
2025-07-01,0.0,0.0,21.88,36.02,58.73
2025-07-02,0.0,0.0,0.0,21.88,36.54
2025-07-03,7.03,7.03,7.03,7.03,43.57
2025-07-04,2.07,2.07,9.1,9.1,45.64
2025-07-05,0.14,0.14,2.21,9.24,45.26
2025-07-06,15.69,15.69,15.83,17.9,46.81
2025-07-07,8.94,8.94,24.63,24.77,33.87
2025-07-08,5.51,5.51,14.45,30.14,39.38
2025-07-09,56.73,56.73,62.24,71.18,96.11
2025-07-10,1.39,1.39,58.12,63.63,90.47
2025-07-11,3.57,3.57,4.96,61.69,91.97
2025-07-12,7.41,7.41,10.98,12.37,99.24
2025-07-13,4.83,4.83,12.24,15.81,88.38
2025-07-14,3.49,3.49,8.32,15.73,82.93
2025-07-15,0.18,0.18,3.67,8.5,77.6
2025-07-16,1.26,1.26,1.44,4.93,22.13
2025-07-17,10.16,10.16,11.42,11.6,30.9
2025-07-18,0.8,0.8,10.96,12.22,28.13
2025-07-19,0.0,0.0,0.8,10.96,20.72
2025-07-20,4.12,4.12,4.12,4.92,20.01
2025-07-21,13.59,13.59,17.71,17.71,30.11
2025-07-22,8.73,8.73,22.32,26.44,38.66
2025-07-23,22.33,22.33,31.06,44.65,59.73
2025-07-24,0.01,0.01,22.34,31.07,49.58
2025-07-25,13.6,13.6,13.61,35.94,62.38
2025-07-26,1.26,1.26,14.86,14.87,63.64
2025-07-27,0.0,0.0,1.26,14.86,59.52
2025-07-28,0.0,0.0,0.0,1.26,45.93
2025-07-29,24.82,24.82,24.82,24.82,62.02
2025-07-30,13.78,13.78,38.6,38.6,53.47
2025-07-31,6.62,6.62,20.4,45.22,60.08
2025-08-01,4.21,4.21,10.83,24.61,50.69
2025-08-02,0.99,0.99,5.2,11.82,50.42
2025-08-03,44.09,44.09,45.08,49.29,94.51
2025-08-04,23.48,23.48,67.57,68.56,117.99
2025-08-05,6.16,6.16,29.64,73.73,99.33
2025-08-06,4.23,4.23,10.39,33.87,89.78
2025-08-07,0.0,0.0,4.23,10.39,83.16
2025-08-08,0.85,0.85,0.85,5.08,79.8
2025-08-09,41.53,41.53,42.38,42.38,120.34
2025-08-10,2.08,2.08,43.61,44.46,78.33
2025-08-11,17.21,17.21,19.29,60.82,72.06
2025-08-12,0.47,0.47,17.68,19.76,66.37
2025-08-13,31.0,31.0,31.47,48.68,93.14
2025-08-14,15.38,15.38,46.38,46.85,108.52
2025-08-15,0.07,0.07,15.45,46.45,107.74
2025-08-16,0.11,0.11,0.18,15.56,66.32
2025-08-17,20.92,20.92,21.03,21.1,85.16
2025-08-18,2.27,2.27,23.19,23.3,70.22
2025-08-19,3.61,3.61,5.88,26.8,73.36
2025-08-20,0.0,0.0,3.61,5.88,42.36
2025-08-21,0.0,0.0,0.0,3.61,26.98
2025-08-22,0.13,0.13,0.13,0.13,27.04
2025-08-23,25.62,25.62,25.75,25.75,52.55
2025-08-24,1.25,1.25,26.87,27.0,32.88
2025-08-25,1.5,1.5,2.75,28.37,32.11
2025-08-26,4.86,4.86,6.36,7.61,33.36
2025-08-27,0.0,0.0,4.86,6.36,33.36
2025-08-28,0.11,0.11,0.11,4.97,33.47
2025-08-29,17.65,17.65,17.76,17.76,50.99
2025-08-30,0.05,0.05,17.7,17.81,25.42
2025-08-31,11.64,11.64,11.69,29.34,35.81
2025-09-01,29.73,29.73,41.37,41.42,64.04
2025-09-02,28.71,28.71,58.44,70.08,87.89
2025-09-03,51.6,51.6,80.31,110.04,139.49
2025-09-04,6.04,6.04,57.64,86.35,145.42
2025-09-05,2.82,2.82,8.86,60.46,130.59
2025-09-06,4.37,4.37,7.19,13.23,134.91
2025-09-07,11.47,11.47,15.84,18.66,134.74
2025-09-08,0.01,0.01,11.48,15.85,105.02
2025-09-09,0.0,0.0,0.01,11.48,76.31
2025-09-10,0.0,0.0,0.0,0.01,24.71
2025-09-11,0.0,0.0,0.0,0.0,18.67
2025-09-12,0.0,0.0,0.0,0.0,15.85
2025-09-13,0.0,0.0,0.0,0.0,11.48
2025-09-14,0.0,0.0,0.0,0.0,0.01
2025-09-15,0.0,0.0,0.0,0.0,0.0
2025-09-16,0.0,0.0,0.0,0.0,0.0
2025-09-17,6.79,6.79,6.79,6.79,6.79
2025-09-18,0.0,0.0,6.79,6.79,6.79
2025-09-19,0.0,0.0,0.0,6.79,6.79
2025-09-20,0.0,0.0,0.0,0.0,6.79
2025-09-21,0.0,0.0,0.0,0.0,6.79
2025-09-22,0.0,0.0,0.0,0.0,6.79
2025-09-23,0.0,0.0,0.0,0.0,6.79
2025-09-24,0.0,0.0,0.0,0.0,0.0
2025-09-25,0.0,0.0,0.0,0.0,0.0
2025-09-26,0.0,0.0,0.0,0.0,0.0
2025-09-27,0.0,0.0,0.0,0.0,0.0
2025-09-28,0.0,0.0,0.0,0.0,0.0
2025-09-29,0.0,0.0,0.0,0.0,0.0
2025-09-30,32.93,32.93,32.93,32.93,32.93
2025-10-01,0.0,0.0,32.93,32.93,32.93
2025-10-02,5.36,5.36,5.36,38.29,38.29
2025-10-03,0.0,0.0,5.36,5.36,38.29
2025-10-04,0.0,0.0,0.0,5.36,38.29
2025-10-05,15.33,15.33,15.33,15.33,53.62
2025-10-06,20.71,20.71,36.04,36.04,74.33
2025-10-07,9.6,9.6,30.31,45.64,51.0
2025-10-08,0.0,0.0,9.6,30.31,51.0
2025-10-09,0.0,0.0,0.0,9.6,45.64
2025-10-10,0.0,0.0,0.0,0.0,45.64
2025-10-11,0.0,0.0,0.0,0.0,45.64
2025-10-12,0.0,0.0,0.0,0.0,30.31
2025-10-13,0.0,0.0,0.0,0.0,9.6
2025-10-14,0.0,0.0,0.0,0.0,0.0
2025-10-15,0.0,0.0,0.0,0.0,0.0
2025-10-16,0.0,0.0,0.0,0.0,0.0
2025-10-17,0.0,0.0,0.0,0.0,0.0
2025-10-18,0.0,0.0,0.0,0.0,0.0
2025-10-19,0.0,0.0,0.0,0.0,0.0
2025-10-20,0.0,0.0,0.0,0.0,0.0
2025-10-21,0.0,0.0,0.0,0.0,0.0
2025-10-22,0.0,0.0,0.0,0.0,0.0
2025-10-23,0.0,0.0,0.0,0.0,0.0
2025-10-24,0.0,0.0,0.0,0.0,0.0
2025-10-25,0.0,0.0,0.0,0.0,0.0
2025-10-26,0.0,0.0,0.0,0.0,0.0
2025-10-27,7.06,7.06,7.06,7.06,7.06
2025-10-28,19.13,19.13,26.19,26.19,26.19
2025-10-29,4.95,4.95,24.08,31.14,31.14
2025-10-30,15.88,15.88,20.83,39.96,47.02
2025-10-31,0.0,0.0,15.88,20.83,47.02
2025-11-01,0.0,0.0,0.0,15.88,47.02
2025-11-02,0.0,0.0,0.0,0.0,47.02
2025-11-03,0.0,0.0,0.0,0.0,39.96
2025-11-04,0.0,0.0,0.0,0.0,20.83
2025-11-05,0.0,0.0,0.0,0.0,15.88
2025-11-06,0.0,0.0,0.0,0.0,0.0
2025-11-07,0.0,0.0,0.0,0.0,0.0
2025-11-08,0.0,0.0,0.0,0.0,0.0
2025-11-09,0.0,0.0,0.0,0.0,0.0
2025-11-10,0.0,0.0,0.0,0.0,0.0
2025-11-11,0.0,0.0,0.0,0.0,0.0
2025-11-12,0.0,0.0,0.0,0.0,0.0
2025-11-13,0.0,0.0,0.0,0.0,0.0
2025-11-14,0.0,0.0,0.0,0.0,0.0
2025-11-15,0.0,0.0,0.0,0.0,0.0
2025-11-16,0.0,0.0,0.0,0.0,0.0
2025-11-17,0.0,0.0,0.0,0.0,0.0
2025-11-18,0.0,0.0,0.0,0.0,0.0
2025-11-19,0.0,0.0,0.0,0.0,0.0
2025-11-20,0.0,0.0,0.0,0.0,0.0
2025-11-21,0.0,0.0,0.0,0.0,0.0
2025-11-22,0.0,0.0,0.0,0.0,0.0
2025-11-23,0.0,0.0,0.0,0.0,0.0
2025-11-24,0.0,0.0,0.0,0.0,0.0
2025-11-25,0.0,0.0,0.0,0.0,0.0
2025-11-26,0.0,0.0,0.0,0.0,0.0
2025-11-27,0.0,0.0,0.0,0.0,0.0
2025-11-28,0.0,0.0,0.0,0.0,0.0
2025-11-29,0.0,0.0,0.0,0.0,0.0
2025-11-30,0.0,0.0,0.0,0.0,0.0
2025-12-01,0.0,0.0,0.0,0.0,0.0
2025-12-02,0.0,0.0,0.0,0.0,0.0
2025-12-03,0.0,0.0,0.0,0.0,0.0
2025-12-04,0.0,0.0,0.0,0.0,0.0
2025-12-05,0.0,0.0,0.0,0.0,0.0
2025-12-06,0.0,0.0,0.0,0.0,0.0
2025-12-07,0.0,0.0,0.0,0.0,0.0
2025-12-08,0.0,0.0,0.0,0.0,0.0
2025-12-09,0.0,0.0,0.0,0.0,0.0
2025-12-10,0.0,0.0,0.0,0.0,0.0
2025-12-11,0.0,0.0,0.0,0.0,0.0
2025-12-12,0.0,0.0,0.0,0.0,0.0
2025-12-13,0.0,0.0,0.0,0.0,0.0
2025-12-14,0.0,0.0,0.0,0.0,0.0
2025-12-15,0.0,0.0,0.0,0.0,0.0
2025-12-16,0.0,0.0,0.0,0.0,0.0
2025-12-17,0.0,0.0,0.0,0.0,0.0
2025-12-18,0.0,0.0,0.0,0.0,0.0
2025-12-19,0.0,0.0,0.0,0.0,0.0
2025-12-20,0.0,0.0,0.0,0.0,0.0
2025-12-21,0.0,0.0,0.0,0.0,0.0
2025-12-22,0.0,0.0,0.0,0.0,0.0
2025-12-23,0.0,0.0,0.0,0.0,0.0
2025-12-24,0.0,0.0,0.0,0.0,0.0
2025-12-25,0.0,0.0,0.0,0.0,0.0
2025-12-26,0.0,0.0,0.0,0.0,0.0
2025-12-27,0.0,0.0,0.0,0.0,0.0
2025-12-28,0.0,0.0,0.0,0.0,0.0
2025-12-29,0.0,0.0,0.0,0.0,0.0
2025-12-30,0.0,0.0,0.0,0.0,0.0
2025-12-31,0.0,0.0,0.0,0.0,0.0
2026-01-01,0.0,0.0,0.0,0.0,0.0
2026-01-02,0.0,0.0,0.0,0.0,0.0
2026-01-03,0.0,0.0,0.0,0.0,0.0
2026-01-04,0.0,0.0,0.0,0.0,0.0
2026-01-05,0.0,0.0,0.0,0.0,0.0
2026-01-06,0.0,0.0,0.0,0.0,0.0
2026-01-07,0.0,0.0,0.0,0.0,0.0
2026-01-08,0.0,0.0,0.0,0.0,0.0
2026-01-09,0.0,0.0,0.0,0.0,0.0
2026-01-10,0.0,0.0,0.0,0.0,0.0
2026-01-11,0.0,0.0,0.0,0.0,0.0
2026-01-12,0.0,0.0,0.0,0.0,0.0
2026-01-13,0.0,0.0,0.0,0.0,0.0
2026-01-14,0.0,0.0,0.0,0.0,0.0
2026-01-15,0.0,0.0,0.0,0.0,0.0
2026-01-16,0.0,0.0,0.0,0.0,0.0
2026-01-17,0.0,0.0,0.0,0.0,0.0
2026-01-18,0.0,0.0,0.0,0.0,0.0
2026-01-19,0.0,0.0,0.0,0.0,0.0
2026-01-20,0.0,0.0,0.0,0.0,0.0
2026-01-21,0.0,0.0,0.0,0.0,0.0
2026-01-22,1.2,1.2,1.2,1.2,1.2
2026-01-23,62.99,62.99,64.19,64.19,64.19
2026-01-24,0.0,0.0,62.99,64.19,64.19
2026-01-25,0.0,0.0,0.0,62.99,64.19
2026-01-26,0.0,0.0,0.0,0.0,64.19
2026-01-27,22.75,22.75,22.75,22.75,86.94
2026-01-28,0.0,0.0,22.75,22.75,86.94
2026-01-29,0.0,0.0,0.0,22.75,85.74
2026-01-30,0.0,0.0,0.0,0.0,22.75
2026-01-31,0.5,0.5,0.5,0.5,23.25
2026-02-01,0.58,0.58,1.08,1.08,23.83
2026-02-02,0.0,0.0,0.58,1.08,23.83
2026-02-03,0.0,0.0,0.0,0.58,1.08
2026-02-04,0.0,0.0,0.0,0.0,1.08
2026-02-05,0.0,0.0,0.0,0.0,1.08
2026-02-06,0.0,0.0,0.0,0.0,1.08
2026-02-07,0.0,0.0,0.0,0.0,0.58
2026-02-08,0.0,0.0,0.0,0.0,0.0
2026-02-09,0.0,0.0,0.0,0.0,0.0
2026-02-10,0.0,0.0,0.0,0.0,0.0
2026-02-11,0.0,0.0,0.0,0.0,0.0
2026-02-12,0.0,0.0,0.0,0.0,0.0
2026-02-13,0.0,0.0,0.0,0.0,0.0
2026-02-14,0.0,0.0,0.0,0.0,0.0
2026-02-15,0.0,0.0,0.0,0.0,0.0
2026-02-16,0.0,0.0,0.0,0.0,0.0
2026-02-17,0.24,0.24,0.24,0.24,0.24
2026-02-18,17.39,17.39,17.63,17.63,17.63
2026-02-19,0.0,0.0,17.39,17.63,17.63
2026-02-20,0.0,0.0,0.0,17.39,17.63
2026-02-21,0.0,0.0,0.0,0.0,17.63
2026-02-22,0.0,0.0,0.0,0.0,17.63
2026-02-23,0.0,0.0,0.0,0.0,17.63
2026-02-24,0.0,0.0,0.0,0.0,17.39
2026-02-25,0.0,0.0,0.0,0.0,0.0
2026-02-26,0.0,0.0,0.0,0.0,0.0
2026-02-27,0.0,0.0,0.0,0.0,0.0
2026-02-28,0.0,0.0,0.0,0.0,0.0
2026-03-01,0.0,0.0,0.0,0.0,0.0
2026-03-02,0.0,0.0,0.0,0.0,0.0
2026-03-03,0.0,0.0,0.0,0.0,0.0
2026-03-04,0.0,0.0,0.0,0.0,0.0
2026-03-05,0.0,0.0,0.0,0.0,0.0
2026-03-06,0.0,0.0,0.0,0.0,0.0
2026-03-07,0.0,0.0,0.0,0.0,0.0
2026-03-08,0.0,0.0,0.0,0.0,0.0
2026-03-09,0.0,0.0,0.0,0.0,0.0
2026-03-10,0.0,0.0,0.0,0.0,0.0
2026-03-11,0.0,0.0,0.0,0.0,0.0
2026-03-12,0.0,0.0,0.0,0.0,0.0
2026-03-13,0.04,0.04,0.04,0.04,0.04
2026-03-14,0.75,0.75,0.79,0.79,0.79
2026-03-15,5.57,5.57,6.32,6.36,6.36
2026-03-16,0.0,0.0,5.57,6.32,6.36
2026-03-17,0.97,0.97,0.97,6.54,7.33
2026-03-18,4.46,4.46,5.43,5.43,11.79
2026-03-19,2.46,2.46,6.92,7.89,14.25
2026-03-20,1.8,1.8,4.26,8.72,16.01
2026-03-21,0.04,0.04,1.84,4.3,15.3
2026-03-22,1.9,1.9,1.94,3.74,11.63
2026-03-23,3.38,3.38,5.28,5.32,15.01
2026-03-24,0.0,0.0,3.38,5.28,14.04
2026-03-25,0.0,0.0,0.0,3.38,9.58
2026-03-26,0.03,0.03,0.03,0.03,7.15
2026-03-27,0.1,0.1,0.13,0.13,5.45
2026-03-28,0.0,0.0,0.1,0.13,5.41
2026-03-29,0.06,0.06,0.06,0.16,3.57
2026-03-30,1.28,1.28,1.34,1.34,1.47
2026-03-31,1.51,1.51,2.79,2.85,2.98
2026-04-01,0.0,0.0,1.51,2.79,2.98
2026-04-02,0.18,0.18,0.18,1.69,3.13
2026-04-03,1.29,1.29,1.47,1.47,4.32
2026-04-04,0.05,0.05,1.34,1.52,4.37
2026-04-05,0.09,0.09,0.14,1.43,4.4
2026-04-06,0.0,0.0,0.09,0.14,3.12
2026-04-07,1.77,1.77,1.77,1.86,3.38
2026-04-08,0.13,0.13,1.9,1.9,3.51
2026-04-09,0.0,0.0,0.13,1.9,3.33
2026-04-10,0.0,0.0,0.0,0.13,2.04
2026-04-11,0.04,0.04,0.04,0.04,2.03
2026-04-12,0.0,0.0,0.04,0.04,1.94
2026-04-13,0.0,0.0,0.0,0.04,1.94
2026-04-14,0.0,0.0,0.0,0.0,0.17
2026-04-15,0.0,0.0,0.0,0.0,0.04
2026-04-16,0.0,0.0,0.0,0.0,0.04
2026-04-17,2.9,2.9,2.9,2.9,2.94
2026-04-18,0.0,0.0,2.9,2.9,2.9
2026-04-19,0.0,0.0,0.0,2.9,2.9
2026-04-20,0.0,0.0,0.0,0.0,2.9
2026-04-21,0.0,0.0,0.0,0.0,2.9
2026-04-22,0.0,0.0,0.0,0.0,2.9
2026-04-23,0.0,0.0,0.0,0.0,2.9
2026-04-24,0.0,0.0,0.0,0.0,0.0
2026-04-25,0.0,0.0,0.0,0.0,0.0
2026-04-26,0.0,0.0,0.0,0.0,0.0
2026-04-27,0.18,0.18,0.18,0.18,0.18
2026-04-28,4.52,4.52,4.7,4.7,4.7
2026-04-29,1.14,1.14,5.66,5.84,5.84
2026-04-30,3.14,3.14,4.28,8.8,8.98
2026-05-01,0.0,0.0,3.14,4.28,8.98
2026-05-02,0.0,0.0,0.0,3.14,8.98
2026-05-03,4.02,4.02,4.02,4.02,13.0
2026-05-04,0.14,0.14,4.16,4.16,12.96
2026-05-05,0.92,0.92,1.06,5.08,9.36
2026-05-06,0.76,0.76,1.68,1.82,8.98
2026-05-07,0.0,0.0,0.76,1.68,5.84
2026-05-08,0.0,0.0,0.0,0.76,5.84
2026-05-09,0.0,0.0,0.0,0.0,5.84
2026-05-10,0.0,0.0,0.0,0.0,1.82
2026-05-11,0.0,0.0,0.0,0.0,1.68
2026-05-12,0.0,0.0,0.0,0.0,0.76
2026-05-13,1.27,1.27,1.27,1.27,1.27
2026-05-14,0.56,0.56,1.83,1.83,1.83
2026-05-15,0.0,0.0,0.56,1.83,1.83
2026-05-16,0.0,0.0,0.0,0.56,1.83
2026-05-17,0.0,0.0,0.0,0.0,1.83
2026-05-18,0.0,0.0,0.0,0.0,1.83
2026-05-19,0.0,0.0,0.0,0.0,1.83
2026-05-20,0.0,0.0,0.0,0.0,0.56
2026-05-21,0.0,0.0,0.0,0.0,0.0
2026-05-22,0.0,0.0,0.0,0.0,0.0
2026-05-23,0.0,0.0,0.0,0.0,0.0
2026-05-24,0.0,0.0,0.0,0.0,0.0
2026-05-25,0.0,0.0,0.0,0.0,0.0
2026-05-26,0.0,0.0,0.0,0.0,0.0
2026-05-27,0.0,0.0,0.0,0.0,0.0
2026-05-28,1.66,1.66,1.66,1.66,1.66
2026-05-29,0.19,0.19,1.85,1.85,1.85
2026-05-30,0.25,0.25,0.44,2.1,2.1
2026-05-31,0.51,0.51,0.76,0.95,2.61
2026-06-01,0.0,0.0,0.51,0.76,2.61
2026-06-02,0.0,0.0,0.0,0.51,2.61
2026-06-03,0.0,0.0,0.0,0.0,2.61
2026-06-04,4.14,4.14,4.14,4.14,5.09
2026-06-05,0.0,0.0,4.14,4.14,4.9
2026-06-06,0.0,0.0,0.0,4.14,4.65
2026-06-07,0.12,0.12,0.12,0.12,4.26
2026-06-08,0.0,0.0,0.12,0.12,4.26
2026-06-09,3.41,3.41,3.41,3.53,7.67
2026-06-10,0.66,0.66,4.07,4.07,8.33
2026-06-11,7.84,7.84,8.5,11.91,12.03
2026-06-12,3.34,3.34,11.18,11.84,15.37
2026-06-13,0.0,0.0,3.34,11.18,15.37
2026-06-14,0.03,0.03,0.03,3.37,15.28
2026-06-15,0.64,0.64,0.67,0.67,15.92
2026-06-16,0.0,0.0,0.64,0.67,12.51
2026-06-17,0.0,0.0,0.0,0.64,11.85
2026-06-18,0.0,0.0,0.0,0.0,4.01
2026-06-19,0.0,0.0,0.0,0.0,0.67
2026-06-20,0.0,0.0,0.0,0.0,0.67
2026-06-21,0.0,0.0,0.0,0.0,0.64
2026-06-22,0.0,0.0,0.0,0.0,0.0
2026-06-23,0.0,0.0,0.0,0.0,0.0
2026-06-24,0.0,0.0,0.0,0.0,0.0
2026-06-25,1.6,1.6,1.6,1.6,1.6
2026-06-26,0.12,0.12,1.72,1.72,1.72
2026-06-27,0.0,0.0,0.12,1.72,1.72
2026-06-28,0.0,0.0,0.0,0.12,1.72
2026-06-29,4.77,4.77,4.77,4.77,6.49
2026-06-30,2.41,2.41,7.18,7.18,8.9
2026-07-01,0.07,0.07,2.48,7.25,8.97
2026-07-02,0.11,0.11,0.18,2.59,7.48
2026-07-03,11.73,11.73,11.84,11.91,19.09
2026-07-04,8.81,8.81,20.54,20.65,27.9
2026-07-05,18.12,18.12,26.93,38.66,46.02
2026-07-06,0.0,0.0,18.12,26.93,41.25
2026-07-07,36.77,36.77,36.77,54.89,75.61
2026-07-08,49.52,49.52,86.29,86.29,125.06
2026-07-09,34.03,34.03,83.55,120.32,158.98
2026-07-10,0.08,0.08,34.11,83.63,147.33
2026-07-11,0.0,0.0,0.08,34.11,138.52
2026-07-12,0.0,0.0,0.0,0.08,120.4
2026-07-13,3.13,3.13,3.13,3.13,123.53
2026-07-14,3.12,3.12,6.25,6.25,89.88
2026-07-15,0.0,0.0,3.12,6.25,40.36
2026-07-16,0.04,0.04,0.04,3.16,6.37
2026-07-17,3.87,3.87,3.91,3.91,10.16
2026-07-18,1.02,1.02,4.89,4.93,11.18
2026-07-19,0.93,0.93,1.95,5.82,12.11
2026-07-20,18.58,18.58,19.51,20.53,27.56
2026-07-21,5.68,5.68,24.26,25.19,30.12
2026-07-22,4.59,4.59,10.27,28.85,34.71
2026-07-23,0.0,0.0,4.59,10.27,34.67
2026-07-24,2.78,2.78,2.78,7.37,33.58
2026-07-25,2.0,2.0,4.78,4.78,34.56
2026-07-26,1.33,1.33,3.33,6.11,34.96
2026-07-27,11.03,11.03,12.36,14.36,27.41
2026-07-28,23.48,23.48,34.51,35.84,45.21
2026-07-29,0.66,0.66,24.14,35.17,41.28
2026-07-30,0.91,0.91,1.57,25.05,42.19
2026-07-31,0.33,0.33,1.24,1.9,39.74
2026-08-01,3.07,3.07,3.4,4.31,40.81
2026-08-02,0.79,0.79,3.86,4.19,40.27
2026-08-03,0.71,0.71,1.5,4.57,29.95
2026-08-04,5.31,5.31,6.02,6.81,11.78
2026-08-05,13.91,13.91,19.22,19.93,25.03
2026-08-06,15.06,15.06,28.97,34.28,39.18
2026-08-07,29.04,29.04,44.1,58.01,67.89
2026-08-08,0.84,0.84,29.88,44.94,65.66
2026-08-09,0.0,0.0,0.84,29.88,64.87
2026-08-10,4.49,4.49,4.49,5.33,68.65
2026-08-11,31.03,31.03,35.52,35.52,94.37
2026-08-12,0.0,0.0,31.03,35.52,80.46
2026-08-13,2.84,2.84,2.84,33.87,68.24
2026-08-14,10.82,10.82,13.66,13.66,50.02
2026-08-15,0.0,0.0,10.82,13.66,49.18
2026-08-16,3.83,3.83,3.83,14.65,53.01
2026-08-17,0.23,0.23,4.06,4.06,48.75
2026-08-18,0.65,0.65,0.88,4.71,18.37
2026-08-19,1.01,1.01,1.66,1.89,19.38
2026-08-20,1.79,1.79,2.8,3.45,18.33
2026-08-21,1.7,1.7,3.49,4.5,9.21
2026-08-22,20.57,20.57,22.27,24.06,29.78
2026-08-23,13.88,13.88,34.45,36.15,39.83
2026-08-24,5.24,5.24,19.12,39.69,44.84
2026-08-25,2.69,2.69,7.93,21.81,46.88
2026-08-26,0.64,0.64,3.33,8.57,46.51
2026-08-27,3.21,3.21,3.85,6.54,47.93
2026-08-28,0.02,0.02,3.23,3.87,46.25
2026-08-29,0.02,0.02,0.04,3.25,25.7
2026-08-30,1.23,1.23,1.25,1.27,13.05
2026-08-31,0.0,0.0,1.23,1.25,7.81
2026-09-01,0.91,0.91,0.91,2.14,6.03
2026-09-02,12.95,12.95,13.86,13.86,18.34
2026-09-03,0.25,0.25,13.2,14.11,15.38
