system:index,date,rainfall_mm,.geo
20210101,2021-01-01,0.4221796989440918,"{""type"":""MultiPoint"",""coordinates"":[]}"
20210102,2021-01-02,4.29140031337738,"{""type"":""MultiPoint"",""coordinates"":[]}"
20210103,2021-01-03,4.816630482668671,"{""type"":""MultiPoint"",""coordinates"":[]}"
20210104,2021-01-04,15.77507257451316,"{""type"":""MultiPoint"",""coordinates"":[]}"
20210105,2021-01-05,7.411453127758705,"{""type"":""MultiPoint"",""coordinates"":[]}"
20210106,2021-01-06,0.9675562381730174,"{""type"":""MultiPoint"",""coordinates"":[]}"
20210107,2021-01-07,0.034689903259277344,"{""type"":""MultiPoint"",""coordinates"":[]}"
20210108,2021-01-08,0.049883127207550615,"{""type"":""MultiPoint"",""coordinates"":[]}"
20210109,2021-01-09,0.0017021478697643033,"{""type"":""MultiPoint"",""coordinates"":[]}"
20210110,2021-01-10,0.0013191104244469898,"{""type"":""MultiPoint"",""coordinates"":[]}"
20210111,2021-01-11,0.003570318199308531,"{""type"":""MultiPoint"",""coordinates"":[]}"
20210112,2021-01-12,0.002572633036379557,"{""type"":""MultiPoint"",""coordinates"":[]}"
20210113,2021-01-13,8.52346317969932E-4,"{""type"":""MultiPoint"",""coordinates"":[]}"
20210114,2021-01-14,8.52346317969932E-4,"{""type"":""MultiPoint"",""coordinates"":[]}"
20210115,2021-01-15,0.0,"{""type"":""MultiPoint"",""coordinates"":[]}"
20210116,2021-01-16,0.005155801773071289,"{""type"":""MultiPoint"",""coordinates"":[]}"
20210117,2021-01-17,0.032514333724975586,"{""type"":""MultiPoint"",""coordinates"":[]}"
20210118,2021-01-18,0.07942616929312862,"{""type"":""MultiPoint"",""coordinates"":[]}"
20210119,2021-01-19,0.0,"{""type"":""MultiPoint"",""coordinates"":[]}"
20210120,2021-01-20,0.0,"{""type"":""MultiPoint"",""coordinates"":[]}"
20210121,2021-01-21,0.0,"{""type"":""MultiPoint"",""coordinates"":[]}"
20210122,2021-01-22,0.0,"{""type"":""MultiPoint"",""coordinates"":[]}"
20210123,2021-01-23,0.08230209340354122,"{""type"":""MultiPoint"",""coordinates"":[]}"
20210124,2021-01-24,0.0019371509552001953,"{""type"":""MultiPoint"",""coordinates"":[]}"
20210125,2021-01-25,0.0,"{""type"":""MultiPoint"",""coordinates"":[]}"
20210126,2021-01-26,4.351138045421976E-4,"{""type"":""MultiPoint"",""coordinates"":[]}"
20210127,2021-01-27,4.351138045421976E-4,"{""type"":""MultiPoint"",""coordinates"":[]}"
20210128,2021-01-28,0.0012814997489840607,"{""type"":""MultiPoint"",""coordinates"":[]}"
20210129,2021-01-29,0.0012986694741812244,"{""type"":""MultiPoint"",""coordinates"":[]}"
20210130,2021-01-30,0.001715717246497661,"{""type"":""MultiPoint"",""coordinates"":[]}"
20210131,2021-01-31,4.351138045421976E-4,"{""type"":""MultiPoint"",""coordinates"":[]}"
20210201,2021-02-01,0.0012818524055546732,"{""type"":""MultiPoint"",""coordinates"":[]}"
20210202,2021-02-02,0.0012814997489840607,"{""type"":""MultiPoint"",""coordinates"":[]}"
20210203,2021-02-03,0.006875868109545991,"{""type"":""MultiPoint"",""coordinates"":[]}"
20210204,2021-02-04,13.694614171924968,"{""type"":""MultiPoint"",""coordinates"":[]}"
20210205,2021-02-05,0.012230873039698054,"{""type"":""MultiPoint"",""coordinates"":[]}"
20210206,2021-02-06,0.0012891325695818523,"{""type"":""MultiPoint"",""coordinates"":[]}"
20210207,2021-02-07,0.0012934457913615915,"{""type"":""MultiPoint"",""coordinates"":[]}"
20210208,2021-02-08,8.485461080454115E-4,"{""type"":""MultiPoint"",""coordinates"":[]}"
20210209,2021-02-09,0.0017225742112714215,"{""type"":""MultiPoint"",""coordinates"":[]}"
20210210,2021-02-10,0.0,"{""type"":""MultiPoint"",""coordinates"":[]}"
20210211,2021-02-11,4.261732087229575E-4,"{""type"":""MultiPoint"",""coordinates"":[]}"
20210212,2021-02-12,8.52346317969932E-4,"{""type"":""MultiPoint"",""coordinates"":[]}"
20210213,2021-02-13,8.52346317969932E-4,"{""type"":""MultiPoint"",""coordinates"":[]}"
20210214,2021-02-14,0.0025794424800551496,"{""type"":""MultiPoint"",""coordinates"":[]}"
20210215,2021-02-15,0.036879650679111364,"{""type"":""MultiPoint"",""coordinates"":[]}"
20210216,2021-02-16,0.002372264759742393,"{""type"":""MultiPoint"",""coordinates"":[]}"
20210217,2021-02-17,0.0035226344152761158,"{""type"":""MultiPoint"",""coordinates"":[]}"
20210218,2021-02-18,0.011089444058143272,"{""type"":""MultiPoint"",""coordinates"":[]}"
20210219,2021-02-19,-1.4901161193847656E-5,"{""type"":""MultiPoint"",""coordinates"":[]}"
20210220,2021-02-20,0.0,"{""type"":""MultiPoint"",""coordinates"":[]}"
20210221,2021-02-21,0.0,"{""type"":""MultiPoint"",""coordinates"":[]}"
20210222,2021-02-22,0.0029967990258228383,"{""type"":""MultiPoint"",""coordinates"":[]}"
20210223,2021-02-23,8.523453516318114E-4,"{""type"":""MultiPoint"",""coordinates"":[]}"
20210224,2021-02-24,8.52346317969932E-4,"{""type"":""MultiPoint"",""coordinates"":[]}"
20210225,2021-02-25,0.0,"{""type"":""MultiPoint"",""coordinates"":[]}"
20210226,2021-02-26,0.027421116726600303,"{""type"":""MultiPoint"",""coordinates"":[]}"
20210227,2021-02-27,0.0012884902389487252,"{""type"":""MultiPoint"",""coordinates"":[]}"
20210228,2021-02-28,0.0017046927496267017,"{""type"":""MultiPoint"",""coordinates"":[]}"
20210301,2021-03-01,4.351138045421976E-4,"{""type"":""MultiPoint"",""coordinates"":[]}"
20210302,2021-03-02,0.0,"{""type"":""MultiPoint"",""coordinates"":[]}"
20210303,2021-03-03,0.0,"{""type"":""MultiPoint"",""coordinates"":[]}"
20210304,2021-03-04,4.351138045421976E-4,"{""type"":""MultiPoint"",""coordinates"":[]}"
20210305,2021-03-05,0.0012904405366498395,"{""type"":""MultiPoint"",""coordinates"":[]}"
20210306,2021-03-06,0.0,"{""type"":""MultiPoint"",""coordinates"":[]}"
20210307,2021-03-07,0.0012874602361989673,"{""type"":""MultiPoint"",""coordinates"":[]}"
20210308,2021-03-08,0.012779235838422665,"{""type"":""MultiPoint"",""coordinates"":[]}"
20210309,2021-03-09,0.6530880928039551,"{""type"":""MultiPoint"",""coordinates"":[]}"
20210310,2021-03-10,2.101075649250106,"{""type"":""MultiPoint"",""coordinates"":[]}"
20210311,2021-03-11,0.0017195939676639682,"{""type"":""MultiPoint"",""coordinates"":[]}"
20210312,2021-03-12,1.8124580383300781,"{""type"":""MultiPoint"",""coordinates"":[]}"
20210313,2021-03-13,0.0017212887541973032,"{""type"":""MultiPoint"",""coordinates"":[]}"
20210314,2021-03-14,0.0017180329905386316,"{""type"":""MultiPoint"",""coordinates"":[]}"
20210315,2021-03-15,3.867342002195073E-6,"{""type"":""MultiPoint"",""coordinates"":[]}"
20210316,2021-03-16,0.0,"{""type"":""MultiPoint"",""coordinates"":[]}"
20210317,2021-03-17,0.0013440846942103235,"{""type"":""MultiPoint"",""coordinates"":[]}"
20210318,2021-03-18,0.005173683064185752,"{""type"":""MultiPoint"",""coordinates"":[]}"
20210319,2021-03-19,0.024207852220570203,"{""type"":""MultiPoint"",""coordinates"":[]}"
20210320,2021-03-20,4.351138613856165E-4,"{""type"":""MultiPoint"",""coordinates"":[]}"
20210321,2021-03-21,0.17740428438628442,"{""type"":""MultiPoint"",""coordinates"":[]}"
20210322,2021-03-22,0.5428194999694824,"{""type"":""MultiPoint"",""coordinates"":[]}"
20210323,2021-03-23,0.010135769741737022,"{""type"":""MultiPoint"",""coordinates"":[]}"
20210324,2021-03-24,0.22696256627341427,"{""type"":""MultiPoint"",""coordinates"":[]}"
20210325,2021-03-25,8.553265615773853E-4,"{""type"":""MultiPoint"",""coordinates"":[]}"
20210326,2021-03-26,4.261732051702438E-4,"{""type"":""MultiPoint"",""coordinates"":[]}"
20210327,2021-03-27,0.002575286202954885,"{""type"":""MultiPoint"",""coordinates"":[]}"
20210328,2021-03-28,0.0012806219729100121,"{""type"":""MultiPoint"",""coordinates"":[]}"
20210329,2021-03-29,0.0017092575603783189,"{""type"":""MultiPoint"",""coordinates"":[]}"
20210330,2021-03-30,8.52346317969932E-4,"{""type"":""MultiPoint"",""coordinates"":[]}"
20210331,2021-03-31,0.001707727676603099,"{""type"":""MultiPoint"",""coordinates"":[]}"
20210401,2021-04-01,0.0017010105466397363,"{""type"":""MultiPoint"",""coordinates"":[]}"
20210402,2021-04-02,8.753334554967296E-4,"{""type"":""MultiPoint"",""coordinates"":[]}"
20210403,2021-04-03,0.0017184348735099775,"{""type"":""MultiPoint"",""coordinates"":[]}"
20210404,2021-04-04,0.001277441526781331,"{""type"":""MultiPoint"",""coordinates"":[]}"
20210405,2021-04-05,8.697522275724623E-4,"{""type"":""MultiPoint"",""coordinates"":[]}"
20210406,2021-04-06,0.05342960357523907,"{""type"":""MultiPoint"",""coordinates"":[]}"
20210407,2021-04-07,0.011444091796875,"{""type"":""MultiPoint"",""coordinates"":[]}"
20210408,2021-04-08,0.0,"{""type"":""MultiPoint"",""coordinates"":[]}"
20210409,2021-04-09,0.0,"{""type"":""MultiPoint"",""coordinates"":[]}"
20210410,2021-04-10,0.0,"{""type"":""MultiPoint"",""coordinates"":[]}"
20210411,2021-04-11,4.351138613856165E-4,"{""type"":""MultiPoint"",""coordinates"":[]}"
20210412,2021-04-12,0.13525549076121024,"{""type"":""MultiPoint"",""coordinates"":[]}"
20210413,2021-04-13,0.29138925113514347,"{""type"":""MultiPoint"",""coordinates"":[]}"
20210414,2021-04-14,0.3177404403231776,"{""type"":""MultiPoint"",""coordinates"":[]}"
20210415,2021-04-15,0.03747945015675214,"{""type"":""MultiPoint"",""coordinates"":[]}"
20210416,2021-04-16,0.36749250926959576,"{""type"":""MultiPoint"",""coordinates"":[]}"
20210417,2021-04-17,0.540280342097077,"{""type"":""MultiPoint"",""coordinates"":[]}"
20210418,2021-04-18,0.001806020634376182,"{""type"":""MultiPoint"",""coordinates"":[]}"
20210419,2021-04-19,0.0,"{""type"":""MultiPoint"",""coordinates"":[]}"
20210420,2021-04-20,0.011652708053588867,"{""type"":""MultiPoint"",""coordinates"":[]}"
20210421,2021-04-21,0.2648383378982544,"{""type"":""MultiPoint"",""coordinates"":[]}"
20210422,2021-04-22,0.043530027653559955,"{""type"":""MultiPoint"",""coordinates"":[]}"
20210423,2021-04-23,2.2927661005383015,"{""type"":""MultiPoint"",""coordinates"":[]}"
20210424,2021-04-24,0.0012874602930423862,"{""type"":""MultiPoint"",""coordinates"":[]}"
20210425,2021-04-25,6.581274192285491E-6,"{""type"":""MultiPoint"",""coordinates"":[]}"
20210426,2021-04-26,0.0,"{""type"":""MultiPoint"",""coordinates"":[]}"
20210427,2021-04-27,0.01294844958010799,"{""type"":""MultiPoint"",""coordinates"":[]}"
20210428,2021-04-28,4.351138045421976E-4,"{""type"":""MultiPoint"",""coordinates"":[]}"
20210429,2021-04-29,0.0413745641658636,"{""type"":""MultiPoint"",""coordinates"":[]}"
20210430,2021-04-30,0.2526819704939953,"{""type"":""MultiPoint"",""coordinates"":[]}"
20210501,2021-05-01,1.0167956352233887,"{""type"":""MultiPoint"",""coordinates"":[]}"
20210502,2021-05-02,0.32386183738708496,"{""type"":""MultiPoint"",""coordinates"":[]}"
20210503,2021-05-03,0.2996116876552435,"{""type"":""MultiPoint"",""coordinates"":[]}"
20210504,2021-05-04,0.7239073514888617,"{""type"":""MultiPoint"",""coordinates"":[]}"
20210505,2021-05-05,0.9246796368529431,"{""type"":""MultiPoint"",""coordinates"":[]}"
20210506,2021-05-06,7.44261145581504,"{""type"":""MultiPoint"",""coordinates"":[]}"
20210507,2021-05-07,3.5920083522746893,"{""type"":""MultiPoint"",""coordinates"":[]}"
20210508,2021-05-08,0.005230307579040527,"{""type"":""MultiPoint"",""coordinates"":[]}"
20210509,2021-05-09,2.379879962859377,"{""type"":""MultiPoint"",""coordinates"":[]}"
20210510,2021-05-10,0.38524679263218786,"{""type"":""MultiPoint"",""coordinates"":[]}"
20210511,2021-05-11,2.8575599193345624,"{""type"":""MultiPoint"",""coordinates"":[]}"
20210512,2021-05-12,0.8418768643991825,"{""type"":""MultiPoint"",""coordinates"":[]}"
20210513,2021-05-13,0.8399709892614737,"{""type"":""MultiPoint"",""coordinates"":[]}"
20210514,2021-05-14,0.05395621127490813,"{""type"":""MultiPoint"",""coordinates"":[]}"
20210515,2021-05-15,0.22595836708205752,"{""type"":""MultiPoint"",""coordinates"":[]}"
20210516,2021-05-16,0.0012876660093752434,"{""type"":""MultiPoint"",""coordinates"":[]}"
20210517,2021-05-17,0.0058144329955212015,"{""type"":""MultiPoint"",""coordinates"":[]}"
20210518,2021-05-18,0.5938947201293843,"{""type"":""MultiPoint"",""coordinates"":[]}"
20210519,2021-05-19,47.95753359794119,"{""type"":""MultiPoint"",""coordinates"":[]}"
20210520,2021-05-20,0.35061240191680554,"{""type"":""MultiPoint"",""coordinates"":[]}"
20210521,2021-05-21,0.14315545558929443,"{""type"":""MultiPoint"",""coordinates"":[]}"
20210522,2021-05-22,4.642009735107422,"{""type"":""MultiPoint"",""coordinates"":[]}"
20210523,2021-05-23,1.393646001815796,"{""type"":""MultiPoint"",""coordinates"":[]}"
20210524,2021-05-24,8.587809254834156E-4,"{""type"":""MultiPoint"",""coordinates"":[]}"
20210525,2021-05-25,0.0,"{""type"":""MultiPoint"",""coordinates"":[]}"
20210526,2021-05-26,0.001715063433493924,"{""type"":""MultiPoint"",""coordinates"":[]}"
20210527,2021-05-27,0.0,"{""type"":""MultiPoint"",""coordinates"":[]}"
20210528,2021-05-28,0.0,"{""type"":""MultiPoint"",""coordinates"":[]}"
20210529,2021-05-29,0.005304813385009766,"{""type"":""MultiPoint"",""coordinates"":[]}"
20210530,2021-05-30,0.1321613788149989,"{""type"":""MultiPoint"",""coordinates"":[]}"
20210531,2021-05-31,1.019209623336792,"{""type"":""MultiPoint"",""coordinates"":[]}"
20210601,2021-06-01,0.0766414212307609,"{""type"":""MultiPoint"",""coordinates"":[]}"
20210602,2021-06-02,2.0120739936828613,"{""type"":""MultiPoint"",""coordinates"":[]}"
20210603,2021-06-03,1.9913868513867783,"{""type"":""MultiPoint"",""coordinates"":[]}"
20210604,2021-06-04,0.3758370876312256,"{""type"":""MultiPoint"",""coordinates"":[]}"
20210605,2021-06-05,0.38493573665121517,"{""type"":""MultiPoint"",""coordinates"":[]}"
20210606,2021-06-06,0.531882047656751,"{""type"":""MultiPoint"",""coordinates"":[]}"
20210607,2021-06-07,0.0820159912109375,"{""type"":""MultiPoint"",""coordinates"":[]}"
20210608,2021-06-08,4.351138045421976E-4,"{""type"":""MultiPoint"",""coordinates"":[]}"
20210609,2021-06-09,0.0,"{""type"":""MultiPoint"",""coordinates"":[]}"
20210610,2021-06-10,0.792771577835083,"{""type"":""MultiPoint"",""coordinates"":[]}"
20210611,2021-06-11,0.13774633407592773,"{""type"":""MultiPoint"",""coordinates"":[]}"
20210612,2021-06-12,5.596831440925598,"{""type"":""MultiPoint"",""coordinates"":[]}"
20210613,2021-06-13,2.3737579583098523,"{""type"":""MultiPoint"",""coordinates"":[]}"
20210614,2021-06-14,0.04813075065612793,"{""type"":""MultiPoint"",""coordinates"":[]}"
20210615,2021-06-15,0.7653359550090499,"{""type"":""MultiPoint"",""coordinates"":[]}"
20210616,2021-06-16,22.521632909672462,"{""type"":""MultiPoint"",""coordinates"":[]}"
20210617,2021-06-17,1.5394657850151816,"{""type"":""MultiPoint"",""coordinates"":[]}"
20210618,2021-06-18,1.0482072830200195,"{""type"":""MultiPoint"",""coordinates"":[]}"
20210619,2021-06-19,0.8163178916902325,"{""type"":""MultiPoint"",""coordinates"":[]}"
20210620,2021-06-20,0.7608170121784497,"{""type"":""MultiPoint"",""coordinates"":[]}"
20210621,2021-06-21,0.19666552543640137,"{""type"":""MultiPoint"",""coordinates"":[]}"
20210622,2021-06-22,8.642673492431641E-4,"{""type"":""MultiPoint"",""coordinates"":[]}"
20210623,2021-06-23,0.0012852091799686605,"{""type"":""MultiPoint"",""coordinates"":[]}"
20210624,2021-06-24,0.11198818680213662,"{""type"":""MultiPoint"",""coordinates"":[]}"
20210625,2021-06-25,1.1521193839030275,"{""type"":""MultiPoint"",""coordinates"":[]}"
20210626,2021-06-26,0.02193450927734375,"{""type"":""MultiPoint"",""coordinates"":[]}"
20210627,2021-06-27,0.07437169551849365,"{""type"":""MultiPoint"",""coordinates"":[]}"
20210628,2021-06-28,0.002968311207496299,"{""type"":""MultiPoint"",""coordinates"":[]}"
20210629,2021-06-29,8.583068797918258E-4,"{""type"":""MultiPoint"",""coordinates"":[]}"
20210630,2021-06-30,0.00258088101645626,"{""type"":""MultiPoint"",""coordinates"":[]}"
20210701,2021-07-01,0.0,"{""type"":""MultiPoint"",""coordinates"":[]}"
20210702,2021-07-02,0.04658102989196777,"{""type"":""MultiPoint"",""coordinates"":[]}"
20210703,2021-07-03,0.5718111991086516,"{""type"":""MultiPoint"",""coordinates"":[]}"
20210704,2021-07-04,0.025711053751820145,"{""type"":""MultiPoint"",""coordinates"":[]}"
20210705,2021-07-05,0.04768422593315336,"{""type"":""MultiPoint"",""coordinates"":[]}"
20210706,2021-07-06,0.3216564655303955,"{""type"":""MultiPoint"",""coordinates"":[]}"
20210707,2021-07-07,0.007101893420013994,"{""type"":""MultiPoint"",""coordinates"":[]}"
20210708,2021-07-08,0.05317533651805206,"{""type"":""MultiPoint"",""coordinates"":[]}"
20210709,2021-07-09,0.2882033585365207,"{""type"":""MultiPoint"",""coordinates"":[]}"
20210710,2021-07-10,0.6085067986418835,"{""type"":""MultiPoint"",""coordinates"":[]}"
20210711,2021-07-11,1.9772678612639538,"{""type"":""MultiPoint"",""coordinates"":[]}"
20210712,2021-07-12,2.9844254254385305,"{""type"":""MultiPoint"",""coordinates"":[]}"
20210713,2021-07-13,2.264517292076107,"{""type"":""MultiPoint"",""coordinates"":[]}"
20210714,2021-07-14,10.873756066150264,"{""type"":""MultiPoint"",""coordinates"":[]}"
20210715,2021-07-15,0.481593608753883,"{""type"":""MultiPoint"",""coordinates"":[]}"
20210716,2021-07-16,0.3649294376373291,"{""type"":""MultiPoint"",""coordinates"":[]}"
20210717,2021-07-17,3.122645616429054,"{""type"":""MultiPoint"",""coordinates"":[]}"
20210718,2021-07-18,53.62496972077224,"{""type"":""MultiPoint"",""coordinates"":[]}"
20210719,2021-07-19,128.71474027633667,"{""type"":""MultiPoint"",""coordinates"":[]}"
20210720,2021-07-20,30.108720064163208,"{""type"":""MultiPoint"",""coordinates"":[]}"
20210721,2021-07-21,3.5410076379776,"{""type"":""MultiPoint"",""coordinates"":[]}"
20210722,2021-07-22,3.9005279541015625,"{""type"":""MultiPoint"",""coordinates"":[]}"
20210723,2021-07-23,4.614078998564253,"{""type"":""MultiPoint"",""coordinates"":[]}"
20210724,2021-07-24,1.1721193790386053,"{""type"":""MultiPoint"",""coordinates"":[]}"
20210725,2021-07-25,0.35065035791603805,"{""type"":""MultiPoint"",""coordinates"":[]}"
20210726,2021-07-26,10.797703266138825,"{""type"":""MultiPoint"",""coordinates"":[]}"
20210727,2021-07-27,66.75869226455688,"{""type"":""MultiPoint"",""coordinates"":[]}"
20210728,2021-07-28,18.042150139706337,"{""type"":""MultiPoint"",""coordinates"":[]}"
20210729,2021-07-29,19.014093764383233,"{""type"":""MultiPoint"",""coordinates"":[]}"
20210730,2021-07-30,24.432623386378083,"{""type"":""MultiPoint"",""coordinates"":[]}"
20210731,2021-07-31,5.643279422717029,"{""type"":""MultiPoint"",""coordinates"":[]}"
20210801,2021-08-01,9.712818264915768,"{""type"":""MultiPoint"",""coordinates"":[]}"
20210802,2021-08-02,25.64386431673782,"{""type"":""MultiPoint"",""coordinates"":[]}"
20210803,2021-08-03,0.7429906078186832,"{""type"":""MultiPoint"",""coordinates"":[]}"
20210804,2021-08-04,0.4767775535583496,"{""type"":""MultiPoint"",""coordinates"":[]}"
20210805,2021-08-05,2.9136836528778076,"{""type"":""MultiPoint"",""coordinates"":[]}"
20210806,2021-08-06,0.6574004888193485,"{""type"":""MultiPoint"",""coordinates"":[]}"
20210807,2021-08-07,13.324069976704322,"{""type"":""MultiPoint"",""coordinates"":[]}"
20210808,2021-08-08,6.133599251654687,"{""type"":""MultiPoint"",""coordinates"":[]}"
20210809,2021-08-09,2.6743958514998667,"{""type"":""MultiPoint"",""coordinates"":[]}"
20210810,2021-08-10,0.6298571825027466,"{""type"":""MultiPoint"",""coordinates"":[]}"
20210811,2021-08-11,0.001707026910935383,"{""type"":""MultiPoint"",""coordinates"":[]}"
20210812,2021-08-12,0.01181433702868162,"{""type"":""MultiPoint"",""coordinates"":[]}"
20210813,2021-08-13,0.01472225928722537,"{""type"":""MultiPoint"",""coordinates"":[]}"
20210814,2021-08-14,0.04126315309349593,"{""type"":""MultiPoint"",""coordinates"":[]}"
20210815,2021-08-15,0.01093745231628418,"{""type"":""MultiPoint"",""coordinates"":[]}"
20210816,2021-08-16,0.00814199438536889,"{""type"":""MultiPoint"",""coordinates"":[]}"
20210817,2021-08-17,5.841254164806742E-4,"{""type"":""MultiPoint"",""coordinates"":[]}"
20210818,2021-08-18,0.08020997040603106,"{""type"":""MultiPoint"",""coordinates"":[]}"
20210819,2021-08-19,2.602741305395284,"{""type"":""MultiPoint"",""coordinates"":[]}"
20210820,2021-08-20,16.195712173669108,"{""type"":""MultiPoint"",""coordinates"":[]}"
20210821,2021-08-21,7.053825259106361,"{""type"":""MultiPoint"",""coordinates"":[]}"
20210822,2021-08-22,2.376431226725373,"{""type"":""MultiPoint"",""coordinates"":[]}"
20210823,2021-08-23,1.6112208365370861,"{""type"":""MultiPoint"",""coordinates"":[]}"
20210824,2021-08-24,6.455014563414352,"{""type"":""MultiPoint"",""coordinates"":[]}"
20210825,2021-08-25,0.004609313862147246,"{""type"":""MultiPoint"",""coordinates"":[]}"
20210826,2021-08-26,0.024881958950118133,"{""type"":""MultiPoint"",""coordinates"":[]}"
20210827,2021-08-27,0.001870715607310558,"{""type"":""MultiPoint"",""coordinates"":[]}"
20210828,2021-08-28,0.2901047468135687,"{""type"":""MultiPoint"",""coordinates"":[]}"
20210829,2021-08-29,1.109036447815015,"{""type"":""MultiPoint"",""coordinates"":[]}"
20210830,2021-08-30,1.0481417179057928,"{""type"":""MultiPoint"",""coordinates"":[]}"
20210831,2021-08-31,14.356809854405128,"{""type"":""MultiPoint"",""coordinates"":[]}"
20210901,2021-09-01,16.944977641003334,"{""type"":""MultiPoint"",""coordinates"":[]}"
20210902,2021-09-02,14.632424192086546,"{""type"":""MultiPoint"",""coordinates"":[]}"
20210903,2021-09-03,9.186711178699625,"{""type"":""MultiPoint"",""coordinates"":[]}"
20210904,2021-09-04,3.7029682143838727,"{""type"":""MultiPoint"",""coordinates"":[]}"
20210905,2021-09-05,5.922719836235046,"{""type"":""MultiPoint"",""coordinates"":[]}"
20210906,2021-09-06,1.1620437209671763,"{""type"":""MultiPoint"",""coordinates"":[]}"
20210907,2021-09-07,2.4737119674682617,"{""type"":""MultiPoint"",""coordinates"":[]}"
20210908,2021-09-08,1.7740458249022595,"{""type"":""MultiPoint"",""coordinates"":[]}"
20210909,2021-09-09,8.527157163712218,"{""type"":""MultiPoint"",""coordinates"":[]}"
20210910,2021-09-10,12.98922949547432,"{""type"":""MultiPoint"",""coordinates"":[]}"
20210911,2021-09-11,19.64247226715088,"{""type"":""MultiPoint"",""coordinates"":[]}"
20210912,2021-09-12,3.224104642868042,"{""type"":""MultiPoint"",""coordinates"":[]}"
20210913,2021-09-13,21.662971377338636,"{""type"":""MultiPoint"",""coordinates"":[]}"
20210914,2021-09-14,0.11270046223899044,"{""type"":""MultiPoint"",""coordinates"":[]}"
20210915,2021-09-15,0.018352270103605406,"{""type"":""MultiPoint"",""coordinates"":[]}"
20210916,2021-09-16,8.699426054931791,"{""type"":""MultiPoint"",""coordinates"":[]}"
20210917,2021-09-17,3.1464648498626957,"{""type"":""MultiPoint"",""coordinates"":[]}"
20210918,2021-09-18,0.08162856101989746,"{""type"":""MultiPoint"",""coordinates"":[]}"
20210919,2021-09-19,0.3584451698657176,"{""type"":""MultiPoint"",""coordinates"":[]}"
20210920,2021-09-20,0.19080936908721924,"{""type"":""MultiPoint"",""coordinates"":[]}"
20210921,2021-09-21,7.223773002522194,"{""type"":""MultiPoint"",""coordinates"":[]}"
20210922,2021-09-22,17.759549617665016,"{""type"":""MultiPoint"",""coordinates"":[]}"
20210923,2021-09-23,2.7273297309307054,"{""type"":""MultiPoint"",""coordinates"":[]}"
20210924,2021-09-24,6.520783845246569,"{""type"":""MultiPoint"",""coordinates"":[]}"
20210925,2021-09-25,0.35766027735917305,"{""type"":""MultiPoint"",""coordinates"":[]}"
20210926,2021-09-26,4.250264167694695,"{""type"":""MultiPoint"",""coordinates"":[]}"
20210927,2021-09-27,0.06580352783203125,"{""type"":""MultiPoint"",""coordinates"":[]}"
20210928,2021-09-28,4.587996005909645,"{""type"":""MultiPoint"",""coordinates"":[]}"
20210929,2021-09-29,0.3194757228470735,"{""type"":""MultiPoint"",""coordinates"":[]}"
20210930,2021-09-30,1.042741536991798,"{""type"":""MultiPoint"",""coordinates"":[]}"
20211001,2021-10-01,2.156564593292387,"{""type"":""MultiPoint"",""coordinates"":[]}"
20211002,2021-10-02,1.1025310900620866,"{""type"":""MultiPoint"",""coordinates"":[]}"
20211003,2021-10-03,0.5659773911901311,"{""type"":""MultiPoint"",""coordinates"":[]}"
20211004,2021-10-04,1.8793344497680664,"{""type"":""MultiPoint"",""coordinates"":[]}"
20211005,2021-10-05,1.6982734202315442,"{""type"":""MultiPoint"",""coordinates"":[]}"
20211006,2021-10-06,0.07670819760008385,"{""type"":""MultiPoint"",""coordinates"":[]}"
20211007,2021-10-07,9.685754776000977E-4,"{""type"":""MultiPoint"",""coordinates"":[]}"
20211008,2021-10-08,0.0,"{""type"":""MultiPoint"",""coordinates"":[]}"
20211009,2021-10-09,0.0,"{""type"":""MultiPoint"",""coordinates"":[]}"
20211010,2021-10-10,0.0,"{""type"":""MultiPoint"",""coordinates"":[]}"
20211011,2021-10-11,8.645750426694576E-4,"{""type"":""MultiPoint"",""coordinates"":[]}"
20211012,2021-10-12,8.52346317969932E-4,"{""type"":""MultiPoint"",""coordinates"":[]}"
20211013,2021-10-13,0.0,"{""type"":""MultiPoint"",""coordinates"":[]}"
20211014,2021-10-14,0.0021594590862150653,"{""type"":""MultiPoint"",""coordinates"":[]}"
20211015,2021-10-15,8.52346317969932E-4,"{""type"":""MultiPoint"",""coordinates"":[]}"
20211016,2021-10-16,0.0023245811462402344,"{""type"":""MultiPoint"",""coordinates"":[]}"
20211017,2021-10-17,32.07765221594627,"{""type"":""MultiPoint"",""coordinates"":[]}"
20211018,2021-10-18,35.58624386784004,"{""type"":""MultiPoint"",""coordinates"":[]}"
20211019,2021-10-19,0.0012993812106287805,"{""type"":""MultiPoint"",""coordinates"":[]}"
20211020,2021-10-20,0.0,"{""type"":""MultiPoint"",""coordinates"":[]}"
20211021,2021-10-21,0.0,"{""type"":""MultiPoint"",""coordinates"":[]}"
20211022,2021-10-22,0.0017195939108205494,"{""type"":""MultiPoint"",""coordinates"":[]}"
20211023,2021-10-23,0.0011712312648626266,"{""type"":""MultiPoint"",""coordinates"":[]}"
20211024,2021-10-24,1.8184632062911987,"{""type"":""MultiPoint"",""coordinates"":[]}"
20211025,2021-10-25,0.2784145718237596,"{""type"":""MultiPoint"",""coordinates"":[]}"
20211026,2021-10-26,8.52346317969932E-4,"{""type"":""MultiPoint"",""coordinates"":[]}"
20211027,2021-10-27,8.52346317969932E-4,"{""type"":""MultiPoint"",""coordinates"":[]}"
20211028,2021-10-28,0.0,"{""type"":""MultiPoint"",""coordinates"":[]}"
20211029,2021-10-29,0.0,"{""type"":""MultiPoint"",""coordinates"":[]}"
20211030,2021-10-30,8.52346317969932E-4,"{""type"":""MultiPoint"",""coordinates"":[]}"
20211031,2021-10-31,0.0,"{""type"":""MultiPoint"",""coordinates"":[]}"
20211101,2021-11-01,0.0,"{""type"":""MultiPoint"",""coordinates"":[]}"
20211102,2021-11-02,0.001713645133349928,"{""type"":""MultiPoint"",""coordinates"":[]}"
20211103,2021-11-03,0.0017109309169427434,"{""type"":""MultiPoint"",""coordinates"":[]}"
20211104,2021-11-04,0.004424853955242725,"{""type"":""MultiPoint"",""coordinates"":[]}"
20211105,2021-11-05,8.523463748133508E-4,"{""type"":""MultiPoint"",""coordinates"":[]}"
20211106,2021-11-06,4.261732051702438E-4,"{""type"":""MultiPoint"",""coordinates"":[]}"
20211107,2021-11-07,0.0017203702782353503,"{""type"":""MultiPoint"",""coordinates"":[]}"
20211108,2021-11-08,0.0017093202018259035,"{""type"":""MultiPoint"",""coordinates"":[]}"
20211109,2021-11-09,0.0017069392583834997,"{""type"":""MultiPoint"",""coordinates"":[]}"
20211110,2021-11-10,0.001698316168585734,"{""type"":""MultiPoint"",""coordinates"":[]}"
20211111,2021-11-11,0.0017131405911641195,"{""type"":""MultiPoint"",""coordinates"":[]}"
20211112,2021-11-12,0.0012928152841595875,"{""type"":""MultiPoint"",""coordinates"":[]}"
20211113,2021-11-13,0.0017136334804490616,"{""type"":""MultiPoint"",""coordinates"":[]}"
20211114,2021-11-14,0.001284479992591514,"{""type"":""MultiPoint"",""coordinates"":[]}"
20211115,2021-11-15,4.351138045421976E-4,"{""type"":""MultiPoint"",""coordinates"":[]}"
20211116,2021-11-16,0.0012904405366498395,"{""type"":""MultiPoint"",""coordinates"":[]}"
20211117,2021-11-17,8.52346317969932E-4,"{""type"":""MultiPoint"",""coordinates"":[]}"
20211118,2021-11-18,8.583068797918258E-4,"{""type"":""MultiPoint"",""coordinates"":[]}"
20211119,2021-11-19,8.523463748133508E-4,"{""type"":""MultiPoint"",""coordinates"":[]}"
20211120,2021-11-20,0.0012755393754559918,"{""type"":""MultiPoint"",""coordinates"":[]}"
20211121,2021-11-21,1.3030444279138464E-5,"{""type"":""MultiPoint"",""coordinates"":[]}"
20211122,2021-11-22,0.0021457671550706436,"{""type"":""MultiPoint"",""coordinates"":[]}"
20211123,2021-11-23,8.553266184208042E-4,"{""type"":""MultiPoint"",""coordinates"":[]}"
20211124,2021-11-24,0.0012814997489840607,"{""type"":""MultiPoint"",""coordinates"":[]}"
20211125,2021-11-25,4.380941049930698E-4,"{""type"":""MultiPoint"",""coordinates"":[]}"
20211126,2021-11-26,0.0,"{""type"":""MultiPoint"",""coordinates"":[]}"
20211127,2021-11-27,8.553266184208042E-4,"{""type"":""MultiPoint"",""coordinates"":[]}"
20211128,2021-11-28,0.060722668706603145,"{""type"":""MultiPoint"",""coordinates"":[]}"
20211129,2021-11-29,4.351138045421976E-4,"{""type"":""MultiPoint"",""coordinates"":[]}"
20211130,2021-11-30,0.0017195939676639682,"{""type"":""MultiPoint"",""coordinates"":[]}"
20211201,2021-12-01,8.553265615773853E-4,"{""type"":""MultiPoint"",""coordinates"":[]}"
20211202,2021-12-02,0.4214286803403411,"{""type"":""MultiPoint"",""coordinates"":[]}"
20211203,2021-12-03,0.07632672776480831,"{""type"":""MultiPoint"",""coordinates"":[]}"
20211204,2021-12-04,0.004291533514333423,"{""type"":""MultiPoint"",""coordinates"":[]}"
20211205,2021-12-05,0.5024172814955818,"{""type"":""MultiPoint"",""coordinates"":[]}"
20211206,2021-12-06,0.6912057382351122,"{""type"":""MultiPoint"",""coordinates"":[]}"
20211207,2021-12-07,0.0017238896816706983,"{""type"":""MultiPoint"",""coordinates"":[]}"
20211208,2021-12-08,0.0,"{""type"":""MultiPoint"",""coordinates"":[]}"
20211209,2021-12-09,0.0017239907492694329,"{""type"":""MultiPoint"",""coordinates"":[]}"
20211210,2021-12-10,8.52346317969932E-4,"{""type"":""MultiPoint"",""coordinates"":[]}"
20211211,2021-12-11,0.0012874602930423862,"{""type"":""MultiPoint"",""coordinates"":[]}"
20211212,2021-12-12,0.0,"{""type"":""MultiPoint"",""coordinates"":[]}"
20211213,2021-12-13,8.553266184208042E-4,"{""type"":""MultiPoint"",""coordinates"":[]}"
20211214,2021-12-14,0.0021636485598719446,"{""type"":""MultiPoint"",""coordinates"":[]}"
20211215,2021-12-15,4.410743663640915E-4,"{""type"":""MultiPoint"",""coordinates"":[]}"
20211216,2021-12-16,0.151902437210083,"{""type"":""MultiPoint"",""coordinates"":[]}"
20211217,2021-12-17,4.351138045421976E-4,"{""type"":""MultiPoint"",""coordinates"":[]}"
20211218,2021-12-18,0.0,"{""type"":""MultiPoint"",""coordinates"":[]}"
20211219,2021-12-19,0.0,"{""type"":""MultiPoint"",""coordinates"":[]}"
20211220,2021-12-20,0.0012934207802572928,"{""type"":""MultiPoint"",""coordinates"":[]}"
20211221,2021-12-21,8.583068833445395E-4,"{""type"":""MultiPoint"",""coordinates"":[]}"
20211222,2021-12-22,4.351138045421976E-4,"{""type"":""MultiPoint"",""coordinates"":[]}"
20211223,2021-12-23,0.0,"{""type"":""MultiPoint"",""coordinates"":[]}"
20211224,2021-12-24,8.52346317969932E-4,"{""type"":""MultiPoint"",""coordinates"":[]}"
20211225,2021-12-25,0.0,"{""type"":""MultiPoint"",""coordinates"":[]}"
20211226,2021-12-26,6.683525118717171,"{""type"":""MultiPoint"",""coordinates"":[]}"
20211227,2021-12-27,0.005570378334596171,"{""type"":""MultiPoint"",""coordinates"":[]}"
20211228,2021-12-28,1.6684174537608953,"{""type"":""MultiPoint"",""coordinates"":[]}"
20211229,2021-12-29,0.059311449017940276,"{""type"":""MultiPoint"",""coordinates"":[]}"
20211230,2021-12-30,0.0017151471070064872,"{""type"":""MultiPoint"",""coordinates"":[]}"
20211231,2021-12-31,8.52346317969932E-4,"{""type"":""MultiPoint"",""coordinates"":[]}"
20220101,2022-01-01,0.0017225741544280027,"{""type"":""MultiPoint"",""coordinates"":[]}"
20220102,2022-01-02,0.0,"{""type"":""MultiPoint"",""coordinates"":[]}"
20220103,2022-01-03,0.0016901151980164286,"{""type"":""MultiPoint"",""coordinates"":[]}"
20220104,2022-01-04,8.046627044677734E-4,"{""type"":""MultiPoint"",""coordinates"":[]}"
20220105,2022-01-05,15.35886526107788,"{""type"":""MultiPoint"",""coordinates"":[]}"
20220106,2022-01-06,2.333390712635719,"{""type"":""MultiPoint"",""coordinates"":[]}"
20220107,2022-01-07,0.9853422640730969,"{""type"":""MultiPoint"",""coordinates"":[]}"
20220108,2022-01-08,27.356743812561035,"{""type"":""MultiPoint"",""coordinates"":[]}"
20220109,2022-01-09,13.127854466404187,"{""type"":""MultiPoint"",""coordinates"":[]}"
20220110,2022-01-10,0.013892226888856385,"{""type"":""MultiPoint"",""coordinates"":[]}"
20220111,2022-01-11,0.04669427863746023,"{""type"":""MultiPoint"",""coordinates"":[]}"
20220112,2022-01-12,0.3050118684768677,"{""type"":""MultiPoint"",""coordinates"":[]}"
20220113,2022-01-13,0.39944419893345184,"{""type"":""MultiPoint"",""coordinates"":[]}"
20220114,2022-01-14,0.4134446382408896,"{""type"":""MultiPoint"",""coordinates"":[]}"
20220115,2022-01-15,0.0015107358990462671,"{""type"":""MultiPoint"",""coordinates"":[]}"
20220116,2022-01-16,0.09094178676605225,"{""type"":""MultiPoint"",""coordinates"":[]}"
20220117,2022-01-17,0.03295571241324069,"{""type"":""MultiPoint"",""coordinates"":[]}"
20220118,2022-01-18,0.0012878651318715129,"{""type"":""MultiPoint"",""coordinates"":[]}"
20220119,2022-01-19,0.09018182754516602,"{""type"":""MultiPoint"",""coordinates"":[]}"
20220120,2022-01-20,0.5379855632732244,"{""type"":""MultiPoint"",""coordinates"":[]}"
20220121,2022-01-21,1.2370950092304156,"{""type"":""MultiPoint"",""coordinates"":[]}"
20220122,2022-01-22,15.891396999336393,"{""type"":""MultiPoint"",""coordinates"":[]}"
20220123,2022-01-23,4.980534315109253,"{""type"":""MultiPoint"",""coordinates"":[]}"
20220124,2022-01-24,0.5121886728147729,"{""type"":""MultiPoint"",""coordinates"":[]}"
20220125,2022-01-25,0.011700391667091026,"{""type"":""MultiPoint"",""coordinates"":[]}"
20220126,2022-01-26,0.08192658424377441,"{""type"":""MultiPoint"",""coordinates"":[]}"
20220127,2022-01-27,0.009878940147700632,"{""type"":""MultiPoint"",""coordinates"":[]}"
20220128,2022-01-28,4.3671061078498496E-4,"{""type"":""MultiPoint"",""coordinates"":[]}"
20220129,2022-01-29,0.0012814998058274796,"{""type"":""MultiPoint"",""coordinates"":[]}"
20220130,2022-01-30,4.351138045421976E-4,"{""type"":""MultiPoint"",""coordinates"":[]}"
20220131,2022-01-31,0.0017285328794969246,"{""type"":""MultiPoint"",""coordinates"":[]}"
20220201,2022-02-01,0.01015067090293087,"{""type"":""MultiPoint"",""coordinates"":[]}"
20220202,2022-02-02,0.05240738391876221,"{""type"":""MultiPoint"",""coordinates"":[]}"
20220203,2022-02-03,33.36755335330466,"{""type"":""MultiPoint"",""coordinates"":[]}"
20220204,2022-02-04,0.8222877979164878,"{""type"":""MultiPoint"",""coordinates"":[]}"
20220205,2022-02-05,8.52346317969932E-4,"{""type"":""MultiPoint"",""coordinates"":[]}"
20220206,2022-02-06,0.004775237357534934,"{""type"":""MultiPoint"",""coordinates"":[]}"
20220207,2022-02-07,8.434732876594353E-4,"{""type"":""MultiPoint"",""coordinates"":[]}"
20220208,2022-02-08,1.4247179030917323,"{""type"":""MultiPoint"",""coordinates"":[]}"
20220209,2022-02-09,13.019356786571734,"{""type"":""MultiPoint"",""coordinates"":[]}"
20220210,2022-02-10,0.033167004762191254,"{""type"":""MultiPoint"",""coordinates"":[]}"
20220211,2022-02-11,0.0,"{""type"":""MultiPoint"",""coordinates"":[]}"
20220212,2022-02-12,0.0,"{""type"":""MultiPoint"",""coordinates"":[]}"
20220213,2022-02-13,0.002573267693151138,"{""type"":""MultiPoint"",""coordinates"":[]}"
20220214,2022-02-14,0.002570480319263879,"{""type"":""MultiPoint"",""coordinates"":[]}"
20220215,2022-02-15,8.634974619781133E-4,"{""type"":""MultiPoint"",""coordinates"":[]}"
20220216,2022-02-16,0.0,"{""type"":""MultiPoint"",""coordinates"":[]}"
20220217,2022-02-17,0.0,"{""type"":""MultiPoint"",""coordinates"":[]}"
20220218,2022-02-18,0.0,"{""type"":""MultiPoint"",""coordinates"":[]}"
20220219,2022-02-19,8.615441338122309E-4,"{""type"":""MultiPoint"",""coordinates"":[]}"
20220220,2022-02-20,4.351138045421976E-4,"{""type"":""MultiPoint"",""coordinates"":[]}"
20220221,2022-02-21,0.0,"{""type"":""MultiPoint"",""coordinates"":[]}"
20220222,2022-02-22,0.001724633477806492,"{""type"":""MultiPoint"",""coordinates"":[]}"
20220223,2022-02-23,8.70227722771233E-4,"{""type"":""MultiPoint"",""coordinates"":[]}"
20220224,2022-02-24,0.3764927387237549,"{""type"":""MultiPoint"",""coordinates"":[]}"
20220225,2022-02-25,2.1103203295638195,"{""type"":""MultiPoint"",""coordinates"":[]}"
20220226,2022-02-26,0.929969549076759,"{""type"":""MultiPoint"",""coordinates"":[]}"
20220227,2022-02-27,0.03175735463400997,"{""type"":""MultiPoint"",""coordinates"":[]}"
20220228,2022-02-28,0.0013321637766239292,"{""type"":""MultiPoint"",""coordinates"":[]}"
20220301,2022-03-01,-1.4901161193847656E-5,"{""type"":""MultiPoint"",""coordinates"":[]}"
20220302,2022-03-02,8.612870487922919E-4,"{""type"":""MultiPoint"",""coordinates"":[]}"
20220303,2022-03-03,1.9023507818474172,"{""type"":""MultiPoint"",""coordinates"":[]}"
20220304,2022-03-04,0.027483701671826566,"{""type"":""MultiPoint"",""coordinates"":[]}"
20220305,2022-03-05,0.0017225742112714215,"{""type"":""MultiPoint"",""coordinates"":[]}"
20220306,2022-03-06,0.004288553100195713,"{""type"":""MultiPoint"",""coordinates"":[]}"
20220307,2022-03-07,0.002157688072657038,"{""type"":""MultiPoint"",""coordinates"":[]}"
20220308,2022-03-08,0.0,"{""type"":""MultiPoint"",""coordinates"":[]}"
20220309,2022-03-09,0.002152343142824975,"{""type"":""MultiPoint"",""coordinates"":[]}"
20220310,2022-03-10,8.52346317969932E-4,"{""type"":""MultiPoint"",""coordinates"":[]}"
20220311,2022-03-11,8.583068833445395E-4,"{""type"":""MultiPoint"",""coordinates"":[]}"
20220312,2022-03-12,8.665701329846343E-4,"{""type"":""MultiPoint"",""coordinates"":[]}"
20220313,2022-03-13,4.351138045421976E-4,"{""type"":""MultiPoint"",""coordinates"":[]}"
20220314,2022-03-14,0.0017256346040994686,"{""type"":""MultiPoint"",""coordinates"":[]}"
20220315,2022-03-15,0.0,"{""type"":""MultiPoint"",""coordinates"":[]}"
20220316,2022-03-16,4.351138045421976E-4,"{""type"":""MultiPoint"",""coordinates"":[]}"
20220317,2022-03-17,8.612870487922919E-4,"{""type"":""MultiPoint"",""coordinates"":[]}"
20220318,2022-03-18,0.0,"{""type"":""MultiPoint"",""coordinates"":[]}"
20220319,2022-03-19,8.52346317969932E-4,"{""type"":""MultiPoint"",""coordinates"":[]}"
20220320,2022-03-20,0.01764365424605785,"{""type"":""MultiPoint"",""coordinates"":[]}"
20220321,2022-03-21,8.603078072155768E-4,"{""type"":""MultiPoint"",""coordinates"":[]}"
20220322,2022-03-22,4.351138045421976E-4,"{""type"":""MultiPoint"",""coordinates"":[]}"
20220323,2022-03-23,0.0017195939108205494,"{""type"":""MultiPoint"",""coordinates"":[]}"
20220324,2022-03-24,0.0017252261841349537,"{""type"":""MultiPoint"",""coordinates"":[]}"
20220325,2022-03-25,0.001700730479115009,"{""type"":""MultiPoint"",""coordinates"":[]}"
20220326,2022-03-26,0.0,"{""type"":""MultiPoint"",""coordinates"":[]}"
20220327,2022-03-27,0.0021338461806408304,"{""type"":""MultiPoint"",""coordinates"":[]}"
20220328,2022-03-28,0.0,"{""type"":""MultiPoint"",""coordinates"":[]}"
20220329,2022-03-29,8.583068797918258E-4,"{""type"":""MultiPoint"",""coordinates"":[]}"
20220330,2022-03-30,0.0,"{""type"":""MultiPoint"",""coordinates"":[]}"
20220331,2022-03-31,0.0,"{""type"":""MultiPoint"",""coordinates"":[]}"
20220401,2022-04-01,0.0025771948344299744,"{""type"":""MultiPoint"",""coordinates"":[]}"
20220402,2022-04-02,0.0012965458040525846,"{""type"":""MultiPoint"",""coordinates"":[]}"
20220403,2022-04-03,8.52346317969932E-4,"{""type"":""MultiPoint"",""coordinates"":[]}"
20220404,2022-04-04,0.0017285328794969246,"{""type"":""MultiPoint"",""coordinates"":[]}"
20220405,2022-04-05,0.0017136334804490616,"{""type"":""MultiPoint"",""coordinates"":[]}"
20220406,2022-04-06,0.00301281619385918,"{""type"":""MultiPoint"",""coordinates"":[]}"
20220407,2022-04-07,4.4321253156454077E-4,"{""type"":""MultiPoint"",""coordinates"":[]}"
20220408,2022-04-08,0.0,"{""type"":""MultiPoint"",""coordinates"":[]}"
20220409,2022-04-09,0.0,"{""type"":""MultiPoint"",""coordinates"":[]}"
20220410,2022-04-10,0.0,"{""type"":""MultiPoint"",""coordinates"":[]}"
20220411,2022-04-11,8.523463748133508E-4,"{""type"":""MultiPoint"",""coordinates"":[]}"
20220412,2022-04-12,0.001703286557130923,"{""type"":""MultiPoint"",""coordinates"":[]}"
20220413,2022-04-13,0.0,"{""type"":""MultiPoint"",""coordinates"":[]}"
20220414,2022-04-14,2.48757004737854,"{""type"":""MultiPoint"",""coordinates"":[]}"
20220415,2022-04-15,0.3543123296481099,"{""type"":""MultiPoint"",""coordinates"":[]}"
20220416,2022-04-16,8.404254003835376E-4,"{""type"":""MultiPoint"",""coordinates"":[]}"
20220417,2022-04-17,8.52346317969932E-4,"{""type"":""MultiPoint"",""coordinates"":[]}"
20220418,2022-04-18,0.04315674294730343,"{""type"":""MultiPoint"",""coordinates"":[]}"
20220419,2022-04-19,0.011685490505897178,"{""type"":""MultiPoint"",""coordinates"":[]}"
20220420,2022-04-20,8.523463748133508E-4,"{""type"":""MultiPoint"",""coordinates"":[]}"
20220421,2022-04-21,0.42009364165096486,"{""type"":""MultiPoint"",""coordinates"":[]}"
20220422,2022-04-22,0.003571794135126538,"{""type"":""MultiPoint"",""coordinates"":[]}"
20220423,2022-04-23,8.52346317969932E-4,"{""type"":""MultiPoint"",""coordinates"":[]}"
20220424,2022-04-24,5.6843418860808015E-11,"{""type"":""MultiPoint"",""coordinates"":[]}"
20220425,2022-04-25,0.6419450043608776,"{""type"":""MultiPoint"",""coordinates"":[]}"
20220426,2022-04-26,0.0025581157387932763,"{""type"":""MultiPoint"",""coordinates"":[]}"
20220427,2022-04-27,0.0012874602930423862,"{""type"":""MultiPoint"",""coordinates"":[]}"
20220428,2022-04-28,8.642673492431641E-4,"{""type"":""MultiPoint"",""coordinates"":[]}"
20220429,2022-04-29,8.52346317969932E-4,"{""type"":""MultiPoint"",""coordinates"":[]}"
20220430,2022-04-30,0.02210140218039669,"{""type"":""MultiPoint"",""coordinates"":[]}"
20220501,2022-05-01,1.9077390432471475,"{""type"":""MultiPoint"",""coordinates"":[]}"
20220502,2022-05-02,0.0,"{""type"":""MultiPoint"",""coordinates"":[]}"
20220503,2022-05-03,0.9690523147583008,"{""type"":""MultiPoint"",""coordinates"":[]}"
20220504,2022-05-04,2.350296308396338,"{""type"":""MultiPoint"",""coordinates"":[]}"
20220505,2022-05-05,0.043374299934839655,"{""type"":""MultiPoint"",""coordinates"":[]}"
20220506,2022-05-06,2.682209014892578E-4,"{""type"":""MultiPoint"",""coordinates"":[]}"
20220507,2022-05-07,0.0,"{""type"":""MultiPoint"",""coordinates"":[]}"
20220508,2022-05-08,0.0017106532936850272,"{""type"":""MultiPoint"",""coordinates"":[]}"
20220509,2022-05-09,0.01865923394461788,"{""type"":""MultiPoint"",""coordinates"":[]}"
20220510,2022-05-10,0.016683340067658037,"{""type"":""MultiPoint"",""coordinates"":[]}"
20220511,2022-05-11,0.01922547812682751,"{""type"":""MultiPoint"",""coordinates"":[]}"
20220512,2022-05-12,0.0,"{""type"":""MultiPoint"",""coordinates"":[]}"
20220513,2022-05-13,8.52346317969932E-4,"{""type"":""MultiPoint"",""coordinates"":[]}"
20220514,2022-05-14,0.0017195939108205494,"{""type"":""MultiPoint"",""coordinates"":[]}"
20220515,2022-05-15,4.351138613856165E-4,"{""type"":""MultiPoint"",""coordinates"":[]}"
20220516,2022-05-16,0.0012904404798064206,"{""type"":""MultiPoint"",""coordinates"":[]}"
20220517,2022-05-17,2.0717978477478027,"{""type"":""MultiPoint"",""coordinates"":[]}"
20220518,2022-05-18,2.2096812724043957,"{""type"":""MultiPoint"",""coordinates"":[]}"
20220519,2022-05-19,0.0,"{""type"":""MultiPoint"",""coordinates"":[]}"
20220520,2022-05-20,0.2828240394592285,"{""type"":""MultiPoint"",""coordinates"":[]}"
20220521,2022-05-21,0.2456575631413216,"{""type"":""MultiPoint"",""coordinates"":[]}"
20220522,2022-05-22,0.021699070828162803,"{""type"":""MultiPoint"",""coordinates"":[]}"
20220523,2022-05-23,11.092916130962749,"{""type"":""MultiPoint"",""coordinates"":[]}"
20220524,2022-05-24,16.04015231083622,"{""type"":""MultiPoint"",""coordinates"":[]}"
20220525,2022-05-25,0.23883879174491085,"{""type"":""MultiPoint"",""coordinates"":[]}"
20220526,2022-05-26,4.410743663640915E-4,"{""type"":""MultiPoint"",""coordinates"":[]}"
20220527,2022-05-27,0.0,"{""type"":""MultiPoint"",""coordinates"":[]}"
20220528,2022-05-28,0.05103945721884884,"{""type"":""MultiPoint"",""coordinates"":[]}"
20220529,2022-05-29,0.0012895953318547981,"{""type"":""MultiPoint"",""coordinates"":[]}"
20220530,2022-05-30,0.0012785216654265241,"{""type"":""MultiPoint"",""coordinates"":[]}"
20220531,2022-05-31,1.0899384506046772E-5,"{""type"":""MultiPoint"",""coordinates"":[]}"
20220601,2022-06-01,0.0,"{""type"":""MultiPoint"",""coordinates"":[]}"
20220602,2022-06-02,0.05049407481649837,"{""type"":""MultiPoint"",""coordinates"":[]}"
20220603,2022-06-03,8.583068797918258E-4,"{""type"":""MultiPoint"",""coordinates"":[]}"
20220604,2022-06-04,0.0017126836837633164,"{""type"":""MultiPoint"",""coordinates"":[]}"
20220605,2022-06-05,8.523463748133508E-4,"{""type"":""MultiPoint"",""coordinates"":[]}"
20220606,2022-06-06,4.351138045421976E-4,"{""type"":""MultiPoint"",""coordinates"":[]}"
20220607,2022-06-07,4.351138045421976E-4,"{""type"":""MultiPoint"",""coordinates"":[]}"
20220608,2022-06-08,8.523463748133508E-4,"{""type"":""MultiPoint"",""coordinates"":[]}"
20220609,2022-06-09,0.0017266024769924115,"{""type"":""MultiPoint"",""coordinates"":[]}"
20220610,2022-06-10,8.631237733425223E-4,"{""type"":""MultiPoint"",""coordinates"":[]}"
20220611,2022-06-11,0.006612227366531442,"{""type"":""MultiPoint"",""coordinates"":[]}"
20220612,2022-06-12,4.5299464090930996E-4,"{""type"":""MultiPoint"",""coordinates"":[]}"
20220613,2022-06-13,4.261732051702438E-4,"{""type"":""MultiPoint"",""coordinates"":[]}"
20220614,2022-06-14,0.0017195939108205494,"{""type"":""MultiPoint"",""coordinates"":[]}"
20220615,2022-06-15,0.003236532165828976,"{""type"":""MultiPoint"",""coordinates"":[]}"
20220616,2022-06-16,0.11488795280456543,"{""type"":""MultiPoint"",""coordinates"":[]}"
20220617,2022-06-17,1.559084653820264,"{""type"":""MultiPoint"",""coordinates"":[]}"
20220618,2022-06-18,1.6555467244643296,"{""type"":""MultiPoint"",""coordinates"":[]}"
20220619,2022-06-19,0.3596757131845152,"{""type"":""MultiPoint"",""coordinates"":[]}"
20220620,2022-06-20,0.22877752780914307,"{""type"":""MultiPoint"",""coordinates"":[]}"
20220621,2022-06-21,0.5291551351547241,"{""type"":""MultiPoint"",""coordinates"":[]}"
20220622,2022-06-22,1.3575792312572332,"{""type"":""MultiPoint"",""coordinates"":[]}"
20220623,2022-06-23,8.583068797918258E-4,"{""type"":""MultiPoint"",""coordinates"":[]}"
20220624,2022-06-24,0.001732242481011781,"{""type"":""MultiPoint"",""coordinates"":[]}"
20220625,2022-06-25,0.0021517276422855502,"{""type"":""MultiPoint"",""coordinates"":[]}"
20220626,2022-06-26,0.01521408546523162,"{""type"":""MultiPoint"",""coordinates"":[]}"
20220627,2022-06-27,0.05396604537466487,"{""type"":""MultiPoint"",""coordinates"":[]}"
20220628,2022-06-28,0.05390048022491101,"{""type"":""MultiPoint"",""coordinates"":[]}"
20220629,2022-06-29,2.5981873272939993,"{""type"":""MultiPoint"",""coordinates"":[]}"
20220630,2022-06-30,70.28363645076752,"{""type"":""MultiPoint"",""coordinates"":[]}"
20220701,2022-07-01,2.3688901225682457,"{""type"":""MultiPoint"",""coordinates"":[]}"
20220702,2022-07-02,12.024015188217163,"{""type"":""MultiPoint"",""coordinates"":[]}"
20220703,2022-07-03,2.0383477209975354,"{""type"":""MultiPoint"",""coordinates"":[]}"
20220704,2022-07-04,1.7031371593425604,"{""type"":""MultiPoint"",""coordinates"":[]}"
20220705,2022-07-05,3.029962878997594,"{""type"":""MultiPoint"",""coordinates"":[]}"
20220706,2022-07-06,3.6206424235274426,"{""type"":""MultiPoint"",""coordinates"":[]}"
20220707,2022-07-07,0.9206637805050377,"{""type"":""MultiPoint"",""coordinates"":[]}"
20220708,2022-07-08,0.7440224354482439,"{""type"":""MultiPoint"",""coordinates"":[]}"
20220709,2022-07-09,6.712616587833509,"{""type"":""MultiPoint"",""coordinates"":[]}"
20220710,2022-07-10,7.700760348768654,"{""type"":""MultiPoint"",""coordinates"":[]}"
20220711,2022-07-11,3.5924017429351807,"{""type"":""MultiPoint"",""coordinates"":[]}"
20220712,2022-07-12,2.80886888498344,"{""type"":""MultiPoint"",""coordinates"":[]}"
20220713,2022-07-13,3.1032446499352773,"{""type"":""MultiPoint"",""coordinates"":[]}"
20220714,2022-07-14,2.5604456663117503,"{""type"":""MultiPoint"",""coordinates"":[]}"
20220715,2022-07-15,1.7814412810217561,"{""type"":""MultiPoint"",""coordinates"":[]}"
20220716,2022-07-16,42.86867976185249,"{""type"":""MultiPoint"",""coordinates"":[]}"
20220717,2022-07-17,5.74699938294998,"{""type"":""MultiPoint"",""coordinates"":[]}"
20220718,2022-07-18,3.1833499670028687,"{""type"":""MultiPoint"",""coordinates"":[]}"
20220719,2022-07-19,5.338788032418051,"{""type"":""MultiPoint"",""coordinates"":[]}"
20220720,2022-07-20,16.165334217987493,"{""type"":""MultiPoint"",""coordinates"":[]}"
20220721,2022-07-21,13.893740144283129,"{""type"":""MultiPoint"",""coordinates"":[]}"
20220722,2022-07-22,6.297951885812836,"{""type"":""MultiPoint"",""coordinates"":[]}"
20220723,2022-07-23,5.641370360137898,"{""type"":""MultiPoint"",""coordinates"":[]}"
20220724,2022-07-24,2.7555254076787605,"{""type"":""MultiPoint"",""coordinates"":[]}"
20220725,2022-07-25,0.9685844182953929,"{""type"":""MultiPoint"",""coordinates"":[]}"
20220726,2022-07-26,2.3112533826292747,"{""type"":""MultiPoint"",""coordinates"":[]}"
20220727,2022-07-27,6.60699009893051,"{""type"":""MultiPoint"",""coordinates"":[]}"
20220728,2022-07-28,11.48459911325972,"{""type"":""MultiPoint"",""coordinates"":[]}"
20220729,2022-07-29,14.197653530573007,"{""type"":""MultiPoint"",""coordinates"":[]}"
20220730,2022-07-30,16.342950419414137,"{""type"":""MultiPoint"",""coordinates"":[]}"
20220731,2022-07-31,2.826759219164643,"{""type"":""MultiPoint"",""coordinates"":[]}"
20220801,2022-08-01,2.018263863703851,"{""type"":""MultiPoint"",""coordinates"":[]}"
20220802,2022-08-02,0.5565732716945604,"{""type"":""MultiPoint"",""coordinates"":[]}"
20220803,2022-08-03,9.032586216921601,"{""type"":""MultiPoint"",""coordinates"":[]}"
20220804,2022-08-04,11.440787725632617,"{""type"":""MultiPoint"",""coordinates"":[]}"
20220805,2022-08-05,13.217231631244886,"{""type"":""MultiPoint"",""coordinates"":[]}"
20220806,2022-08-06,12.222743034328687,"{""type"":""MultiPoint"",""coordinates"":[]}"
20220807,2022-08-07,7.369491566976194,"{""type"":""MultiPoint"",""coordinates"":[]}"
20220808,2022-08-08,0.2847015857696533,"{""type"":""MultiPoint"",""coordinates"":[]}"
20220809,2022-08-09,2.4652471404351672,"{""type"":""MultiPoint"",""coordinates"":[]}"
20220810,2022-08-10,1.2657135724971624,"{""type"":""MultiPoint"",""coordinates"":[]}"
20220811,2022-08-11,2.4712473154018255,"{""type"":""MultiPoint"",""coordinates"":[]}"
20220812,2022-08-12,0.5163947734665442,"{""type"":""MultiPoint"",""coordinates"":[]}"
20220813,2022-08-13,0.9214211385888404,"{""type"":""MultiPoint"",""coordinates"":[]}"
20220814,2022-08-14,7.0017844437870735,"{""type"":""MultiPoint"",""coordinates"":[]}"
20220815,2022-08-15,6.708141773135168,"{""type"":""MultiPoint"",""coordinates"":[]}"
20220816,2022-08-16,0.5896449088140798,"{""type"":""MultiPoint"",""coordinates"":[]}"
20220817,2022-08-17,0.5679130554199219,"{""type"":""MultiPoint"",""coordinates"":[]}"
20220818,2022-08-18,0.47594606866141476,"{""type"":""MultiPoint"",""coordinates"":[]}"
20220819,2022-08-19,0.6413888677343493,"{""type"":""MultiPoint"",""coordinates"":[]}"
20220820,2022-08-20,2.1486341952936527,"{""type"":""MultiPoint"",""coordinates"":[]}"
20220821,2022-08-21,0.10558467926102821,"{""type"":""MultiPoint"",""coordinates"":[]}"
20220822,2022-08-22,2.8347253799552163,"{""type"":""MultiPoint"",""coordinates"":[]}"
20220823,2022-08-23,0.044199824230872764,"{""type"":""MultiPoint"",""coordinates"":[]}"
20220824,2022-08-24,6.73286914820892,"{""type"":""MultiPoint"",""coordinates"":[]}"
20220825,2022-08-25,0.3044247627208563,"{""type"":""MultiPoint"",""coordinates"":[]}"
20220826,2022-08-26,0.26914477348327637,"{""type"":""MultiPoint"",""coordinates"":[]}"
20220827,2022-08-27,0.16608834266662598,"{""type"":""MultiPoint"",""coordinates"":[]}"
20220828,2022-08-28,0.15983879565695247,"{""type"":""MultiPoint"",""coordinates"":[]}"
20220829,2022-08-29,0.21764636039733887,"{""type"":""MultiPoint"",""coordinates"":[]}"
20220830,2022-08-30,0.19477605809470333,"{""type"":""MultiPoint"",""coordinates"":[]}"
20220831,2022-08-31,0.19946669586445864,"{""type"":""MultiPoint"",""coordinates"":[]}"
20220901,2022-09-01,0.10195076464469821,"{""type"":""MultiPoint"",""coordinates"":[]}"
20220902,2022-09-02,0.04561713780049104,"{""type"":""MultiPoint"",""coordinates"":[]}"
20220903,2022-09-03,0.010120868637386593,"{""type"":""MultiPoint"",""coordinates"":[]}"
20220904,2022-09-04,0.0014769966014682723,"{""type"":""MultiPoint"",""coordinates"":[]}"
20220905,2022-09-05,0.3792082667928298,"{""type"":""MultiPoint"",""coordinates"":[]}"
20220906,2022-09-06,0.01674036434451409,"{""type"":""MultiPoint"",""coordinates"":[]}"
20220907,2022-09-07,0.0015045913137612388,"{""type"":""MultiPoint"",""coordinates"":[]}"
20220908,2022-09-08,0.03881060223420718,"{""type"":""MultiPoint"",""coordinates"":[]}"
20220909,2022-09-09,0.5160748958132899,"{""type"":""MultiPoint"",""coordinates"":[]}"
20220910,2022-09-10,2.00686752796031,"{""type"":""MultiPoint"",""coordinates"":[]}"
20220911,2022-09-11,4.209991011908443,"{""type"":""MultiPoint"",""coordinates"":[]}"
20220912,2022-09-12,5.382552742958069,"{""type"":""MultiPoint"",""coordinates"":[]}"
20220913,2022-09-13,1.275986432915488,"{""type"":""MultiPoint"",""coordinates"":[]}"
20220914,2022-09-14,9.099292755024635,"{""type"":""MultiPoint"",""coordinates"":[]}"
20220915,2022-09-15,25.53134951750735,"{""type"":""MultiPoint"",""coordinates"":[]}"
20220916,2022-09-16,16.801070990368316,"{""type"":""MultiPoint"",""coordinates"":[]}"
20220917,2022-09-17,0.16891454913547932,"{""type"":""MultiPoint"",""coordinates"":[]}"
20220918,2022-09-18,0.8452177047679754,"{""type"":""MultiPoint"",""coordinates"":[]}"
20220919,2022-09-19,0.6646577739957138,"{""type"":""MultiPoint"",""coordinates"":[]}"
20220920,2022-09-20,14.164641499519348,"{""type"":""MultiPoint"",""coordinates"":[]}"
20220921,2022-09-21,21.035507321357727,"{""type"":""MultiPoint"",""coordinates"":[]}"
20220922,2022-09-22,38.274559378521644,"{""type"":""MultiPoint"",""coordinates"":[]}"
20220923,2022-09-23,24.05838335749877,"{""type"":""MultiPoint"",""coordinates"":[]}"
20220924,2022-09-24,25.512846870242356,"{""type"":""MultiPoint"",""coordinates"":[]}"
20220925,2022-09-25,0.8973062037398449,"{""type"":""MultiPoint"",""coordinates"":[]}"
20220926,2022-09-26,0.1678913830573947,"{""type"":""MultiPoint"",""coordinates"":[]}"
20220927,2022-09-27,0.7111966609905096,"{""type"":""MultiPoint"",""coordinates"":[]}"
20220928,2022-09-28,0.8094936608635805,"{""type"":""MultiPoint"",""coordinates"":[]}"
20220929,2022-09-29,0.21845400323172726,"{""type"":""MultiPoint"",""coordinates"":[]}"
20220930,2022-09-30,0.007688999176025391,"{""type"":""MultiPoint"",""coordinates"":[]}"
20221001,2022-10-01,0.03737807270454141,"{""type"":""MultiPoint"",""coordinates"":[]}"
20221002,2022-10-02,0.17818808555603027,"{""type"":""MultiPoint"",""coordinates"":[]}"
20221003,2022-10-03,0.001275539318612573,"{""type"":""MultiPoint"",""coordinates"":[]}"
20221004,2022-10-04,0.22889511325274725,"{""type"":""MultiPoint"",""coordinates"":[]}"
20221005,2022-10-05,1.629100873515199,"{""type"":""MultiPoint"",""coordinates"":[]}"
20221006,2022-10-06,0.5346021490808539,"{""type"":""MultiPoint"",""coordinates"":[]}"
20221007,2022-10-07,9.973019361495972,"{""type"":""MultiPoint"",""coordinates"":[]}"
20221008,2022-10-08,97.30595350265503,"{""type"":""MultiPoint"",""coordinates"":[]}"
20221009,2022-10-09,67.63510704030296,"{""type"":""MultiPoint"",""coordinates"":[]}"
20221010,2022-10-10,1.5815734862485442,"{""type"":""MultiPoint"",""coordinates"":[]}"
20221011,2022-10-11,2.4774670600891113,"{""type"":""MultiPoint"",""coordinates"":[]}"
20221012,2022-10-12,1.1406183242748114,"{""type"":""MultiPoint"",""coordinates"":[]}"
20221013,2022-10-13,0.023558735790629726,"{""type"":""MultiPoint"",""coordinates"":[]}"
20221014,2022-10-14,4.261732051702438E-4,"{""type"":""MultiPoint"",""coordinates"":[]}"
20221015,2022-10-15,4.33205098460121E-4,"{""type"":""MultiPoint"",""coordinates"":[]}"
20221016,2022-10-16,8.616761419943941E-4,"{""type"":""MultiPoint"",""coordinates"":[]}"
20221017,2022-10-17,0.0012904405366498395,"{""type"":""MultiPoint"",""coordinates"":[]}"
20221018,2022-10-18,0.0012993812106287805,"{""type"":""MultiPoint"",""coordinates"":[]}"
20221019,2022-10-19,0.0017195939676639682,"{""type"":""MultiPoint"",""coordinates"":[]}"
20221020,2022-10-20,0.0017043551565620874,"{""type"":""MultiPoint"",""coordinates"":[]}"
20221021,2022-10-21,0.0,"{""type"":""MultiPoint"",""coordinates"":[]}"
20221022,2022-10-22,0.0,"{""type"":""MultiPoint"",""coordinates"":[]}"
20221023,2022-10-23,4.261732051702438E-4,"{""type"":""MultiPoint"",""coordinates"":[]}"
20221024,2022-10-24,0.0,"{""type"":""MultiPoint"",""coordinates"":[]}"
20221025,2022-10-25,0.0017284671116613026,"{""type"":""MultiPoint"",""coordinates"":[]}"
20221026,2022-10-26,0.0,"{""type"":""MultiPoint"",""coordinates"":[]}"
20221027,2022-10-27,8.561632398595975E-4,"{""type"":""MultiPoint"",""coordinates"":[]}"
20221028,2022-10-28,8.52346317969932E-4,"{""type"":""MultiPoint"",""coordinates"":[]}"
20221029,2022-10-29,0.0012784129808096623,"{""type"":""MultiPoint"",""coordinates"":[]}"
20221030,2022-10-30,8.583068051848386E-4,"{""type"":""MultiPoint"",""coordinates"":[]}"
20221031,2022-10-31,8.583068797918258E-4,"{""type"":""MultiPoint"",""coordinates"":[]}"
20221101,2022-11-01,0.0012814998058274796,"{""type"":""MultiPoint"",""coordinates"":[]}"
20221102,2022-11-02,8.70227722771233E-4,"{""type"":""MultiPoint"",""coordinates"":[]}"
20221103,2022-11-03,8.583068797918258E-4,"{""type"":""MultiPoint"",""coordinates"":[]}"
20221104,2022-11-04,0.0017285346416429093,"{""type"":""MultiPoint"",""coordinates"":[]}"
20221105,2022-11-05,8.516956881976512E-4,"{""type"":""MultiPoint"",""coordinates"":[]}"
20221106,2022-11-06,8.542835416847083E-4,"{""type"":""MultiPoint"",""coordinates"":[]}"
20221107,2022-11-07,1.6932219265868298,"{""type"":""MultiPoint"",""coordinates"":[]}"
20221108,2022-11-08,0.015544891255103721,"{""type"":""MultiPoint"",""coordinates"":[]}"
20221109,2022-11-09,0.5527654300863105,"{""type"":""MultiPoint"",""coordinates"":[]}"
20221110,2022-11-10,0.7773637771606445,"{""type"":""MultiPoint"",""coordinates"":[]}"
20221111,2022-11-11,4.351138613856165E-4,"{""type"":""MultiPoint"",""coordinates"":[]}"
20221112,2022-11-12,0.0025689600988698658,"{""type"":""MultiPoint"",""coordinates"":[]}"
20221113,2022-11-13,4.351138045421976E-4,"{""type"":""MultiPoint"",""coordinates"":[]}"
20221114,2022-11-14,0.0062465666701427836,"{""type"":""MultiPoint"",""coordinates"":[]}"
20221115,2022-11-15,0.0,"{""type"":""MultiPoint"",""coordinates"":[]}"
20221116,2022-11-16,0.0021536690724133223,"{""type"":""MultiPoint"",""coordinates"":[]}"
20221117,2022-11-17,0.0,"{""type"":""MultiPoint"",""coordinates"":[]}"
20221118,2022-11-18,8.583068797918258E-4,"{""type"":""MultiPoint"",""coordinates"":[]}"
20221119,2022-11-19,4.351138080949113E-4,"{""type"":""MultiPoint"",""coordinates"":[]}"
20221120,2022-11-20,0.0,"{""type"":""MultiPoint"",""coordinates"":[]}"
20221121,2022-11-21,4.351138045421976E-4,"{""type"":""MultiPoint"",""coordinates"":[]}"
20221122,2022-11-22,0.0,"{""type"":""MultiPoint"",""coordinates"":[]}"
20221123,2022-11-23,0.001716613667213096,"{""type"":""MultiPoint"",""coordinates"":[]}"
20221124,2022-11-24,0.0,"{""type"":""MultiPoint"",""coordinates"":[]}"
20221125,2022-11-25,0.0017097644331443007,"{""type"":""MultiPoint"",""coordinates"":[]}"
20221126,2022-11-26,9.153552582574775E-6,"{""type"":""MultiPoint"",""coordinates"":[]}"
20221127,2022-11-27,4.351138045421976E-4,"{""type"":""MultiPoint"",""coordinates"":[]}"
20221128,2022-11-28,4.410743663640915E-4,"{""type"":""MultiPoint"",""coordinates"":[]}"
20221129,2022-11-29,8.614646844762319E-4,"{""type"":""MultiPoint"",""coordinates"":[]}"
20221130,2022-11-30,4.351138045421976E-4,"{""type"":""MultiPoint"",""coordinates"":[]}"
20221201,2022-12-01,8.591829896431591E-4,"{""type"":""MultiPoint"",""coordinates"":[]}"
20221202,2022-12-02,8.583068833445395E-4,"{""type"":""MultiPoint"",""coordinates"":[]}"
20221203,2022-12-03,0.0,"{""type"":""MultiPoint"",""coordinates"":[]}"
20221204,2022-12-04,0.0,"{""type"":""MultiPoint"",""coordinates"":[]}"
20221205,2022-12-05,0.0017344950897779654,"{""type"":""MultiPoint"",""coordinates"":[]}"
20221206,2022-12-06,8.568167118028214E-4,"{""type"":""MultiPoint"",""coordinates"":[]}"
20221207,2022-12-07,0.0,"{""type"":""MultiPoint"",""coordinates"":[]}"
20221208,2022-12-08,0.001284479992591514,"{""type"":""MultiPoint"",""coordinates"":[]}"
20221209,2022-12-09,0.0,"{""type"":""MultiPoint"",""coordinates"":[]}"
20221210,2022-12-10,0.0021517276422855502,"{""type"":""MultiPoint"",""coordinates"":[]}"
20221211,2022-12-11,8.70227722771233E-4,"{""type"":""MultiPoint"",""coordinates"":[]}"
20221212,2022-12-12,0.0017166130419354886,"{""type"":""MultiPoint"",""coordinates"":[]}"
20221213,2022-12-13,-5.959918780717999E-6,"{""type"":""MultiPoint"",""coordinates"":[]}"
20221214,2022-12-14,0.001299723237480066,"{""type"":""MultiPoint"",""coordinates"":[]}"
20221215,2022-12-15,-1.0693895546864951E-5,"{""type"":""MultiPoint"",""coordinates"":[]}"
20221216,2022-12-16,8.553265615773853E-4,"{""type"":""MultiPoint"",""coordinates"":[]}"
20221217,2022-12-17,0.0017199189983330143,"{""type"":""MultiPoint"",""coordinates"":[]}"
20221218,2022-12-18,0.0021457663024193607,"{""type"":""MultiPoint"",""coordinates"":[]}"
20221219,2022-12-19,4.261732051702438E-4,"{""type"":""MultiPoint"",""coordinates"":[]}"
20221220,2022-12-20,0.0012904404798064206,"{""type"":""MultiPoint"",""coordinates"":[]}"
20221221,2022-12-21,0.0017187232401738584,"{""type"":""MultiPoint"",""coordinates"":[]}"
20221222,2022-12-22,8.642672923997452E-4,"{""type"":""MultiPoint"",""coordinates"":[]}"
20221223,2022-12-23,0.0012814998058274796,"{""type"":""MultiPoint"",""coordinates"":[]}"
20221224,2022-12-24,0.0021427869114631903,"{""type"":""MultiPoint"",""coordinates"":[]}"
20221225,2022-12-25,0.005404171531608881,"{""type"":""MultiPoint"",""coordinates"":[]}"
20221226,2022-12-26,8.523463748133508E-4,"{""type"":""MultiPoint"",""coordinates"":[]}"
20221227,2022-12-27,8.52346317969932E-4,"{""type"":""MultiPoint"",""coordinates"":[]}"
20221228,2022-12-28,5.6843418860808015E-11,"{""type"":""MultiPoint"",""coordinates"":[]}"
20221229,2022-12-29,0.002592802047729492,"{""type"":""MultiPoint"",""coordinates"":[]}"
20221230,2022-12-30,0.003877282040321006,"{""type"":""MultiPoint"",""coordinates"":[]}"
20221231,2022-12-31,0.0017106532368416083,"{""type"":""MultiPoint"",""coordinates"":[]}"
20230101,2023-01-01,0.004726648228370323,"{""type"":""MultiPoint"",""coordinates"":[]}"
20230102,2023-01-02,4.351138045421976E-4,"{""type"":""MultiPoint"",""coordinates"":[]}"
20230103,2023-01-03,0.01937419921205219,"{""type"":""MultiPoint"",""coordinates"":[]}"
20230104,2023-01-04,0.001720861632747983,"{""type"":""MultiPoint"",""coordinates"":[]}"
20230105,2023-01-05,0.003230571735457488,"{""type"":""MultiPoint"",""coordinates"":[]}"
20230106,2023-01-06,0.042849778992604115,"{""type"":""MultiPoint"",""coordinates"":[]}"
20230107,2023-01-07,0.0021467194528668188,"{""type"":""MultiPoint"",""coordinates"":[]}"
20230108,2023-01-08,0.0020116567611694336,"{""type"":""MultiPoint"",""coordinates"":[]}"
20230109,2023-01-09,0.03936290733008718,"{""type"":""MultiPoint"",""coordinates"":[]}"
20230110,2023-01-10,4.351138045421976E-4,"{""type"":""MultiPoint"",""coordinates"":[]}"
20230111,2023-01-11,2.359345555305481,"{""type"":""MultiPoint"",""coordinates"":[]}"
20230112,2023-01-12,0.20535290241241455,"{""type"":""MultiPoint"",""coordinates"":[]}"
20230113,2023-01-13,6.084865331615674,"{""type"":""MultiPoint"",""coordinates"":[]}"
20230114,2023-01-14,0.0012069940567016602,"{""type"":""MultiPoint"",""coordinates"":[]}"
20230115,2023-01-15,0.0013049809126641776,"{""type"":""MultiPoint"",""coordinates"":[]}"
20230116,2023-01-16,0.0017216834748978727,"{""type"":""MultiPoint"",""coordinates"":[]}"
20230117,2023-01-17,4.351138045421976E-4,"{""type"":""MultiPoint"",""coordinates"":[]}"
20230118,2023-01-18,4.261732051702438E-4,"{""type"":""MultiPoint"",""coordinates"":[]}"
20230119,2023-01-19,0.6226122378620857,"{""type"":""MultiPoint"",""coordinates"":[]}"
20230120,2023-01-20,0.0017967809071706142,"{""type"":""MultiPoint"",""coordinates"":[]}"
20230121,2023-01-21,4.351138045421976E-4,"{""type"":""MultiPoint"",""coordinates"":[]}"
20230122,2023-01-22,0.0,"{""type"":""MultiPoint"",""coordinates"":[]}"
20230123,2023-01-23,0.03711581229026706,"{""type"":""MultiPoint"",""coordinates"":[]}"
20230124,2023-01-24,0.8996307848860852,"{""type"":""MultiPoint"",""coordinates"":[]}"
20230125,2023-01-25,1.7683684824874035,"{""type"":""MultiPoint"",""coordinates"":[]}"
20230126,2023-01-26,0.0036848729791927326,"{""type"":""MultiPoint"",""coordinates"":[]}"
20230127,2023-01-27,8.553265615773853E-4,"{""type"":""MultiPoint"",""coordinates"":[]}"
20230128,2023-01-28,0.0012814998058274796,"{""type"":""MultiPoint"",""coordinates"":[]}"
20230129,2023-01-29,5.083565535016987,"{""type"":""MultiPoint"",""coordinates"":[]}"
20230130,2023-01-30,8.25963909113625,"{""type"":""MultiPoint"",""coordinates"":[]}"
20230131,2023-01-31,0.002574972540969611,"{""type"":""MultiPoint"",""coordinates"":[]}"
20230201,2023-02-01,0.0012933428479300346,"{""type"":""MultiPoint"",""coordinates"":[]}"
20230202,2023-02-02,0.0017106532936850272,"{""type"":""MultiPoint"",""coordinates"":[]}"
20230203,2023-02-03,0.0,"{""type"":""MultiPoint"",""coordinates"":[]}"
20230204,2023-02-04,0.0,"{""type"":""MultiPoint"",""coordinates"":[]}"
20230205,2023-02-05,0.001267870288756967,"{""type"":""MultiPoint"",""coordinates"":[]}"
20230206,2023-02-06,4.351138045421976E-4,"{""type"":""MultiPoint"",""coordinates"":[]}"
20230207,2023-02-07,0.0017106532936850272,"{""type"":""MultiPoint"",""coordinates"":[]}"
20230208,2023-02-08,4.261732051702438E-4,"{""type"":""MultiPoint"",""coordinates"":[]}"
20230209,2023-02-09,0.0012814997489840607,"{""type"":""MultiPoint"",""coordinates"":[]}"
20230210,2023-02-10,8.52346317969932E-4,"{""type"":""MultiPoint"",""coordinates"":[]}"
20230211,2023-02-11,0.001003887632577971,"{""type"":""MultiPoint"",""coordinates"":[]}"
20230212,2023-02-12,0.0,"{""type"":""MultiPoint"",""coordinates"":[]}"
20230213,2023-02-13,0.0,"{""type"":""MultiPoint"",""coordinates"":[]}"
20230214,2023-02-14,8.609598580733291E-4,"{""type"":""MultiPoint"",""coordinates"":[]}"
20230215,2023-02-15,0.0029711448519265105,"{""type"":""MultiPoint"",""coordinates"":[]}"
20230216,2023-02-16,3.162767825415358E-5,"{""type"":""MultiPoint"",""coordinates"":[]}"
20230217,2023-02-17,0.0,"{""type"":""MultiPoint"",""coordinates"":[]}"
20230218,2023-02-18,0.003007672660260141,"{""type"":""MultiPoint"",""coordinates"":[]}"
20230219,2023-02-19,0.0028184743996462203,"{""type"":""MultiPoint"",""coordinates"":[]}"
20230220,2023-02-20,0.0,"{""type"":""MultiPoint"",""coordinates"":[]}"
20230221,2023-02-21,0.00257942849657411,"{""type"":""MultiPoint"",""coordinates"":[]}"
20230222,2023-02-22,0.002139806667855737,"{""type"":""MultiPoint"",""coordinates"":[]}"
20230223,2023-02-23,0.001284479992591514,"{""type"":""MultiPoint"",""coordinates"":[]}"
20230224,2023-02-24,0.001716613724056515,"{""type"":""MultiPoint"",""coordinates"":[]}"
20230225,2023-02-25,0.0021461837604874745,"{""type"":""MultiPoint"",""coordinates"":[]}"
20230226,2023-02-26,0.0029981135298839945,"{""type"":""MultiPoint"",""coordinates"":[]}"
20230227,2023-02-27,8.70227722771233E-4,"{""type"":""MultiPoint"",""coordinates"":[]}"
20230228,2023-02-28,0.0518897322194789,"{""type"":""MultiPoint"",""coordinates"":[]}"
20230301,2023-03-01,0.0024080276261884137,"{""type"":""MultiPoint"",""coordinates"":[]}"
20230302,2023-03-02,0.0,"{""type"":""MultiPoint"",""coordinates"":[]}"
20230303,2023-03-03,0.08993148793479122,"{""type"":""MultiPoint"",""coordinates"":[]}"
20230304,2023-03-04,6.437300612560648E-4,"{""type"":""MultiPoint"",""coordinates"":[]}"
20230305,2023-03-05,4.351138045421976E-4,"{""type"":""MultiPoint"",""coordinates"":[]}"
20230306,2023-03-06,0.0025725612999849545,"{""type"":""MultiPoint"",""coordinates"":[]}"
20230307,2023-03-07,8.712741532690416E-4,"{""type"":""MultiPoint"",""coordinates"":[]}"
20230308,2023-03-08,0.6340323545259707,"{""type"":""MultiPoint"",""coordinates"":[]}"
20230309,2023-03-09,0.001639739934944373,"{""type"":""MultiPoint"",""coordinates"":[]}"
20230310,2023-03-10,4.351138045421976E-4,"{""type"":""MultiPoint"",""coordinates"":[]}"
20230311,2023-03-11,0.0013002727996536123,"{""type"":""MultiPoint"",""coordinates"":[]}"
20230312,2023-03-12,0.0010192393347097095,"{""type"":""MultiPoint"",""coordinates"":[]}"
20230313,2023-03-13,2.919648092472471,"{""type"":""MultiPoint"",""coordinates"":[]}"
20230314,2023-03-14,0.08887350549002804,"{""type"":""MultiPoint"",""coordinates"":[]}"
20230315,2023-03-15,0.008187406763227045,"{""type"":""MultiPoint"",""coordinates"":[]}"
20230316,2023-03-16,1.0183990001628729,"{""type"":""MultiPoint"",""coordinates"":[]}"
20230317,2023-03-17,2.1500530363596226,"{""type"":""MultiPoint"",""coordinates"":[]}"
20230318,2023-03-18,2.7301964638013487,"{""type"":""MultiPoint"",""coordinates"":[]}"
20230319,2023-03-19,4.356133937790219,"{""type"":""MultiPoint"",""coordinates"":[]}"
20230320,2023-03-20,18.15135056131112,"{""type"":""MultiPoint"",""coordinates"":[]}"
20230321,2023-03-21,1.0695581561499523,"{""type"":""MultiPoint"",""coordinates"":[]}"
20230322,2023-03-22,0.04151003008701082,"{""type"":""MultiPoint"",""coordinates"":[]}"
20230323,2023-03-23,8.553265615773853E-4,"{""type"":""MultiPoint"",""coordinates"":[]}"
20230324,2023-03-24,14.234667949494906,"{""type"":""MultiPoint"",""coordinates"":[]}"
20230325,2023-03-25,4.6442747457717815,"{""type"":""MultiPoint"",""coordinates"":[]}"
20230326,2023-03-26,0.0019252299239269632,"{""type"":""MultiPoint"",""coordinates"":[]}"
20230327,2023-03-27,0.0,"{""type"":""MultiPoint"",""coordinates"":[]}"
20230328,2023-03-28,0.0,"{""type"":""MultiPoint"",""coordinates"":[]}"
20230329,2023-03-29,0.9923309086730114,"{""type"":""MultiPoint"",""coordinates"":[]}"
20230330,2023-03-30,9.410053491592407,"{""type"":""MultiPoint"",""coordinates"":[]}"
20230331,2023-03-31,10.054901242256165,"{""type"":""MultiPoint"",""coordinates"":[]}"
20230401,2023-04-01,3.5824730756175427,"{""type"":""MultiPoint"",""coordinates"":[]}"
20230402,2023-04-02,0.15858621200592893,"{""type"":""MultiPoint"",""coordinates"":[]}"
20230403,2023-04-03,0.7955178440965938,"{""type"":""MultiPoint"",""coordinates"":[]}"
20230404,2023-04-04,0.03427267074584961,"{""type"":""MultiPoint"",""coordinates"":[]}"
20230405,2023-04-05,0.0,"{""type"":""MultiPoint"",""coordinates"":[]}"
20230406,2023-04-06,8.52346317969932E-4,"{""type"":""MultiPoint"",""coordinates"":[]}"
20230407,2023-04-07,8.573618401896965E-4,"{""type"":""MultiPoint"",""coordinates"":[]}"
20230408,2023-04-08,0.002143951348898554,"{""type"":""MultiPoint"",""coordinates"":[]}"
20230409,2023-04-09,0.0012814997489840607,"{""type"":""MultiPoint"",""coordinates"":[]}"
20230410,2023-04-10,8.52346317969932E-4,"{""type"":""MultiPoint"",""coordinates"":[]}"
20230411,2023-04-11,0.004285573595552705,"{""type"":""MultiPoint"",""coordinates"":[]}"
20230412,2023-04-12,0.19541680740076117,"{""type"":""MultiPoint"",""coordinates"":[]}"
20230413,2023-04-13,0.0,"{""type"":""MultiPoint"",""coordinates"":[]}"
20230414,2023-04-14,4.351138045421976E-4,"{""type"":""MultiPoint"",""coordinates"":[]}"
20230415,2023-04-15,0.001291331386710226,"{""type"":""MultiPoint"",""coordinates"":[]}"
20230416,2023-04-16,8.425147370871855E-4,"{""type"":""MultiPoint"",""coordinates"":[]}"
20230417,2023-04-17,0.0017131263234659855,"{""type"":""MultiPoint"",""coordinates"":[]}"
20230418,2023-04-18,0.053667854274408455,"{""type"":""MultiPoint"",""coordinates"":[]}"
20230419,2023-04-19,0.9878131344862595,"{""type"":""MultiPoint"",""coordinates"":[]}"
20230420,2023-04-20,0.6706863641738892,"{""type"":""MultiPoint"",""coordinates"":[]}"
20230421,2023-04-21,1.23673677444458,"{""type"":""MultiPoint"",""coordinates"":[]}"
20230422,2023-04-22,0.0,"{""type"":""MultiPoint"",""coordinates"":[]}"
20230423,2023-04-23,0.31848251819610596,"{""type"":""MultiPoint"",""coordinates"":[]}"
20230424,2023-04-24,0.1423567531446679,"{""type"":""MultiPoint"",""coordinates"":[]}"
20230425,2023-04-25,0.0012830369655603135,"{""type"":""MultiPoint"",""coordinates"":[]}"
20230426,2023-04-26,0.0,"{""type"":""MultiPoint"",""coordinates"":[]}"
20230427,2023-04-27,0.3635287284851074,"{""type"":""MultiPoint"",""coordinates"":[]}"
20230428,2023-04-28,0.70353150357505,"{""type"":""MultiPoint"",""coordinates"":[]}"
20230429,2023-04-29,2.2368192667272524,"{""type"":""MultiPoint"",""coordinates"":[]}"
20230430,2023-04-30,9.694433212246167,"{""type"":""MultiPoint"",""coordinates"":[]}"
20230501,2023-05-01,21.035741947855513,"{""type"":""MultiPoint"",""coordinates"":[]}"
20230502,2023-05-02,16.432705521538082,"{""type"":""MultiPoint"",""coordinates"":[]}"
20230503,2023-05-03,3.4865885972976685,"{""type"":""MultiPoint"",""coordinates"":[]}"
20230504,2023-05-04,1.1344641447017523,"{""type"":""MultiPoint"",""coordinates"":[]}"
20230505,2023-05-05,0.031071652983882814,"{""type"":""MultiPoint"",""coordinates"":[]}"
20230506,2023-05-06,1.5216112136791082,"{""type"":""MultiPoint"",""coordinates"":[]}"
20230507,2023-05-07,1.6844958066926097,"{""type"":""MultiPoint"",""coordinates"":[]}"
20230508,2023-05-08,0.31864047049978694,"{""type"":""MultiPoint"",""coordinates"":[]}"
20230509,2023-05-09,8.587039239671412E-4,"{""type"":""MultiPoint"",""coordinates"":[]}"
20230510,2023-05-10,8.52346317969932E-4,"{""type"":""MultiPoint"",""coordinates"":[]}"
20230511,2023-05-11,4.351138045421976E-4,"{""type"":""MultiPoint"",""coordinates"":[]}"
20230512,2023-05-12,0.002580881073299679,"{""type"":""MultiPoint"",""coordinates"":[]}"
20230513,2023-05-13,8.523463925769192E-4,"{""type"":""MultiPoint"",""coordinates"":[]}"
20230514,2023-05-14,1.6700923442840576,"{""type"":""MultiPoint"",""coordinates"":[]}"
20230515,2023-05-15,1.4148861168905569,"{""type"":""MultiPoint"",""coordinates"":[]}"
20230516,2023-05-16,0.0025868416173580044,"{""type"":""MultiPoint"",""coordinates"":[]}"
20230517,2023-05-17,0.09276866899199376,"{""type"":""MultiPoint"",""coordinates"":[]}"
20230518,2023-05-18,0.385478138923645,"{""type"":""MultiPoint"",""coordinates"":[]}"
20230519,2023-05-19,-1.4901161193847656E-5,"{""type"":""MultiPoint"",""coordinates"":[]}"
20230520,2023-05-20,0.0,"{""type"":""MultiPoint"",""coordinates"":[]}"
20230521,2023-05-21,0.0,"{""type"":""MultiPoint"",""coordinates"":[]}"
20230522,2023-05-22,0.8045971393535467,"{""type"":""MultiPoint"",""coordinates"":[]}"
20230523,2023-05-23,1.745480298950497,"{""type"":""MultiPoint"",""coordinates"":[]}"
20230524,2023-05-24,0.264246318295136,"{""type"":""MultiPoint"",""coordinates"":[]}"
20230525,2023-05-25,4.851222038269043,"{""type"":""MultiPoint"",""coordinates"":[]}"
20230526,2023-05-26,1.664301752839492,"{""type"":""MultiPoint"",""coordinates"":[]}"
20230527,2023-05-27,0.7607191799934299,"{""type"":""MultiPoint"",""coordinates"":[]}"
20230528,2023-05-28,8.230757201715733,"{""type"":""MultiPoint"",""coordinates"":[]}"
20230529,2023-05-29,3.3018887042999268,"{""type"":""MultiPoint"",""coordinates"":[]}"
20230530,2023-05-30,1.9696027039799446,"{""type"":""MultiPoint"",""coordinates"":[]}"
20230531,2023-05-31,1.8142014741897583,"{""type"":""MultiPoint"",""coordinates"":[]}"
20230601,2023-06-01,0.14609992503622493,"{""type"":""MultiPoint"",""coordinates"":[]}"
20230602,2023-06-02,0.5509239992420589,"{""type"":""MultiPoint"",""coordinates"":[]}"
20230603,2023-06-03,8.52346317969932E-4,"{""type"":""MultiPoint"",""coordinates"":[]}"
20230604,2023-06-04,0.007152557316203456,"{""type"":""MultiPoint"",""coordinates"":[]}"
20230605,2023-06-05,0.2744674681594006,"{""type"":""MultiPoint"",""coordinates"":[]}"
20230606,2023-06-06,0.3218765472645657,"{""type"":""MultiPoint"",""coordinates"":[]}"
20230607,2023-06-07,0.01643896092673458,"{""type"":""MultiPoint"",""coordinates"":[]}"
20230608,2023-06-08,0.05363225926657833,"{""type"":""MultiPoint"",""coordinates"":[]}"
20230609,2023-06-09,0.003811716965174128,"{""type"":""MultiPoint"",""coordinates"":[]}"
20230610,2023-06-10,0.007953846306918422,"{""type"":""MultiPoint"",""coordinates"":[]}"
20230611,2023-06-11,0.008851289749145508,"{""type"":""MultiPoint"",""coordinates"":[]}"
20230612,2023-06-12,0.0013947486827703415,"{""type"":""MultiPoint"",""coordinates"":[]}"
20230613,2023-06-13,8.762739120982133E-4,"{""type"":""MultiPoint"",""coordinates"":[]}"
20230614,2023-06-14,0.01876724729754642,"{""type"":""MultiPoint"",""coordinates"":[]}"
20230615,2023-06-15,0.32815728121704524,"{""type"":""MultiPoint"",""coordinates"":[]}"
20230616,2023-06-16,1.2924328705139487,"{""type"":""MultiPoint"",""coordinates"":[]}"
20230617,2023-06-17,2.9196495006544865,"{""type"":""MultiPoint"",""coordinates"":[]}"
20230618,2023-06-18,2.4562180042266846,"{""type"":""MultiPoint"",""coordinates"":[]}"
20230619,2023-06-19,1.5951544046401978,"{""type"":""MultiPoint"",""coordinates"":[]}"
20230620,2023-06-20,4.973142369976813,"{""type"":""MultiPoint"",""coordinates"":[]}"
20230621,2023-06-21,2.054232358830177,"{""type"":""MultiPoint"",""coordinates"":[]}"
20230622,2023-06-22,4.816468696787979,"{""type"":""MultiPoint"",""coordinates"":[]}"
20230623,2023-06-23,3.9400203793888977,"{""type"":""MultiPoint"",""coordinates"":[]}"
20230624,2023-06-24,4.732990264812997,"{""type"":""MultiPoint"",""coordinates"":[]}"
20230625,2023-06-25,23.991141371993763,"{""type"":""MultiPoint"",""coordinates"":[]}"
20230626,2023-06-26,33.15852601906499,"{""type"":""MultiPoint"",""coordinates"":[]}"
20230627,2023-06-27,7.268095016474518,"{""type"":""MultiPoint"",""coordinates"":[]}"
20230628,2023-06-28,2.214738726610932,"{""type"":""MultiPoint"",""coordinates"":[]}"
20230629,2023-06-29,8.86551141735481,"{""type"":""MultiPoint"",""coordinates"":[]}"
20230630,2023-06-30,10.816142608803148,"{""type"":""MultiPoint"",""coordinates"":[]}"
20230701,2023-07-01,0.46046317375569856,"{""type"":""MultiPoint"",""coordinates"":[]}"
20230702,2023-07-02,0.23680925369262695,"{""type"":""MultiPoint"",""coordinates"":[]}"
20230703,2023-07-03,0.7030218839076952,"{""type"":""MultiPoint"",""coordinates"":[]}"
20230704,2023-07-04,0.4881799220015637,"{""type"":""MultiPoint"",""coordinates"":[]}"
20230705,2023-07-05,2.8757005929378465,"{""type"":""MultiPoint"",""coordinates"":[]}"
20230706,2023-07-06,10.478216409637753,"{""type"":""MultiPoint"",""coordinates"":[]}"
20230707,2023-07-07,9.583520889179908,"{""type"":""MultiPoint"",""coordinates"":[]}"
20230708,2023-07-08,42.67188449925996,"{""type"":""MultiPoint"",""coordinates"":[]}"
20230709,2023-07-09,25.456685939470702,"{""type"":""MultiPoint"",""coordinates"":[]}"
20230710,2023-07-10,15.53349259722836,"{""type"":""MultiPoint"",""coordinates"":[]}"
20230711,2023-07-11,15.762818543464618,"{""type"":""MultiPoint"",""coordinates"":[]}"
20230712,2023-07-12,13.340965316388065,"{""type"":""MultiPoint"",""coordinates"":[]}"
20230713,2023-07-13,3.152339876351107,"{""type"":""MultiPoint"",""coordinates"":[]}"
20230714,2023-07-14,1.5878319740245672,"{""type"":""MultiPoint"",""coordinates"":[]}"
20230715,2023-07-15,17.00069010257721,"{""type"":""MultiPoint"",""coordinates"":[]}"
20230716,2023-07-16,6.913214921951294,"{""type"":""MultiPoint"",""coordinates"":[]}"
20230717,2023-07-17,9.867537021534645,"{""type"":""MultiPoint"",""coordinates"":[]}"
20230718,2023-07-18,8.65872468972384,"{""type"":""MultiPoint"",""coordinates"":[]}"
20230719,2023-07-19,0.19612593155216018,"{""type"":""MultiPoint"",""coordinates"":[]}"
20230720,2023-07-20,1.3165363318421441,"{""type"":""MultiPoint"",""coordinates"":[]}"
20230721,2023-07-21,1.541417837039205,"{""type"":""MultiPoint"",""coordinates"":[]}"
20230722,2023-07-22,1.3210833072321293,"{""type"":""MultiPoint"",""coordinates"":[]}"
20230723,2023-07-23,0.37959218013838836,"{""type"":""MultiPoint"",""coordinates"":[]}"
20230724,2023-07-24,7.221126556395063,"{""type"":""MultiPoint"",""coordinates"":[]}"
20230725,2023-07-25,9.950495773864532,"{""type"":""MultiPoint"",""coordinates"":[]}"
20230726,2023-07-26,7.418558105314332,"{""type"":""MultiPoint"",""coordinates"":[]}"
20230727,2023-07-27,25.914841890333662,"{""type"":""MultiPoint"",""coordinates"":[]}"
20230728,2023-07-28,21.438613533973694,"{""type"":""MultiPoint"",""coordinates"":[]}"
20230729,2023-07-29,6.47612011482579,"{""type"":""MultiPoint"",""coordinates"":[]}"
20230730,2023-07-30,3.0053704977035522,"{""type"":""MultiPoint"",""coordinates"":[]}"
20230731,2023-07-31,0.6267607211611903,"{""type"":""MultiPoint"",""coordinates"":[]}"
20230801,2023-08-01,0.5992290850258541,"{""type"":""MultiPoint"",""coordinates"":[]}"
20230802,2023-08-02,5.580466985691146,"{""type"":""MultiPoint"",""coordinates"":[]}"
20230803,2023-08-03,6.852316856281959,"{""type"":""MultiPoint"",""coordinates"":[]}"
20230804,2023-08-04,6.041565537447724,"{""type"":""MultiPoint"",""coordinates"":[]}"
20230805,2023-08-05,7.493475079531464,"{""type"":""MultiPoint"",""coordinates"":[]}"
20230806,2023-08-06,2.768605947494507,"{""type"":""MultiPoint"",""coordinates"":[]}"
20230807,2023-08-07,0.16049742697532565,"{""type"":""MultiPoint"",""coordinates"":[]}"
20230808,2023-08-08,0.293025494727317,"{""type"":""MultiPoint"",""coordinates"":[]}"
20230809,2023-08-09,0.46733547515032114,"{""type"":""MultiPoint"",""coordinates"":[]}"
20230810,2023-08-10,1.5281677245866376,"{""type"":""MultiPoint"",""coordinates"":[]}"
20230811,2023-08-11,0.04331171512461651,"{""type"":""MultiPoint"",""coordinates"":[]}"
20230812,2023-08-12,0.0016033649394842087,"{""type"":""MultiPoint"",""coordinates"":[]}"
20230813,2023-08-13,1.4075934886363939,"{""type"":""MultiPoint"",""coordinates"":[]}"
20230814,2023-08-14,1.5473216772079468,"{""type"":""MultiPoint"",""coordinates"":[]}"
20230815,2023-08-15,0.5342066287994385,"{""type"":""MultiPoint"",""coordinates"":[]}"
20230816,2023-08-16,0.2073049545288086,"{""type"":""MultiPoint"",""coordinates"":[]}"
20230817,2023-08-17,0.04157423973083496,"{""type"":""MultiPoint"",""coordinates"":[]}"
20230818,2023-08-18,0.2939850091934204,"{""type"":""MultiPoint"",""coordinates"":[]}"
20230819,2023-08-19,11.114716529846191,"{""type"":""MultiPoint"",""coordinates"":[]}"
20230820,2023-08-20,1.090618967964474,"{""type"":""MultiPoint"",""coordinates"":[]}"
20230821,2023-08-21,5.925929546265252,"{""type"":""MultiPoint"",""coordinates"":[]}"
20230822,2023-08-22,17.62126684178611,"{""type"":""MultiPoint"",""coordinates"":[]}"
20230823,2023-08-23,9.81494172094699,"{""type"":""MultiPoint"",""coordinates"":[]}"
20230824,2023-08-24,0.261396996052099,"{""type"":""MultiPoint"",""coordinates"":[]}"
20230825,2023-08-25,0.0011771917343139648,"{""type"":""MultiPoint"",""coordinates"":[]}"
20230826,2023-08-26,0.032883882511214324,"{""type"":""MultiPoint"",""coordinates"":[]}"
20230827,2023-08-27,0.0070035457611083984,"{""type"":""MultiPoint"",""coordinates"":[]}"
20230828,2023-08-28,0.11366605758666992,"{""type"":""MultiPoint"",""coordinates"":[]}"
20230829,2023-08-29,0.023198127735213347,"{""type"":""MultiPoint"",""coordinates"":[]}"
20230830,2023-08-30,0.044227266528196196,"{""type"":""MultiPoint"",""coordinates"":[]}"
20230831,2023-08-31,7.480381896129984E-4,"{""type"":""MultiPoint"",""coordinates"":[]}"
20230901,2023-09-01,0.0021050218492746353,"{""type"":""MultiPoint"",""coordinates"":[]}"
20230902,2023-09-02,8.413686600761139E-4,"{""type"":""MultiPoint"",""coordinates"":[]}"
20230903,2023-09-03,8.52346317969932E-4,"{""type"":""MultiPoint"",""coordinates"":[]}"
20230904,2023-09-04,0.0026047229653158865,"{""type"":""MultiPoint"",""coordinates"":[]}"
20230905,2023-09-05,1.7503052949905396,"{""type"":""MultiPoint"",""coordinates"":[]}"
20230906,2023-09-06,0.019550323486328125,"{""type"":""MultiPoint"",""coordinates"":[]}"
20230907,2023-09-07,0.0926434992720715,"{""type"":""MultiPoint"",""coordinates"":[]}"
20230908,2023-09-08,5.17311692237854,"{""type"":""MultiPoint"",""coordinates"":[]}"
20230909,2023-09-09,33.45223665235153,"{""type"":""MultiPoint"",""coordinates"":[]}"
20230910,2023-09-10,12.26200221981344,"{""type"":""MultiPoint"",""coordinates"":[]}"
20230911,2023-09-11,3.9067560521175437,"{""type"":""MultiPoint"",""coordinates"":[]}"
20230912,2023-09-12,0.5447566509246826,"{""type"":""MultiPoint"",""coordinates"":[]}"
20230913,2023-09-13,2.6479989289214245,"{""type"":""MultiPoint"",""coordinates"":[]}"
20230914,2023-09-14,4.187831282536081,"{""type"":""MultiPoint"",""coordinates"":[]}"
20230915,2023-09-15,8.643248677252302,"{""type"":""MultiPoint"",""coordinates"":[]}"
20230916,2023-09-16,4.713147878646851,"{""type"":""MultiPoint"",""coordinates"":[]}"
20230917,2023-09-17,5.952867865460121,"{""type"":""MultiPoint"",""coordinates"":[]}"
20230918,2023-09-18,1.3805180788040161,"{""type"":""MultiPoint"",""coordinates"":[]}"
20230919,2023-09-19,0.17177462577322444,"{""type"":""MultiPoint"",""coordinates"":[]}"
20230920,2023-09-20,0.7204264402389526,"{""type"":""MultiPoint"",""coordinates"":[]}"
20230921,2023-09-21,0.15923678864737667,"{""type"":""MultiPoint"",""coordinates"":[]}"
20230922,2023-09-22,0.5478948354493696,"{""type"":""MultiPoint"",""coordinates"":[]}"
20230923,2023-09-23,3.6014914512634277,"{""type"":""MultiPoint"",""coordinates"":[]}"
20230924,2023-09-24,2.435058355331421,"{""type"":""MultiPoint"",""coordinates"":[]}"
20230925,2023-09-25,0.6899236483377535,"{""type"":""MultiPoint"",""coordinates"":[]}"
20230926,2023-09-26,0.46885907649496517,"{""type"":""MultiPoint"",""coordinates"":[]}"
20230927,2023-09-27,0.0,"{""type"":""MultiPoint"",""coordinates"":[]}"
20230928,2023-09-28,0.0,"{""type"":""MultiPoint"",""coordinates"":[]}"
20230929,2023-09-29,8.523463748133508E-4,"{""type"":""MultiPoint"",""coordinates"":[]}"
20230930,2023-09-30,0.00171262911408121,"{""type"":""MultiPoint"",""coordinates"":[]}"
20231001,2023-10-01,0.0013408303694006918,"{""type"":""MultiPoint"",""coordinates"":[]}"
20231002,2023-10-02,0.0,"{""type"":""MultiPoint"",""coordinates"":[]}"
20231003,2023-10-03,0.0017344801790386555,"{""type"":""MultiPoint"",""coordinates"":[]}"
20231004,2023-10-04,0.0,"{""type"":""MultiPoint"",""coordinates"":[]}"
20231005,2023-10-05,0.0017106532936850272,"{""type"":""MultiPoint"",""coordinates"":[]}"
20231006,2023-10-06,0.0,"{""type"":""MultiPoint"",""coordinates"":[]}"
20231007,2023-10-07,0.0,"{""type"":""MultiPoint"",""coordinates"":[]}"
20231008,2023-10-08,8.584349870943697E-4,"{""type"":""MultiPoint"",""coordinates"":[]}"
20231009,2023-10-09,8.52346317969932E-4,"{""type"":""MultiPoint"",""coordinates"":[]}"
20231010,2023-10-10,0.001728812890178233,"{""type"":""MultiPoint"",""coordinates"":[]}"
20231011,2023-10-11,0.0,"{""type"":""MultiPoint"",""coordinates"":[]}"
20231012,2023-10-12,8.52346317969932E-4,"{""type"":""MultiPoint"",""coordinates"":[]}"
20231013,2023-10-13,0.0017291212657255528,"{""type"":""MultiPoint"",""coordinates"":[]}"
20231014,2023-10-14,0.006350874855343136,"{""type"":""MultiPoint"",""coordinates"":[]}"
20231015,2023-10-15,0.6670743226777631,"{""type"":""MultiPoint"",""coordinates"":[]}"
20231016,2023-10-16,1.0229461954942565,"{""type"":""MultiPoint"",""coordinates"":[]}"
20231017,2023-10-17,0.5687564610639129,"{""type"":""MultiPoint"",""coordinates"":[]}"
20231018,2023-10-18,0.002562998815847095,"{""type"":""MultiPoint"",""coordinates"":[]}"
20231019,2023-10-19,0.0017225741544280027,"{""type"":""MultiPoint"",""coordinates"":[]}"
20231020,2023-10-20,0.0017116729509325523,"{""type"":""MultiPoint"",""coordinates"":[]}"
20231021,2023-10-21,0.0012860662650382437,"{""type"":""MultiPoint"",""coordinates"":[]}"
20231022,2023-10-22,0.009506940841674805,"{""type"":""MultiPoint"",""coordinates"":[]}"
20231023,2023-10-23,0.001716613667213096,"{""type"":""MultiPoint"",""coordinates"":[]}"
20231024,2023-10-24,0.017416477270160158,"{""type"":""MultiPoint"",""coordinates"":[]}"
20231025,2023-10-25,4.351138613856165E-4,"{""type"":""MultiPoint"",""coordinates"":[]}"
20231026,2023-10-26,0.0012874602361989673,"{""type"":""MultiPoint"",""coordinates"":[]}"
20231027,2023-10-27,0.0017195939676639682,"{""type"":""MultiPoint"",""coordinates"":[]}"
20231028,2023-10-28,1.033356511470629E-6,"{""type"":""MultiPoint"",""coordinates"":[]}"
20231029,2023-10-29,0.0012646932532334176,"{""type"":""MultiPoint"",""coordinates"":[]}"
20231030,2023-10-30,0.001716028918963275,"{""type"":""MultiPoint"",""coordinates"":[]}"
20231031,2023-10-31,0.020712613945761404,"{""type"":""MultiPoint"",""coordinates"":[]}"
20231101,2023-11-01,0.0017180245777126402,"{""type"":""MultiPoint"",""coordinates"":[]}"
20231102,2023-11-02,0.0025716951199683535,"{""type"":""MultiPoint"",""coordinates"":[]}"
20231103,2023-11-03,0.09509051443501448,"{""type"":""MultiPoint"",""coordinates"":[]}"
20231104,2023-11-04,0.05589127522398485,"{""type"":""MultiPoint"",""coordinates"":[]}"
20231105,2023-11-05,0.0017089405446313322,"{""type"":""MultiPoint"",""coordinates"":[]}"
20231106,2023-11-06,0.0017249962525056617,"{""type"":""MultiPoint"",""coordinates"":[]}"
20231107,2023-11-07,0.0,"{""type"":""MultiPoint"",""coordinates"":[]}"
20231108,2023-11-08,0.0034363210943411104,"{""type"":""MultiPoint"",""coordinates"":[]}"
20231109,2023-11-09,0.014766936772048211,"{""type"":""MultiPoint"",""coordinates"":[]}"
20231110,2023-11-10,2.538144588470459,"{""type"":""MultiPoint"",""coordinates"":[]}"
20231111,2023-11-11,0.003010032742167823,"{""type"":""MultiPoint"",""coordinates"":[]}"
20231112,2023-11-12,0.0,"{""type"":""MultiPoint"",""coordinates"":[]}"
20231113,2023-11-13,0.001727127028061659,"{""type"":""MultiPoint"",""coordinates"":[]}"
20231114,2023-11-14,0.0,"{""type"":""MultiPoint"",""coordinates"":[]}"
20231115,2023-11-15,8.583068797918258E-4,"{""type"":""MultiPoint"",""coordinates"":[]}"
20231116,2023-11-16,0.0017265305700675526,"{""type"":""MultiPoint"",""coordinates"":[]}"
20231117,2023-11-17,0.0017136334236056427,"{""type"":""MultiPoint"",""coordinates"":[]}"
20231118,2023-11-18,4.351138045421976E-4,"{""type"":""MultiPoint"",""coordinates"":[]}"
20231119,2023-11-19,0.0025857789296424016,"{""type"":""MultiPoint"",""coordinates"":[]}"
20231120,2023-11-20,8.70227722771233E-4,"{""type"":""MultiPoint"",""coordinates"":[]}"
20231121,2023-11-21,4.351138045421976E-4,"{""type"":""MultiPoint"",""coordinates"":[]}"
20231122,2023-11-22,0.0017225742112714215,"{""type"":""MultiPoint"",""coordinates"":[]}"
20231123,2023-11-23,8.583068797918258E-4,"{""type"":""MultiPoint"",""coordinates"":[]}"
20231124,2023-11-24,8.523463748133508E-4,"{""type"":""MultiPoint"",""coordinates"":[]}"
20231125,2023-11-25,0.0,"{""type"":""MultiPoint"",""coordinates"":[]}"
20231126,2023-11-26,0.0017225742112714215,"{""type"":""MultiPoint"",""coordinates"":[]}"
20231127,2023-11-27,1.0693127002241454,"{""type"":""MultiPoint"",""coordinates"":[]}"
20231128,2023-11-28,1.8058598040511242,"{""type"":""MultiPoint"",""coordinates"":[]}"
20231129,2023-11-29,0.8251130579992605,"{""type"":""MultiPoint"",""coordinates"":[]}"
20231130,2023-11-30,1.474320888519287,"{""type"":""MultiPoint"",""coordinates"":[]}"
20231201,2023-12-01,0.21657943705122307,"{""type"":""MultiPoint"",""coordinates"":[]}"
20231202,2023-12-02,0.018596649169921875,"{""type"":""MultiPoint"",""coordinates"":[]}"
20231203,2023-12-03,0.2771914005279541,"{""type"":""MultiPoint"",""coordinates"":[]}"
20231204,2023-12-04,0.007957220077514648,"{""type"":""MultiPoint"",""coordinates"":[]}"
20231205,2023-12-05,4.351138045421976E-4,"{""type"":""MultiPoint"",""coordinates"":[]}"
20231206,2023-12-06,0.0,"{""type"":""MultiPoint"",""coordinates"":[]}"
20231207,2023-12-07,0.0,"{""type"":""MultiPoint"",""coordinates"":[]}"
20231208,2023-12-08,0.0025872478772726026,"{""type"":""MultiPoint"",""coordinates"":[]}"
20231209,2023-12-09,0.0,"{""type"":""MultiPoint"",""coordinates"":[]}"
20231210,2023-12-10,0.0025560521521583723,"{""type"":""MultiPoint"",""coordinates"":[]}"
20231211,2023-12-11,8.52346317969932E-4,"{""type"":""MultiPoint"",""coordinates"":[]}"
20231212,2023-12-12,0.0017106532368416083,"{""type"":""MultiPoint"",""coordinates"":[]}"
20231213,2023-12-13,8.52346317969932E-4,"{""type"":""MultiPoint"",""coordinates"":[]}"
20231214,2023-12-14,8.52346317969932E-4,"{""type"":""MultiPoint"",""coordinates"":[]}"
20231215,2023-12-15,0.0017106532368416083,"{""type"":""MultiPoint"",""coordinates"":[]}"
20231216,2023-12-16,8.52346317969932E-4,"{""type"":""MultiPoint"",""coordinates"":[]}"
20231217,2023-12-17,0.0017106532936850272,"{""type"":""MultiPoint"",""coordinates"":[]}"
20231218,2023-12-18,0.0017046928064701206,"{""type"":""MultiPoint"",""coordinates"":[]}"
20231219,2023-12-19,0.0,"{""type"":""MultiPoint"",""coordinates"":[]}"
20231220,2023-12-20,4.261732051702438E-4,"{""type"":""MultiPoint"",""coordinates"":[]}"
20231221,2023-12-21,0.0,"{""type"":""MultiPoint"",""coordinates"":[]}"
20231222,2023-12-22,0.013369321720801963,"{""type"":""MultiPoint"",""coordinates"":[]}"
20231223,2023-12-23,0.17116665839012057,"{""type"":""MultiPoint"",""coordinates"":[]}"
20231224,2023-12-24,0.0012905774724458752,"{""type"":""MultiPoint"",""coordinates"":[]}"
20231225,2023-12-25,8.52346317969932E-4,"{""type"":""MultiPoint"",""coordinates"":[]}"
20231226,2023-12-26,0.00258088101645626,"{""type"":""MultiPoint"",""coordinates"":[]}"
20231227,2023-12-27,8.52346317969932E-4,"{""type"":""MultiPoint"",""coordinates"":[]}"
20231228,2023-12-28,8.642673492431641E-4,"{""type"":""MultiPoint"",""coordinates"":[]}"
20231229,2023-12-29,0.06346702565451778,"{""type"":""MultiPoint"",""coordinates"":[]}"
20231230,2023-12-30,0.008538365364074707,"{""type"":""MultiPoint"",""coordinates"":[]}"
20231231,2023-12-31,0.003927946085724443,"{""type"":""MultiPoint"",""coordinates"":[]}"
20240101,2024-01-01,8.52346317969932E-4,"{""type"":""MultiPoint"",""coordinates"":[]}"
20240102,2024-01-02,0.0026762485276776715,"{""type"":""MultiPoint"",""coordinates"":[]}"
20240103,2024-01-03,0.026243924992286338,"{""type"":""MultiPoint"",""coordinates"":[]}"
20240104,2024-01-04,0.04327297216377701,"{""type"":""MultiPoint"",""coordinates"":[]}"
20240105,2024-01-05,0.1042485237121582,"{""type"":""MultiPoint"",""coordinates"":[]}"
20240106,2024-01-06,0.004413723900142941,"{""type"":""MultiPoint"",""coordinates"":[]}"
20240107,2024-01-07,4.351138613856165E-4,"{""type"":""MultiPoint"",""coordinates"":[]}"
20240108,2024-01-08,4.410743663640915E-4,"{""type"":""MultiPoint"",""coordinates"":[]}"
20240109,2024-01-09,0.00466973068569132,"{""type"":""MultiPoint"",""coordinates"":[]}"
20240110,2024-01-10,0.001713631718303077,"{""type"":""MultiPoint"",""coordinates"":[]}"
20240111,2024-01-11,0.0017285346984863281,"{""type"":""MultiPoint"",""coordinates"":[]}"
20240112,2024-01-12,0.0,"{""type"":""MultiPoint"",""coordinates"":[]}"
20240113,2024-01-13,0.0030100345611572266,"{""type"":""MultiPoint"",""coordinates"":[]}"
20240114,2024-01-14,0.0012814998058274796,"{""type"":""MultiPoint"",""coordinates"":[]}"
20240115,2024-01-15,0.001862645149230957,"{""type"":""MultiPoint"",""coordinates"":[]}"
20240116,2024-01-16,0.008243322326961788,"{""type"":""MultiPoint"",""coordinates"":[]}"
20240117,2024-01-17,4.351138045421976E-4,"{""type"":""MultiPoint"",""coordinates"":[]}"
20240118,2024-01-18,4.410743663640915E-4,"{""type"":""MultiPoint"",""coordinates"":[]}"
20240119,2024-01-19,0.010013580322265625,"{""type"":""MultiPoint"",""coordinates"":[]}"
20240120,2024-01-20,0.0711977481842041,"{""type"":""MultiPoint"",""coordinates"":[]}"
20240121,2024-01-21,0.0,"{""type"":""MultiPoint"",""coordinates"":[]}"
20240122,2024-01-22,0.0017236881717508368,"{""type"":""MultiPoint"",""coordinates"":[]}"
20240123,2024-01-23,0.056558847422394365,"{""type"":""MultiPoint"",""coordinates"":[]}"
20240124,2024-01-24,0.0,"{""type"":""MultiPoint"",""coordinates"":[]}"
20240125,2024-01-25,8.523463748133508E-4,"{""type"":""MultiPoint"",""coordinates"":[]}"
20240126,2024-01-26,0.0,"{""type"":""MultiPoint"",""coordinates"":[]}"
20240127,2024-01-27,0.0,"{""type"":""MultiPoint"",""coordinates"":[]}"
20240128,2024-01-28,4.351138045421976E-4,"{""type"":""MultiPoint"",""coordinates"":[]}"
20240129,2024-01-29,0.002142786968306609,"{""type"":""MultiPoint"",""coordinates"":[]}"
20240130,2024-01-30,8.583068833445395E-4,"{""type"":""MultiPoint"",""coordinates"":[]}"
20240131,2024-01-31,14.967608451740944,"{""type"":""MultiPoint"",""coordinates"":[]}"
20240201,2024-02-01,2.15393631316374,"{""type"":""MultiPoint"",""coordinates"":[]}"
20240202,2024-02-02,0.008153915302955284,"{""type"":""MultiPoint"",""coordinates"":[]}"
20240203,2024-02-03,0.8341385298535897,"{""type"":""MultiPoint"",""coordinates"":[]}"
20240204,2024-02-04,9.135070443051063,"{""type"":""MultiPoint"",""coordinates"":[]}"
20240205,2024-02-05,0.3860294818878174,"{""type"":""MultiPoint"",""coordinates"":[]}"
20240206,2024-02-06,8.553266184208042E-4,"{""type"":""MultiPoint"",""coordinates"":[]}"
20240207,2024-02-07,0.0012993227755941916,"{""type"":""MultiPoint"",""coordinates"":[]}"
20240208,2024-02-08,-3.347793153807288E-6,"{""type"":""MultiPoint"",""coordinates"":[]}"
20240209,2024-02-09,0.0012934206843340235,"{""type"":""MultiPoint"",""coordinates"":[]}"
20240210,2024-02-10,8.583068797918258E-4,"{""type"":""MultiPoint"",""coordinates"":[]}"
20240211,2024-02-11,0.0,"{""type"":""MultiPoint"",""coordinates"":[]}"
20240212,2024-02-12,0.001716613667213096,"{""type"":""MultiPoint"",""coordinates"":[]}"
20240213,2024-02-13,-9.610971574147698E-6,"{""type"":""MultiPoint"",""coordinates"":[]}"
20240214,2024-02-14,0.001716971837595338,"{""type"":""MultiPoint"",""coordinates"":[]}"
20240215,2024-02-15,8.52346317969932E-4,"{""type"":""MultiPoint"",""coordinates"":[]}"
20240216,2024-02-16,0.0,"{""type"":""MultiPoint"",""coordinates"":[]}"
20240217,2024-02-17,0.0017106532936850272,"{""type"":""MultiPoint"",""coordinates"":[]}"
20240218,2024-02-18,0.0,"{""type"":""MultiPoint"",""coordinates"":[]}"
20240219,2024-02-19,0.5274659921497005,"{""type"":""MultiPoint"",""coordinates"":[]}"
20240220,2024-02-20,0.195807617274113,"{""type"":""MultiPoint"",""coordinates"":[]}"
20240221,2024-02-21,0.004810294342405541,"{""type"":""MultiPoint"",""coordinates"":[]}"
20240222,2024-02-22,0.010508298771583213,"{""type"":""MultiPoint"",""coordinates"":[]}"
20240223,2024-02-23,0.0012814997489840607,"{""type"":""MultiPoint"",""coordinates"":[]}"
20240224,2024-02-24,0.5775490535029348,"{""type"":""MultiPoint"",""coordinates"":[]}"
20240225,2024-02-25,8.675548492931284E-4,"{""type"":""MultiPoint"",""coordinates"":[]}"
20240226,2024-02-26,0.0070900964601605665,"{""type"":""MultiPoint"",""coordinates"":[]}"
20240227,2024-02-27,0.2855584369854114,"{""type"":""MultiPoint"",""coordinates"":[]}"
20240228,2024-02-28,0.0,"{""type"":""MultiPoint"",""coordinates"":[]}"
20240229,2024-02-29,0.0,"{""type"":""MultiPoint"",""coordinates"":[]}"
20240301,2024-03-01,1.5293419359068139,"{""type"":""MultiPoint"",""coordinates"":[]}"
20240302,2024-03-02,41.62211120126358,"{""type"":""MultiPoint"",""coordinates"":[]}"
20240303,2024-03-03,5.120148549622172,"{""type"":""MultiPoint"",""coordinates"":[]}"
20240304,2024-03-04,0.010725855645432603,"{""type"":""MultiPoint"",""coordinates"":[]}"
20240305,2024-03-05,0.0021547078858930035,"{""type"":""MultiPoint"",""coordinates"":[]}"
20240306,2024-03-06,0.005471706362669693,"{""type"":""MultiPoint"",""coordinates"":[]}"
20240307,2024-03-07,8.52346317969932E-4,"{""type"":""MultiPoint"",""coordinates"":[]}"
20240308,2024-03-08,4.351138045421976E-4,"{""type"":""MultiPoint"",""coordinates"":[]}"
20240309,2024-03-09,8.523463748133508E-4,"{""type"":""MultiPoint"",""coordinates"":[]}"
20240310,2024-03-10,0.13114511966705322,"{""type"":""MultiPoint"",""coordinates"":[]}"
20240311,2024-03-11,4.351138045421976E-4,"{""type"":""MultiPoint"",""coordinates"":[]}"
20240312,2024-03-12,4.475464834285958E-4,"{""type"":""MultiPoint"",""coordinates"":[]}"
20240313,2024-03-13,0.03223121166229248,"{""type"":""MultiPoint"",""coordinates"":[]}"
20240314,2024-03-14,8.374451567760843E-4,"{""type"":""MultiPoint"",""coordinates"":[]}"
20240315,2024-03-15,0.0021212042042861867,"{""type"":""MultiPoint"",""coordinates"":[]}"
20240316,2024-03-16,8.983718657873396E-4,"{""type"":""MultiPoint"",""coordinates"":[]}"
20240317,2024-03-17,8.583068797918258E-4,"{""type"":""MultiPoint"",""coordinates"":[]}"
20240318,2024-03-18,0.0012822712278648396,"{""type"":""MultiPoint"",""coordinates"":[]}"
20240319,2024-03-19,0.003427499905228615,"{""type"":""MultiPoint"",""coordinates"":[]}"
20240320,2024-03-20,0.0,"{""type"":""MultiPoint"",""coordinates"":[]}"
20240321,2024-03-21,8.523463748133508E-4,"{""type"":""MultiPoint"",""coordinates"":[]}"
20240322,2024-03-22,0.0021338462374842493,"{""type"":""MultiPoint"",""coordinates"":[]}"
20240323,2024-03-23,8.52346317969932E-4,"{""type"":""MultiPoint"",""coordinates"":[]}"
20240324,2024-03-24,0.029075145619117393,"{""type"":""MultiPoint"",""coordinates"":[]}"
20240325,2024-03-25,0.0017241018213098869,"{""type"":""MultiPoint"",""coordinates"":[]}"
20240326,2024-03-26,0.0,"{""type"":""MultiPoint"",""coordinates"":[]}"
20240327,2024-03-27,8.52346317969932E-4,"{""type"":""MultiPoint"",""coordinates"":[]}"
20240328,2024-03-28,0.0,"{""type"":""MultiPoint"",""coordinates"":[]}"
20240329,2024-03-29,4.470348358154297E-4,"{""type"":""MultiPoint"",""coordinates"":[]}"
20240330,2024-03-30,1.5662074088140798,"{""type"":""MultiPoint"",""coordinates"":[]}"
20240331,2024-03-31,8.550650818506256E-4,"{""type"":""MultiPoint"",""coordinates"":[]}"
20240401,2024-04-01,8.52346317969932E-4,"{""type"":""MultiPoint"",""coordinates"":[]}"
20240402,2024-04-02,0.0012889495337731205,"{""type"":""MultiPoint"",""coordinates"":[]}"
20240403,2024-04-03,0.0,"{""type"":""MultiPoint"",""coordinates"":[]}"
20240404,2024-04-04,0.0051791038231385755,"{""type"":""MultiPoint"",""coordinates"":[]}"
20240405,2024-04-05,0.014919042541805538,"{""type"":""MultiPoint"",""coordinates"":[]}"
20240406,2024-04-06,8.52346317969932E-4,"{""type"":""MultiPoint"",""coordinates"":[]}"
20240407,2024-04-07,0.0012874602930423862,"{""type"":""MultiPoint"",""coordinates"":[]}"
20240408,2024-04-08,8.702277796146518E-4,"{""type"":""MultiPoint"",""coordinates"":[]}"
20240409,2024-04-09,0.0017131802110270655,"{""type"":""MultiPoint"",""coordinates"":[]}"
20240410,2024-04-10,0.1618269027972019,"{""type"":""MultiPoint"",""coordinates"":[]}"
20240411,2024-04-11,0.08687376976013184,"{""type"":""MultiPoint"",""coordinates"":[]}"
20240412,2024-04-12,0.002175569534301758,"{""type"":""MultiPoint"",""coordinates"":[]}"
20240413,2024-04-13,0.0017225742112714215,"{""type"":""MultiPoint"",""coordinates"":[]}"
20240414,2024-04-14,0.17652809619406185,"{""type"":""MultiPoint"",""coordinates"":[]}"
20240415,2024-04-15,0.014588236695090018,"{""type"":""MultiPoint"",""coordinates"":[]}"
20240416,2024-04-16,4.291534878575476E-4,"{""type"":""MultiPoint"",""coordinates"":[]}"
20240417,2024-04-17,4.188495381640678E-4,"{""type"":""MultiPoint"",""coordinates"":[]}"
20240418,2024-04-18,1.0075569152832031,"{""type"":""MultiPoint"",""coordinates"":[]}"
20240419,2024-04-19,0.02362132062216915,"{""type"":""MultiPoint"",""coordinates"":[]}"
20240420,2024-04-20,0.0,"{""type"":""MultiPoint"",""coordinates"":[]}"
20240421,2024-04-21,0.0,"{""type"":""MultiPoint"",""coordinates"":[]}"
20240422,2024-04-22,8.523463748133508E-4,"{""type"":""MultiPoint"",""coordinates"":[]}"
20240423,2024-04-23,0.8022689517588333,"{""type"":""MultiPoint"",""coordinates"":[]}"
20240424,2024-04-24,8.796991615156458E-4,"{""type"":""MultiPoint"",""coordinates"":[]}"
20240425,2024-04-25,8.52346317969932E-4,"{""type"":""MultiPoint"",""coordinates"":[]}"
20240426,2024-04-26,0.0015795231433912704,"{""type"":""MultiPoint"",""coordinates"":[]}"
20240427,2024-04-27,0.004347493643308553,"{""type"":""MultiPoint"",""coordinates"":[]}"
20240428,2024-04-28,0.0025680716362330713,"{""type"":""MultiPoint"",""coordinates"":[]}"
20240429,2024-04-29,8.685784855799739E-4,"{""type"":""MultiPoint"",""coordinates"":[]}"
20240430,2024-04-30,8.542979621495306E-4,"{""type"":""MultiPoint"",""coordinates"":[]}"
20240501,2024-05-01,8.52346317969932E-4,"{""type"":""MultiPoint"",""coordinates"":[]}"
20240502,2024-05-02,8.52346317969932E-4,"{""type"":""MultiPoint"",""coordinates"":[]}"
20240503,2024-05-03,0.0,"{""type"":""MultiPoint"",""coordinates"":[]}"
20240504,2024-05-04,0.0012814998058274796,"{""type"":""MultiPoint"",""coordinates"":[]}"
20240505,2024-05-05,8.702278364580707E-4,"{""type"":""MultiPoint"",""coordinates"":[]}"
20240506,2024-05-06,0.0,"{""type"":""MultiPoint"",""coordinates"":[]}"
20240507,2024-05-07,0.0014066695825931674,"{""type"":""MultiPoint"",""coordinates"":[]}"
20240508,2024-05-08,0.025087594980988115,"{""type"":""MultiPoint"",""coordinates"":[]}"
20240509,2024-05-09,0.00534057612000538,"{""type"":""MultiPoint"",""coordinates"":[]}"
20240510,2024-05-10,0.03362894057090671,"{""type"":""MultiPoint"",""coordinates"":[]}"
20240511,2024-05-11,0.26479363441467285,"{""type"":""MultiPoint"",""coordinates"":[]}"
20240512,2024-05-12,1.7033517360687256,"{""type"":""MultiPoint"",""coordinates"":[]}"
20240513,2024-05-13,0.002147589270862227,"{""type"":""MultiPoint"",""coordinates"":[]}"
20240514,2024-05-14,5.835545380250551E-7,"{""type"":""MultiPoint"",""coordinates"":[]}"
20240515,2024-05-15,8.603039312049532E-4,"{""type"":""MultiPoint"",""coordinates"":[]}"
20240516,2024-05-16,0.0030134211783661158,"{""type"":""MultiPoint"",""coordinates"":[]}"
20240517,2024-05-17,-1.4728755104442826E-5,"{""type"":""MultiPoint"",""coordinates"":[]}"
20240518,2024-05-18,0.010073184967041016,"{""type"":""MultiPoint"",""coordinates"":[]}"
20240519,2024-05-19,8.52346317969932E-4,"{""type"":""MultiPoint"",""coordinates"":[]}"
20240520,2024-05-20,0.0,"{""type"":""MultiPoint"",""coordinates"":[]}"
20240521,2024-05-21,8.549805556867796E-4,"{""type"":""MultiPoint"",""coordinates"":[]}"
20240522,2024-05-22,0.03593564033010921,"{""type"":""MultiPoint"",""coordinates"":[]}"
20240523,2024-05-23,0.0,"{""type"":""MultiPoint"",""coordinates"":[]}"
20240524,2024-05-24,8.52346317969932E-4,"{""type"":""MultiPoint"",""coordinates"":[]}"
20240525,2024-05-25,0.0,"{""type"":""MultiPoint"",""coordinates"":[]}"
20240526,2024-05-26,0.0,"{""type"":""MultiPoint"",""coordinates"":[]}"
20240527,2024-05-27,0.002582036358944606,"{""type"":""MultiPoint"",""coordinates"":[]}"
20240528,2024-05-28,0.0,"{""type"":""MultiPoint"",""coordinates"":[]}"
20240529,2024-05-29,8.583068797918258E-4,"{""type"":""MultiPoint"",""coordinates"":[]}"
20240530,2024-05-30,8.523463748133508E-4,"{""type"":""MultiPoint"",""coordinates"":[]}"
20240531,2024-05-31,0.0012218952178955078,"{""type"":""MultiPoint"",""coordinates"":[]}"
20240601,2024-06-01,1.6266047954509588,"{""type"":""MultiPoint"",""coordinates"":[]}"
20240602,2024-06-02,0.0,"{""type"":""MultiPoint"",""coordinates"":[]}"
20240603,2024-06-03,0.001716613667213096,"{""type"":""MultiPoint"",""coordinates"":[]}"
20240604,2024-06-04,0.5077719688415527,"{""type"":""MultiPoint"",""coordinates"":[]}"
20240605,2024-06-05,0.7526576519012451,"{""type"":""MultiPoint"",""coordinates"":[]}"
20240606,2024-06-06,0.022444128887855186,"{""type"":""MultiPoint"",""coordinates"":[]}"
20240607,2024-06-07,0.07537305344840206,"{""type"":""MultiPoint"",""coordinates"":[]}"
20240608,2024-06-08,0.004723668098449707,"{""type"":""MultiPoint"",""coordinates"":[]}"
20240609,2024-06-09,0.0,"{""type"":""MultiPoint"",""coordinates"":[]}"
20240610,2024-06-10,8.52346317969932E-4,"{""type"":""MultiPoint"",""coordinates"":[]}"
20240611,2024-06-11,0.0017225741544280027,"{""type"":""MultiPoint"",""coordinates"":[]}"
20240612,2024-06-12,8.430419597971195E-4,"{""type"":""MultiPoint"",""coordinates"":[]}"
20240613,2024-06-13,0.0017106522136600688,"{""type"":""MultiPoint"",""coordinates"":[]}"
20240614,2024-06-14,0.001730909104935563,"{""type"":""MultiPoint"",""coordinates"":[]}"
20240615,2024-06-15,0.0012785354215338884,"{""type"":""MultiPoint"",""coordinates"":[]}"
20240616,2024-06-16,0.0017106532936850272,"{""type"":""MultiPoint"",""coordinates"":[]}"
20240617,2024-06-17,4.376282163320866E-4,"{""type"":""MultiPoint"",""coordinates"":[]}"
20240618,2024-06-18,0.0017004674077725213,"{""type"":""MultiPoint"",""coordinates"":[]}"
20240619,2024-06-19,0.0750124454498291,"{""type"":""MultiPoint"",""coordinates"":[]}"
20240620,2024-06-20,1.368853449719154,"{""type"":""MultiPoint"",""coordinates"":[]}"
20240621,2024-06-21,4.273529901922757,"{""type"":""MultiPoint"",""coordinates"":[]}"
20240622,2024-06-22,0.023869736139658926,"{""type"":""MultiPoint"",""coordinates"":[]}"
20240623,2024-06-23,1.0744120755816766,"{""type"":""MultiPoint"",""coordinates"":[]}"
20240624,2024-06-24,2.851867675776276,"{""type"":""MultiPoint"",""coordinates"":[]}"
20240625,2024-06-25,4.327231645579133,"{""type"":""MultiPoint"",""coordinates"":[]}"
20240626,2024-06-26,9.465765953052596,"{""type"":""MultiPoint"",""coordinates"":[]}"
20240627,2024-06-27,13.284057378768921,"{""type"":""MultiPoint"",""coordinates"":[]}"
20240628,2024-06-28,7.073993875451379,"{""type"":""MultiPoint"",""coordinates"":[]}"
20240629,2024-06-29,16.676814959531328,"{""type"":""MultiPoint"",""coordinates"":[]}"
20240630,2024-06-30,8.1605987386979,"{""type"":""MultiPoint"",""coordinates"":[]}"
20240701,2024-07-01,14.875342440006989,"{""type"":""MultiPoint"",""coordinates"":[]}"
20240702,2024-07-02,21.80376648902893,"{""type"":""MultiPoint"",""coordinates"":[]}"
20240703,2024-07-03,21.175265312194824,"{""type"":""MultiPoint"",""coordinates"":[]}"
20240704,2024-07-04,11.352169964141012,"{""type"":""MultiPoint"",""coordinates"":[]}"
20240705,2024-07-05,18.31991672509048,"{""type"":""MultiPoint"",""coordinates"":[]}"
20240706,2024-07-06,4.731487908998133,"{""type"":""MultiPoint"",""coordinates"":[]}"
20240707,2024-07-07,0.3860890865325928,"{""type"":""MultiPoint"",""coordinates"":[]}"
20240708,2024-07-08,0.5199313163757324,"{""type"":""MultiPoint"",""coordinates"":[]}"
20240709,2024-07-09,3.9160341024349066,"{""type"":""MultiPoint"",""coordinates"":[]}"
20240710,2024-07-10,1.7089247703552246,"{""type"":""MultiPoint"",""coordinates"":[]}"
20240711,2024-07-11,0.5347013472487561,"{""type"":""MultiPoint"",""coordinates"":[]}"
20240712,2024-07-12,3.9776802062938543,"{""type"":""MultiPoint"",""coordinates"":[]}"
20240713,2024-07-13,4.053294658660889,"{""type"":""MultiPoint"",""coordinates"":[]}"
20240714,2024-07-14,0.42402148246267757,"{""type"":""MultiPoint"",""coordinates"":[]}"
20240715,2024-07-15,17.04519391059378,"{""type"":""MultiPoint"",""coordinates"":[]}"
20240716,2024-07-16,0.7776260375003119,"{""type"":""MultiPoint"",""coordinates"":[]}"
20240717,2024-07-17,0.36719441413879395,"{""type"":""MultiPoint"",""coordinates"":[]}"
20240718,2024-07-18,3.2887637614180676,"{""type"":""MultiPoint"",""coordinates"":[]}"
20240719,2024-07-19,1.5612781047025237,"{""type"":""MultiPoint"",""coordinates"":[]}"
20240720,2024-07-20,0.8571398926626728,"{""type"":""MultiPoint"",""coordinates"":[]}"
20240721,2024-07-21,2.8709352015425793,"{""type"":""MultiPoint"",""coordinates"":[]}"
20240722,2024-07-22,1.82524621476432,"{""type"":""MultiPoint"",""coordinates"":[]}"
20240723,2024-07-23,1.68551504611969,"{""type"":""MultiPoint"",""coordinates"":[]}"
20240724,2024-07-24,4.573854803936683,"{""type"":""MultiPoint"",""coordinates"":[]}"
20240725,2024-07-25,4.886102676380233,"{""type"":""MultiPoint"",""coordinates"":[]}"
20240726,2024-07-26,1.103430986404419,"{""type"":""MultiPoint"",""coordinates"":[]}"
20240727,2024-07-27,8.81659984588623,"{""type"":""MultiPoint"",""coordinates"":[]}"
20240728,2024-07-28,0.7505208253846263,"{""type"":""MultiPoint"",""coordinates"":[]}"
20240729,2024-07-29,0.16335844986770098,"{""type"":""MultiPoint"",""coordinates"":[]}"
20240730,2024-07-30,0.8607983588717616,"{""type"":""MultiPoint"",""coordinates"":[]}"
20240731,2024-07-31,15.295910835163795,"{""type"":""MultiPoint"",""coordinates"":[]}"
20240801,2024-08-01,12.517705921823108,"{""type"":""MultiPoint"",""coordinates"":[]}"
20240802,2024-08-02,1.6572654246260754,"{""type"":""MultiPoint"",""coordinates"":[]}"
20240803,2024-08-03,0.6831780617062577,"{""type"":""MultiPoint"",""coordinates"":[]}"
20240804,2024-08-04,0.36090612411499023,"{""type"":""MultiPoint"",""coordinates"":[]}"
20240805,2024-08-05,1.8074214458465576,"{""type"":""MultiPoint"",""coordinates"":[]}"
20240806,2024-08-06,0.42682886123657227,"{""type"":""MultiPoint"",""coordinates"":[]}"
20240807,2024-08-07,10.14631986618042,"{""type"":""MultiPoint"",""coordinates"":[]}"
20240808,2024-08-08,0.7578432559967041,"{""type"":""MultiPoint"",""coordinates"":[]}"
20240809,2024-08-09,6.060943007469177,"{""type"":""MultiPoint"",""coordinates"":[]}"
20240810,2024-08-10,18.157958984375,"{""type"":""MultiPoint"",""coordinates"":[]}"
20240811,2024-08-11,13.270610570902619,"{""type"":""MultiPoint"",""coordinates"":[]}"
20240812,2024-08-12,15.23400247096518,"{""type"":""MultiPoint"",""coordinates"":[]}"
20240813,2024-08-13,25.17874538898468,"{""type"":""MultiPoint"",""coordinates"":[]}"
20240814,2024-08-14,8.365422487258911,"{""type"":""MultiPoint"",""coordinates"":[]}"
20240815,2024-08-15,6.888076663017273,"{""type"":""MultiPoint"",""coordinates"":[]}"
20240816,2024-08-16,6.385007500643525,"{""type"":""MultiPoint"",""coordinates"":[]}"
20240817,2024-08-17,5.452290177345276,"{""type"":""MultiPoint"",""coordinates"":[]}"
20240818,2024-08-18,10.226392745970259,"{""type"":""MultiPoint"",""coordinates"":[]}"
20240819,2024-08-19,3.773018717765808,"{""type"":""MultiPoint"",""coordinates"":[]}"
20240820,2024-08-20,12.112579183792604,"{""type"":""MultiPoint"",""coordinates"":[]}"
20240821,2024-08-21,4.116951985054129,"{""type"":""MultiPoint"",""coordinates"":[]}"
20240822,2024-08-22,4.934388050287453,"{""type"":""MultiPoint"",""coordinates"":[]}"
20240823,2024-08-23,2.094449300670931,"{""type"":""MultiPoint"",""coordinates"":[]}"
20240824,2024-08-24,1.532524824142456,"{""type"":""MultiPoint"",""coordinates"":[]}"
20240825,2024-08-25,0.40687918652793087,"{""type"":""MultiPoint"",""coordinates"":[]}"
20240826,2024-08-26,5.400210618972778,"{""type"":""MultiPoint"",""coordinates"":[]}"
20240827,2024-08-27,17.788827419281006,"{""type"":""MultiPoint"",""coordinates"":[]}"
20240828,2024-08-28,19.477599859232697,"{""type"":""MultiPoint"",""coordinates"":[]}"
20240829,2024-08-29,7.705140113728248,"{""type"":""MultiPoint"",""coordinates"":[]}"
20240830,2024-08-30,9.291693568229675,"{""type"":""MultiPoint"",""coordinates"":[]}"
20240831,2024-08-31,0.2305388449599377,"{""type"":""MultiPoint"",""coordinates"":[]}"
20240901,2024-09-01,3.716009855224911,"{""type"":""MultiPoint"",""coordinates"":[]}"
20240902,2024-09-02,3.0206531286189886,"{""type"":""MultiPoint"",""coordinates"":[]}"
20240903,2024-09-03,6.21523261065704,"{""type"":""MultiPoint"",""coordinates"":[]}"
20240904,2024-09-04,4.198941588299476,"{""type"":""MultiPoint"",""coordinates"":[]}"
20240905,2024-09-05,6.242915987968445,"{""type"":""MultiPoint"",""coordinates"":[]}"
20240906,2024-09-06,10.998696088790894,"{""type"":""MultiPoint"",""coordinates"":[]}"
20240907,2024-09-07,6.203562021255493,"{""type"":""MultiPoint"",""coordinates"":[]}"
20240908,2024-09-08,0.20729516546680316,"{""type"":""MultiPoint"",""coordinates"":[]}"
20240909,2024-09-09,6.1999142169497645,"{""type"":""MultiPoint"",""coordinates"":[]}"
20240910,2024-09-10,1.7621190763748018,"{""type"":""MultiPoint"",""coordinates"":[]}"
20240911,2024-09-11,15.194702148335182,"{""type"":""MultiPoint"",""coordinates"":[]}"
20240912,2024-09-12,105.14969229689086,"{""type"":""MultiPoint"",""coordinates"":[]}"
20240913,2024-09-13,14.648884534778972,"{""type"":""MultiPoint"",""coordinates"":[]}"
20240914,2024-09-14,1.651722192661964,"{""type"":""MultiPoint"",""coordinates"":[]}"
20240915,2024-09-15,1.3735385657014376,"{""type"":""MultiPoint"",""coordinates"":[]}"
20240916,2024-09-16,0.05943775103744997,"{""type"":""MultiPoint"",""coordinates"":[]}"
20240917,2024-09-17,0.2532005310058594,"{""type"":""MultiPoint"",""coordinates"":[]}"
20240918,2024-09-18,28.724709153152617,"{""type"":""MultiPoint"",""coordinates"":[]}"
20240919,2024-09-19,0.5738140275752812,"{""type"":""MultiPoint"",""coordinates"":[]}"
20240920,2024-09-20,0.16945921413480391,"{""type"":""MultiPoint"",""coordinates"":[]}"
20240921,2024-09-21,0.47277808187118353,"{""type"":""MultiPoint"",""coordinates"":[]}"
20240922,2024-09-22,0.02317428578635372,"{""type"":""MultiPoint"",""coordinates"":[]}"
20240923,2024-09-23,8.65351637457934E-4,"{""type"":""MultiPoint"",""coordinates"":[]}"
20240924,2024-09-24,0.03992252874240876,"{""type"":""MultiPoint"",""coordinates"":[]}"
20240925,2024-09-25,1.3394206762313843,"{""type"":""MultiPoint"",""coordinates"":[]}"
20240926,2024-09-26,1.0991692543029785,"{""type"":""MultiPoint"",""coordinates"":[]}"
20240927,2024-09-27,0.698973683654458,"{""type"":""MultiPoint"",""coordinates"":[]}"
20240928,2024-09-28,0.006339998833482241,"{""type"":""MultiPoint"",""coordinates"":[]}"
20240929,2024-09-29,0.16840100278159298,"{""type"":""MultiPoint"",""coordinates"":[]}"
20240930,2024-09-30,0.0019811139395642385,"{""type"":""MultiPoint"",""coordinates"":[]}"
20241001,2024-10-01,0.04242360591888428,"{""type"":""MultiPoint"",""coordinates"":[]}"
20241002,2024-10-02,8.52346317969932E-4,"{""type"":""MultiPoint"",""coordinates"":[]}"
20241003,2024-10-03,0.002157955123038846,"{""type"":""MultiPoint"",""coordinates"":[]}"
20241004,2024-10-04,4.372209332359489E-4,"{""type"":""MultiPoint"",""coordinates"":[]}"
20241005,2024-10-05,4.357596594672941E-4,"{""type"":""MultiPoint"",""coordinates"":[]}"
20241006,2024-10-06,0.0031679868648382126,"{""type"":""MultiPoint"",""coordinates"":[]}"
20241007,2024-10-07,0.0,"{""type"":""MultiPoint"",""coordinates"":[]}"
20241008,2024-10-08,0.004792213417204039,"{""type"":""MultiPoint"",""coordinates"":[]}"
20241009,2024-10-09,0.0,"{""type"":""MultiPoint"",""coordinates"":[]}"
20241010,2024-10-10,8.626447538517823E-4,"{""type"":""MultiPoint"",""coordinates"":[]}"
20241011,2024-10-11,2.1536266103794333E-6,"{""type"":""MultiPoint"",""coordinates"":[]}"
20241012,2024-10-12,0.0,"{""type"":""MultiPoint"",""coordinates"":[]}"
20241013,2024-10-13,0.001291870034947351,"{""type"":""MultiPoint"",""coordinates"":[]}"
20241014,2024-10-14,0.0012874602361989673,"{""type"":""MultiPoint"",""coordinates"":[]}"
20241015,2024-10-15,0.0,"{""type"":""MultiPoint"",""coordinates"":[]}"
20241016,2024-10-16,4.2925047694097884E-4,"{""type"":""MultiPoint"",""coordinates"":[]}"
20241017,2024-10-17,8.523463748133508E-4,"{""type"":""MultiPoint"",""coordinates"":[]}"
20241018,2024-10-18,8.52346317969932E-4,"{""type"":""MultiPoint"",""coordinates"":[]}"
20241019,2024-10-19,0.0017184114540214068,"{""type"":""MultiPoint"",""coordinates"":[]}"
20241020,2024-10-20,0.001716613724056515,"{""type"":""MultiPoint"",""coordinates"":[]}"
20241021,2024-10-21,0.006476044649872392,"{""type"":""MultiPoint"",""coordinates"":[]}"
20241022,2024-10-22,8.523463748133508E-4,"{""type"":""MultiPoint"",""coordinates"":[]}"
20241023,2024-10-23,8.583068797918258E-4,"{""type"":""MultiPoint"",""coordinates"":[]}"
20241024,2024-10-24,8.583068797918258E-4,"{""type"":""MultiPoint"",""coordinates"":[]}"
20241025,2024-10-25,0.0017189478285217774,"{""type"":""MultiPoint"",""coordinates"":[]}"
20241026,2024-10-26,3.5610696613730397E-6,"{""type"":""MultiPoint"",""coordinates"":[]}"
20241027,2024-10-27,0.0,"{""type"":""MultiPoint"",""coordinates"":[]}"
20241028,2024-10-28,0.0,"{""type"":""MultiPoint"",""coordinates"":[]}"
20241029,2024-10-29,0.0,"{""type"":""MultiPoint"",""coordinates"":[]}"
20241030,2024-10-30,0.0,"{""type"":""MultiPoint"",""coordinates"":[]}"
20241031,2024-10-31,0.0,"{""type"":""MultiPoint"",""coordinates"":[]}"
20241101,2024-11-01,8.52346317969932E-4,"{""type"":""MultiPoint"",""coordinates"":[]}"
20241102,2024-11-02,8.612870487922919E-4,"{""type"":""MultiPoint"",""coordinates"":[]}"
20241103,2024-11-03,0.0025779399948078208,"{""type"":""MultiPoint"",""coordinates"":[]}"
20241104,2024-11-04,0.0,"{""type"":""MultiPoint"",""coordinates"":[]}"
20241105,2024-11-05,8.52346317969932E-4,"{""type"":""MultiPoint"",""coordinates"":[]}"
20241106,2024-11-06,0.0017231332662959176,"{""type"":""MultiPoint"",""coordinates"":[]}"
20241107,2024-11-07,0.002176625059746584,"{""type"":""MultiPoint"",""coordinates"":[]}"
20241108,2024-11-08,0.002372264759742393,"{""type"":""MultiPoint"",""coordinates"":[]}"
20241109,2024-11-09,0.00260770320892334,"{""type"":""MultiPoint"",""coordinates"":[]}"
20241110,2024-11-10,0.007393956082069053,"{""type"":""MultiPoint"",""coordinates"":[]}"
20241111,2024-11-11,0.06770491599539241,"{""type"":""MultiPoint"",""coordinates"":[]}"
20241112,2024-11-12,0.0034570693969726562,"{""type"":""MultiPoint"",""coordinates"":[]}"
20241113,2024-11-13,0.001716613667213096,"{""type"":""MultiPoint"",""coordinates"":[]}"
20241114,2024-11-14,4.291534487776971E-4,"{""type"":""MultiPoint"",""coordinates"":[]}"
20241115,2024-11-15,4.351138045421976E-4,"{""type"":""MultiPoint"",""coordinates"":[]}"
20241116,2024-11-16,8.52346317969932E-4,"{""type"":""MultiPoint"",""coordinates"":[]}"
20241117,2024-11-17,0.031501054763793945,"{""type"":""MultiPoint"",""coordinates"":[]}"
20241118,2024-11-18,0.00258088101645626,"{""type"":""MultiPoint"",""coordinates"":[]}"
20241119,2024-11-19,0.001293420723413874,"{""type"":""MultiPoint"",""coordinates"":[]}"
20241120,2024-11-20,0.0,"{""type"":""MultiPoint"",""coordinates"":[]}"
20241121,2024-11-21,0.001732042733237904,"{""type"":""MultiPoint"",""coordinates"":[]}"
20241122,2024-11-22,4.261732051702438E-4,"{""type"":""MultiPoint"",""coordinates"":[]}"
20241123,2024-11-23,0.001311302071371756,"{""type"":""MultiPoint"",""coordinates"":[]}"
20241124,2024-11-24,0.0,"{""type"":""MultiPoint"",""coordinates"":[]}"
20241125,2024-11-25,8.583068797918258E-4,"{""type"":""MultiPoint"",""coordinates"":[]}"
20241126,2024-11-26,0.0,"{""type"":""MultiPoint"",""coordinates"":[]}"
20241127,2024-11-27,0.0,"{""type"":""MultiPoint"",""coordinates"":[]}"
20241128,2024-11-28,0.0017189909726766928,"{""type"":""MultiPoint"",""coordinates"":[]}"
20241129,2024-11-29,0.001293420723413874,"{""type"":""MultiPoint"",""coordinates"":[]}"
20241130,2024-11-30,0.0,"{""type"":""MultiPoint"",""coordinates"":[]}"
20241201,2024-12-01,0.004296702400097274,"{""type"":""MultiPoint"",""coordinates"":[]}"
20241202,2024-12-02,-5.190713636693545E-6,"{""type"":""MultiPoint"",""coordinates"":[]}"
20241203,2024-12-03,4.351138045421976E-4,"{""type"":""MultiPoint"",""coordinates"":[]}"
20241204,2024-12-04,0.002139806724699156,"{""type"":""MultiPoint"",""coordinates"":[]}"
20241205,2024-12-05,4.420513164404838E-4,"{""type"":""MultiPoint"",""coordinates"":[]}"
20241206,2024-12-06,0.001716613724056515,"{""type"":""MultiPoint"",""coordinates"":[]}"
20241207,2024-12-07,0.0012814997489840607,"{""type"":""MultiPoint"",""coordinates"":[]}"
20241208,2024-12-08,1.0400116443634033,"{""type"":""MultiPoint"",""coordinates"":[]}"
20241209,2024-12-09,0.0030355261060321936,"{""type"":""MultiPoint"",""coordinates"":[]}"
20241210,2024-12-10,8.52346317969932E-4,"{""type"":""MultiPoint"",""coordinates"":[]}"
20241211,2024-12-11,0.0,"{""type"":""MultiPoint"",""coordinates"":[]}"
20241212,2024-12-12,0.0025736953261912277,"{""type"":""MultiPoint"",""coordinates"":[]}"
20241213,2024-12-13,0.0,"{""type"":""MultiPoint"",""coordinates"":[]}"
20241214,2024-12-14,8.70227722771233E-4,"{""type"":""MultiPoint"",""coordinates"":[]}"
20241215,2024-12-15,0.0,"{""type"":""MultiPoint"",""coordinates"":[]}"
20241216,2024-12-16,4.261732051702438E-4,"{""type"":""MultiPoint"",""coordinates"":[]}"
20241217,2024-12-17,8.596848033448623E-4,"{""type"":""MultiPoint"",""coordinates"":[]}"
20241218,2024-12-18,0.0012898295267405047,"{""type"":""MultiPoint"",""coordinates"":[]}"
20241219,2024-12-19,8.493368213180474E-4,"{""type"":""MultiPoint"",""coordinates"":[]}"
20241220,2024-12-20,0.0,"{""type"":""MultiPoint"",""coordinates"":[]}"
20241221,2024-12-21,0.0,"{""type"":""MultiPoint"",""coordinates"":[]}"
20241222,2024-12-22,8.580373673794384E-4,"{""type"":""MultiPoint"",""coordinates"":[]}"
20241223,2024-12-23,3.9168596267700195,"{""type"":""MultiPoint"",""coordinates"":[]}"
20241224,2024-12-24,0.44210446088754907,"{""type"":""MultiPoint"",""coordinates"":[]}"
20241225,2024-12-25,1.2027840057271533E-5,"{""type"":""MultiPoint"",""coordinates"":[]}"
20241226,2024-12-26,0.0012889990443909483,"{""type"":""MultiPoint"",""coordinates"":[]}"
20241227,2024-12-27,24.686592967043453,"{""type"":""MultiPoint"",""coordinates"":[]}"
20241228,2024-12-28,5.5304765701293945,"{""type"":""MultiPoint"",""coordinates"":[]}"
20241229,2024-12-29,0.01844167708853206,"{""type"":""MultiPoint"",""coordinates"":[]}"
20241230,2024-12-30,8.583068797918258E-4,"{""type"":""MultiPoint"",""coordinates"":[]}"
20241231,2024-12-31,0.016510486602783203,"{""type"":""MultiPoint"",""coordinates"":[]}"
20250101,2025-01-01,0.005543231964111328,"{""type"":""MultiPoint"",""coordinates"":[]}"
20250102,2025-01-02,0.0,"{""type"":""MultiPoint"",""coordinates"":[]}"
20250103,2025-01-03,8.52346317969932E-4,"{""type"":""MultiPoint"",""coordinates"":[]}"
20250104,2025-01-04,0.0,"{""type"":""MultiPoint"",""coordinates"":[]}"
20250105,2025-01-05,0.018298625946044922,"{""type"":""MultiPoint"",""coordinates"":[]}"
20250106,2025-01-06,0.026656339855435363,"{""type"":""MultiPoint"",""coordinates"":[]}"
20250107,2025-01-07,0.0021358308686103555,"{""type"":""MultiPoint"",""coordinates"":[]}"
20250108,2025-01-08,8.52346317969932E-4,"{""type"":""MultiPoint"",""coordinates"":[]}"
20250109,2025-01-09,0.0,"{""type"":""MultiPoint"",""coordinates"":[]}"
20250110,2025-01-10,0.0030149575422910857,"{""type"":""MultiPoint"",""coordinates"":[]}"
20250111,2025-01-11,3.981027007000648,"{""type"":""MultiPoint"",""coordinates"":[]}"
20250112,2025-01-12,1.1737346649169922,"{""type"":""MultiPoint"",""coordinates"":[]}"
20250113,2025-01-13,8.612871056357108E-4,"{""type"":""MultiPoint"",""coordinates"":[]}"
20250114,2025-01-14,0.001275539318612573,"{""type"":""MultiPoint"",""coordinates"":[]}"
20250115,2025-01-15,3.3671021461145756,"{""type"":""MultiPoint"",""coordinates"":[]}"
20250116,2025-01-16,0.4056781529584441,"{""type"":""MultiPoint"",""coordinates"":[]}"
20250117,2025-01-17,8.583068797918258E-4,"{""type"":""MultiPoint"",""coordinates"":[]}"
20250118,2025-01-18,0.001716613667213096,"{""type"":""MultiPoint"",""coordinates"":[]}"
20250119,2025-01-19,0.0021209168608038453,"{""type"":""MultiPoint"",""coordinates"":[]}"
20250120,2025-01-20,0.0,"{""type"":""MultiPoint"",""coordinates"":[]}"
20250121,2025-01-21,0.0017136334804490616,"{""type"":""MultiPoint"",""coordinates"":[]}"
20250122,2025-01-22,0.11878609655013861,"{""type"":""MultiPoint"",""coordinates"":[]}"
20250123,2025-01-23,0.0012904397976853943,"{""type"":""MultiPoint"",""coordinates"":[]}"
20250124,2025-01-24,0.0017212703937730112,"{""type"":""MultiPoint"",""coordinates"":[]}"
20250125,2025-01-25,0.0,"{""type"":""MultiPoint"",""coordinates"":[]}"
20250126,2025-01-26,0.0012874602361989673,"{""type"":""MultiPoint"",""coordinates"":[]}"
20250127,2025-01-27,4.351138045421976E-4,"{""type"":""MultiPoint"",""coordinates"":[]}"
20250128,2025-01-28,0.0012993811537853617,"{""type"":""MultiPoint"",""coordinates"":[]}"
20250129,2025-01-29,8.644283866487967E-4,"{""type"":""MultiPoint"",""coordinates"":[]}"
20250130,2025-01-30,4.351138045421976E-4,"{""type"":""MultiPoint"",""coordinates"":[]}"
20250131,2025-01-31,8.52346317969932E-4,"{""type"":""MultiPoint"",""coordinates"":[]}"
20250201,2025-02-01,0.19525885581472835,"{""type"":""MultiPoint"",""coordinates"":[]}"
20250202,2025-02-02,0.0034286841632535925,"{""type"":""MultiPoint"",""coordinates"":[]}"
20250203,2025-02-03,0.3212495009279337,"{""type"":""MultiPoint"",""coordinates"":[]}"
20250204,2025-02-04,0.9286463261446443,"{""type"":""MultiPoint"",""coordinates"":[]}"
20250205,2025-02-05,8.52346317969932E-4,"{""type"":""MultiPoint"",""coordinates"":[]}"
20250206,2025-02-06,0.00300407407394232,"{""type"":""MultiPoint"",""coordinates"":[]}"
20250207,2025-02-07,4.351138045421976E-4,"{""type"":""MultiPoint"",""coordinates"":[]}"
20250208,2025-02-08,0.0,"{""type"":""MultiPoint"",""coordinates"":[]}"
20250209,2025-02-09,0.0,"{""type"":""MultiPoint"",""coordinates"":[]}"
20250210,2025-02-10,0.003004074017098901,"{""type"":""MultiPoint"",""coordinates"":[]}"
20250211,2025-02-11,8.52346317969932E-4,"{""type"":""MultiPoint"",""coordinates"":[]}"
20250212,2025-02-12,8.52346317969932E-4,"{""type"":""MultiPoint"",""coordinates"":[]}"
20250213,2025-02-13,0.0017298235093221592,"{""type"":""MultiPoint"",""coordinates"":[]}"
20250214,2025-02-14,0.0017225741544280027,"{""type"":""MultiPoint"",""coordinates"":[]}"
20250215,2025-02-15,0.0017292410916525114,"{""type"":""MultiPoint"",""coordinates"":[]}"
20250216,2025-02-16,0.0030159944799379446,"{""type"":""MultiPoint"",""coordinates"":[]}"
20250217,2025-02-17,8.52346317969932E-4,"{""type"":""MultiPoint"",""coordinates"":[]}"
20250218,2025-02-18,0.017583370208740234,"{""type"":""MultiPoint"",""coordinates"":[]}"
20250219,2025-02-19,0.6730258464813232,"{""type"":""MultiPoint"",""coordinates"":[]}"
20250220,2025-02-20,10.375186800899883,"{""type"":""MultiPoint"",""coordinates"":[]}"
20250221,2025-02-21,0.002148747341834678,"{""type"":""MultiPoint"",""coordinates"":[]}"
20250222,2025-02-22,0.0,"{""type"":""MultiPoint"",""coordinates"":[]}"
20250223,2025-02-23,8.52346317969932E-4,"{""type"":""MultiPoint"",""coordinates"":[]}"
20250224,2025-02-24,8.61157957388059E-4,"{""type"":""MultiPoint"",""coordinates"":[]}"
20250225,2025-02-25,0.0012804500215679582,"{""type"":""MultiPoint"",""coordinates"":[]}"
20250226,2025-02-26,0.009603268324553937,"{""type"":""MultiPoint"",""coordinates"":[]}"
20250227,2025-02-27,0.9981460165136014,"{""type"":""MultiPoint"",""coordinates"":[]}"
20250228,2025-02-28,18.784955143075877,"{""type"":""MultiPoint"",""coordinates"":[]}"
20250301,2025-03-01,2.3025423288345337,"{""type"":""MultiPoint"",""coordinates"":[]}"
20250302,2025-03-02,0.0025808809596128413,"{""type"":""MultiPoint"",""coordinates"":[]}"
20250303,2025-03-03,0.0015497207641601562,"{""type"":""MultiPoint"",""coordinates"":[]}"
20250304,2025-03-04,4.351138045421976E-4,"{""type"":""MultiPoint"",""coordinates"":[]}"
20250305,2025-03-05,4.351138045421976E-4,"{""type"":""MultiPoint"",""coordinates"":[]}"
20250306,2025-03-06,0.0,"{""type"":""MultiPoint"",""coordinates"":[]}"
20250307,2025-03-07,0.0,"{""type"":""MultiPoint"",""coordinates"":[]}"
20250308,2025-03-08,0.003424527676543221,"{""type"":""MultiPoint"",""coordinates"":[]}"
20250309,2025-03-09,4.5299537987375516E-4,"{""type"":""MultiPoint"",""coordinates"":[]}"
20250310,2025-03-10,0.001706004354673496,"{""type"":""MultiPoint"",""coordinates"":[]}"
20250311,2025-03-11,8.661645729546308E-4,"{""type"":""MultiPoint"",""coordinates"":[]}"
20250312,2025-03-12,0.00172257422903499,"{""type"":""MultiPoint"",""coordinates"":[]}"
20250313,2025-03-13,9.746003150837623,"{""type"":""MultiPoint"",""coordinates"":[]}"
20250314,2025-03-14,1.1409759521257001,"{""type"":""MultiPoint"",""coordinates"":[]}"
20250315,2025-03-15,1.1497313897734784,"{""type"":""MultiPoint"",""coordinates"":[]}"
20250316,2025-03-16,0.07888078687301459,"{""type"":""MultiPoint"",""coordinates"":[]}"
20250317,2025-03-17,0.0,"{""type"":""MultiPoint"",""coordinates"":[]}"
20250318,2025-03-18,0.0017046928064701206,"{""type"":""MultiPoint"",""coordinates"":[]}"
20250319,2025-03-19,0.0,"{""type"":""MultiPoint"",""coordinates"":[]}"
20250320,2025-03-20,4.351138045421976E-4,"{""type"":""MultiPoint"",""coordinates"":[]}"
20250321,2025-03-21,0.001718067892397812,"{""type"":""MultiPoint"",""coordinates"":[]}"
20250322,2025-03-22,0.03303885449668087,"{""type"":""MultiPoint"",""coordinates"":[]}"
20250323,2025-03-23,0.001714378186079557,"{""type"":""MultiPoint"",""coordinates"":[]}"
20250324,2025-03-24,0.0,"{""type"":""MultiPoint"",""coordinates"":[]}"
20250325,2025-03-25,8.523463748133508E-4,"{""type"":""MultiPoint"",""coordinates"":[]}"
20250326,2025-03-26,8.52346317969932E-4,"{""type"":""MultiPoint"",""coordinates"":[]}"
20250327,2025-03-27,4.351138613856165E-4,"{""type"":""MultiPoint"",""coordinates"":[]}"
20250328,2025-03-28,0.0021506081111510866,"{""type"":""MultiPoint"",""coordinates"":[]}"
20250329,2025-03-29,8.534659237113829E-4,"{""type"":""MultiPoint"",""coordinates"":[]}"
20250330,2025-03-30,8.583068797918258E-4,"{""type"":""MultiPoint"",""coordinates"":[]}"
20250331,2025-03-31,0.001284479992591514,"{""type"":""MultiPoint"",""coordinates"":[]}"
20250401,2025-04-01,8.583068620282575E-4,"{""type"":""MultiPoint"",""coordinates"":[]}"
20250402,2025-04-02,4.286470129954978E-4,"{""type"":""MultiPoint"",""coordinates"":[]}"
20250403,2025-04-03,0.0017225742112714215,"{""type"":""MultiPoint"",""coordinates"":[]}"
20250404,2025-04-04,0.0,"{""type"":""MultiPoint"",""coordinates"":[]}"
20250405,2025-04-05,0.0025772114895517007,"{""type"":""MultiPoint"",""coordinates"":[]}"
20250406,2025-04-06,4.351138045421976E-4,"{""type"":""MultiPoint"",""coordinates"":[]}"
20250407,2025-04-07,4.351138045421976E-4,"{""type"":""MultiPoint"",""coordinates"":[]}"
20250408,2025-04-08,0.0,"{""type"":""MultiPoint"",""coordinates"":[]}"
20250409,2025-04-09,1.1450529098055995,"{""type"":""MultiPoint"",""coordinates"":[]}"
20250410,2025-04-10,3.474372625248634,"{""type"":""MultiPoint"",""coordinates"":[]}"
20250411,2025-04-11,0.09509347654557132,"{""type"":""MultiPoint"",""coordinates"":[]}"
20250412,2025-04-12,2.9438578172857888,"{""type"":""MultiPoint"",""coordinates"":[]}"
20250413,2025-04-13,0.0014036892821422953,"{""type"":""MultiPoint"",""coordinates"":[]}"
20250414,2025-04-14,8.569624583287805E-4,"{""type"":""MultiPoint"",""coordinates"":[]}"
20250415,2025-04-15,8.485518492307165E-4,"{""type"":""MultiPoint"",""coordinates"":[]}"
20250416,2025-04-16,0.02720952033996582,"{""type"":""MultiPoint"",""coordinates"":[]}"
20250417,2025-04-17,0.003012163347193564,"{""type"":""MultiPoint"",""coordinates"":[]}"
20250418,2025-04-18,1.734781265156471,"{""type"":""MultiPoint"",""coordinates"":[]}"
20250419,2025-04-19,0.009122490780555381,"{""type"":""MultiPoint"",""coordinates"":[]}"
20250420,2025-04-20,0.9304583072093919,"{""type"":""MultiPoint"",""coordinates"":[]}"
20250421,2025-04-21,0.0018727008637142717,"{""type"":""MultiPoint"",""coordinates"":[]}"
20250422,2025-04-22,0.0012823281849705381,"{""type"":""MultiPoint"",""coordinates"":[]}"
20250423,2025-04-23,0.0012874602930423862,"{""type"":""MultiPoint"",""coordinates"":[]}"
20250424,2025-04-24,8.633459387397124E-4,"{""type"":""MultiPoint"",""coordinates"":[]}"
20250425,2025-04-25,8.551389569788626E-4,"{""type"":""MultiPoint"",""coordinates"":[]}"
20250426,2025-04-26,0.0,"{""type"":""MultiPoint"",""coordinates"":[]}"
20250427,2025-04-27,0.005432976365682407,"{""type"":""MultiPoint"",""coordinates"":[]}"
20250428,2025-04-28,0.027006133279883215,"{""type"":""MultiPoint"",""coordinates"":[]}"
20250429,2025-04-29,0.0,"{""type"":""MultiPoint"",""coordinates"":[]}"
20250430,2025-04-30,0.0,"{""type"":""MultiPoint"",""coordinates"":[]}"
20250501,2025-05-01,0.0026064295184369257,"{""type"":""MultiPoint"",""coordinates"":[]}"
20250502,2025-05-02,1.1814831922833946,"{""type"":""MultiPoint"",""coordinates"":[]}"
20250503,2025-05-03,3.3904165029525757,"{""type"":""MultiPoint"",""coordinates"":[]}"
20250504,2025-05-04,10.250209541052158,"{""type"":""MultiPoint"",""coordinates"":[]}"
20250505,2025-05-05,0.2751231193087733,"{""type"":""MultiPoint"",""coordinates"":[]}"
20250506,2025-05-06,6.317112360079591,"{""type"":""MultiPoint"",""coordinates"":[]}"
20250507,2025-05-07,2.388129162586239,"{""type"":""MultiPoint"",""coordinates"":[]}"
20250508,2025-05-08,1.5350639869033955,"{""type"":""MultiPoint"",""coordinates"":[]}"
20250509,2025-05-09,2.528625726597511,"{""type"":""MultiPoint"",""coordinates"":[]}"
20250510,2025-05-10,4.235365986822615,"{""type"":""MultiPoint"",""coordinates"":[]}"
20250511,2025-05-11,0.04605352878073177,"{""type"":""MultiPoint"",""coordinates"":[]}"
20250512,2025-05-12,0.039905309620280605,"{""type"":""MultiPoint"",""coordinates"":[]}"
20250513,2025-05-13,0.024759769434723466,"{""type"":""MultiPoint"",""coordinates"":[]}"
20250514,2025-05-14,0.0,"{""type"":""MultiPoint"",""coordinates"":[]}"
20250515,2025-05-15,0.001711839331619558,"{""type"":""MultiPoint"",""coordinates"":[]}"
20250516,2025-05-16,0.0016272067000500101,"{""type"":""MultiPoint"",""coordinates"":[]}"
20250517,2025-05-17,0.002998113643570832,"{""type"":""MultiPoint"",""coordinates"":[]}"
20250518,2025-05-18,0.0021517271306947805,"{""type"":""MultiPoint"",""coordinates"":[]}"
20250519,2025-05-19,0.03859836050423837,"{""type"":""MultiPoint"",""coordinates"":[]}"
20250520,2025-05-20,8.484290106025583E-4,"{""type"":""MultiPoint"",""coordinates"":[]}"
20250521,2025-05-21,2.164214199865455,"{""type"":""MultiPoint"",""coordinates"":[]}"
20250522,2025-05-22,0.379413366317749,"{""type"":""MultiPoint"",""coordinates"":[]}"
20250523,2025-05-23,0.0,"{""type"":""MultiPoint"",""coordinates"":[]}"
20250524,2025-05-24,0.7665514945074392,"{""type"":""MultiPoint"",""coordinates"":[]}"
20250525,2025-05-25,10.564088821411133,"{""type"":""MultiPoint"",""coordinates"":[]}"
20250526,2025-05-26,1.6422271728515625,"{""type"":""MultiPoint"",""coordinates"":[]}"
20250527,2025-05-27,0.24604499338920505,"{""type"":""MultiPoint"",""coordinates"":[]}"
20250528,2025-05-28,0.0508725643157959,"{""type"":""MultiPoint"",""coordinates"":[]}"
20250529,2025-05-29,0.12840330600738525,"{""type"":""MultiPoint"",""coordinates"":[]}"
20250530,2025-05-30,1.0632872581481934,"{""type"":""MultiPoint"",""coordinates"":[]}"
20250531,2025-05-31,0.04342231045484368,"{""type"":""MultiPoint"",""coordinates"":[]}"
20250601,2025-06-01,0.25124003360588176,"{""type"":""MultiPoint"",""coordinates"":[]}"
20250602,2025-06-02,0.4998147487640381,"{""type"":""MultiPoint"",""coordinates"":[]}"
20250603,2025-06-03,1.408749818796906,"{""type"":""MultiPoint"",""coordinates"":[]}"
20250604,2025-06-04,5.59044778346518,"{""type"":""MultiPoint"",""coordinates"":[]}"
20250605,2025-06-05,0.7375180721282959,"{""type"":""MultiPoint"",""coordinates"":[]}"
20250606,2025-06-06,0.0,"{""type"":""MultiPoint"",""coordinates"":[]}"
20250607,2025-06-07,4.410743663640915E-4,"{""type"":""MultiPoint"",""coordinates"":[]}"
20250608,2025-06-08,8.583068797918258E-4,"{""type"":""MultiPoint"",""coordinates"":[]}"
20250609,2025-06-09,8.702277796146518E-4,"{""type"":""MultiPoint"",""coordinates"":[]}"
20250610,2025-06-10,8.52346317969932E-4,"{""type"":""MultiPoint"",""coordinates"":[]}"
20250611,2025-06-11,0.0,"{""type"":""MultiPoint"",""coordinates"":[]}"
20250612,2025-06-12,0.08853673934439144,"{""type"":""MultiPoint"",""coordinates"":[]}"
20250613,2025-06-13,0.017321109737622464,"{""type"":""MultiPoint"",""coordinates"":[]}"
20250614,2025-06-14,0.11483132840339749,"{""type"":""MultiPoint"",""coordinates"":[]}"
20250615,2025-06-15,7.087604994922003,"{""type"":""MultiPoint"",""coordinates"":[]}"
20250616,2025-06-16,6.875544784520571,"{""type"":""MultiPoint"",""coordinates"":[]}"
20250617,2025-06-17,32.81405568122864,"{""type"":""MultiPoint"",""coordinates"":[]}"
20250618,2025-06-18,18.23711991306709,"{""type"":""MultiPoint"",""coordinates"":[]}"
20250619,2025-06-19,8.174285292625427,"{""type"":""MultiPoint"",""coordinates"":[]}"
20250620,2025-06-20,1.1427223681721443,"{""type"":""MultiPoint"",""coordinates"":[]}"
20250621,2025-06-21,0.6281793117182133,"{""type"":""MultiPoint"",""coordinates"":[]}"
20250622,2025-06-22,0.7526516914317938,"{""type"":""MultiPoint"",""coordinates"":[]}"
20250623,2025-06-23,2.888877913505894,"{""type"":""MultiPoint"",""coordinates"":[]}"
20250624,2025-06-24,2.03642478936672,"{""type"":""MultiPoint"",""coordinates"":[]}"
20250625,2025-06-25,2.923119068100277,"{""type"":""MultiPoint"",""coordinates"":[]}"
20250626,2025-06-26,0.4921257495880127,"{""type"":""MultiPoint"",""coordinates"":[]}"
20250627,2025-06-27,4.066750407218933,"{""type"":""MultiPoint"",""coordinates"":[]}"
20250628,2025-06-28,11.560246983549405,"{""type"":""MultiPoint"",""coordinates"":[]}"
20250629,2025-06-29,18.01089466925987,"{""type"":""MultiPoint"",""coordinates"":[]}"
20250630,2025-06-30,4.625061154360566,"{""type"":""MultiPoint"",""coordinates"":[]}"
20250701,2025-07-01,0.2687424421310425,"{""type"":""MultiPoint"",""coordinates"":[]}"
20250702,2025-07-02,4.692706465618812,"{""type"":""MultiPoint"",""coordinates"":[]}"
20250703,2025-07-03,4.904913902180397,"{""type"":""MultiPoint"",""coordinates"":[]}"
20250704,2025-07-04,5.030098557369911,"{""type"":""MultiPoint"",""coordinates"":[]}"
20250705,2025-07-05,7.035303115799252,"{""type"":""MultiPoint"",""coordinates"":[]}"
20250706,2025-07-06,14.108228683369362,"{""type"":""MultiPoint"",""coordinates"":[]}"
20250707,2025-07-07,13.92066478729248,"{""type"":""MultiPoint"",""coordinates"":[]}"
20250708,2025-07-08,8.325710892677307,"{""type"":""MultiPoint"",""coordinates"":[]}"
20250709,2025-07-09,39.40313790371874,"{""type"":""MultiPoint"",""coordinates"":[]}"
20250710,2025-07-10,15.254306793242023,"{""type"":""MultiPoint"",""coordinates"":[]}"
20250711,2025-07-11,11.42359077925903,"{""type"":""MultiPoint"",""coordinates"":[]}"
20250712,2025-07-12,6.686645746185604,"{""type"":""MultiPoint"",""coordinates"":[]}"
20250713,2025-07-13,21.741843223480828,"{""type"":""MultiPoint"",""coordinates"":[]}"
20250714,2025-07-14,7.476106286048889,"{""type"":""MultiPoint"",""coordinates"":[]}"
20250715,2025-07-15,6.442302465433869,"{""type"":""MultiPoint"",""coordinates"":[]}"
20250716,2025-07-16,2.4277336413938144,"{""type"":""MultiPoint"",""coordinates"":[]}"
20250717,2025-07-17,11.961645639985363,"{""type"":""MultiPoint"",""coordinates"":[]}"
20250718,2025-07-18,1.442455249446084,"{""type"":""MultiPoint"",""coordinates"":[]}"
20250719,2025-07-19,0.2489236543574691,"{""type"":""MultiPoint"",""coordinates"":[]}"
20250720,2025-07-20,0.028842687601837724,"{""type"":""MultiPoint"",""coordinates"":[]}"
20250721,2025-07-21,4.975631833076477,"{""type"":""MultiPoint"",""coordinates"":[]}"
20250722,2025-07-22,4.015535116195679,"{""type"":""MultiPoint"",""coordinates"":[]}"
20250723,2025-07-23,7.999125375079075,"{""type"":""MultiPoint"",""coordinates"":[]}"
20250724,2025-07-24,1.415759324913779,"{""type"":""MultiPoint"",""coordinates"":[]}"
20250725,2025-07-25,4.738718271255493,"{""type"":""MultiPoint"",""coordinates"":[]}"
20250726,2025-07-26,2.4852454662323,"{""type"":""MultiPoint"",""coordinates"":[]}"
20250727,2025-07-27,3.1529217958450317,"{""type"":""MultiPoint"",""coordinates"":[]}"
20250728,2025-07-28,5.045980215072632,"{""type"":""MultiPoint"",""coordinates"":[]}"
20250729,2025-07-29,10.377079248428345,"{""type"":""MultiPoint"",""coordinates"":[]}"
20250730,2025-07-30,12.601539492607117,"{""type"":""MultiPoint"",""coordinates"":[]}"
20250731,2025-07-31,25.881987809043494,"{""type"":""MultiPoint"",""coordinates"":[]}"
20250801,2025-08-01,5.639615654899899,"{""type"":""MultiPoint"",""coordinates"":[]}"
20250802,2025-08-02,3.051665425232386,"{""type"":""MultiPoint"",""coordinates"":[]}"
20250803,2025-08-03,6.799629330544121,"{""type"":""MultiPoint"",""coordinates"":[]}"
20250804,2025-08-04,17.99073219302727,"{""type"":""MultiPoint"",""coordinates"":[]}"
20250805,2025-08-05,5.8547477619868005,"{""type"":""MultiPoint"",""coordinates"":[]}"
20250806,2025-08-06,0.5513411331321549,"{""type"":""MultiPoint"",""coordinates"":[]}"
20250807,2025-08-07,0.04840080180201767,"{""type"":""MultiPoint"",""coordinates"":[]}"
20250808,2025-08-08,6.959736347198486,"{""type"":""MultiPoint"",""coordinates"":[]}"
20250809,2025-08-09,38.218131661380994,"{""type"":""MultiPoint"",""coordinates"":[]}"
20250810,2025-08-10,1.634681224821577,"{""type"":""MultiPoint"",""coordinates"":[]}"
20250811,2025-08-11,8.325904607772827,"{""type"":""MultiPoint"",""coordinates"":[]}"
20250812,2025-08-12,0.45602337235095547,"{""type"":""MultiPoint"",""coordinates"":[]}"
20250813,2025-08-13,1.07380002100399,"{""type"":""MultiPoint"",""coordinates"":[]}"
20250814,2025-08-14,9.264358878130707,"{""type"":""MultiPoint"",""coordinates"":[]}"
20250815,2025-08-15,5.972092193417211,"{""type"":""MultiPoint"",""coordinates"":[]}"
20250816,2025-08-16,1.8182646977606964,"{""type"":""MultiPoint"",""coordinates"":[]}"
20250817,2025-08-17,9.622126817703247,"{""type"":""MultiPoint"",""coordinates"":[]}"
20250818,2025-08-18,3.1141431758427984,"{""type"":""MultiPoint"",""coordinates"":[]}"
20250819,2025-08-19,0.45496523370047726,"{""type"":""MultiPoint"",""coordinates"":[]}"
20250820,2025-08-20,1.1119425295760266,"{""type"":""MultiPoint"",""coordinates"":[]}"
20250821,2025-08-21,10.142051951447684,"{""type"":""MultiPoint"",""coordinates"":[]}"
20250822,2025-08-22,1.6380548477172852,"{""type"":""MultiPoint"",""coordinates"":[]}"
20250823,2025-08-23,13.478630781172285,"{""type"":""MultiPoint"",""coordinates"":[]}"
20250824,2025-08-24,17.58691668510437,"{""type"":""MultiPoint"",""coordinates"":[]}"
20250825,2025-08-25,24.313122034072876,"{""type"":""MultiPoint"",""coordinates"":[]}"
20250826,2025-08-26,28.361308574574196,"{""type"":""MultiPoint"",""coordinates"":[]}"
20250827,2025-08-27,9.555026888847351,"{""type"":""MultiPoint"",""coordinates"":[]}"
20250828,2025-08-28,6.1825655059806195,"{""type"":""MultiPoint"",""coordinates"":[]}"
20250829,2025-08-29,13.167327039127485,"{""type"":""MultiPoint"",""coordinates"":[]}"
20250830,2025-08-30,8.47266020036841,"{""type"":""MultiPoint"",""coordinates"":[]}"
20250831,2025-08-31,35.19128960033413,"{""type"":""MultiPoint"",""coordinates"":[]}"
20250901,2025-09-01,87.02601145508737,"{""type"":""MultiPoint"",""coordinates"":[]}"
20250902,2025-09-02,55.86588603415521,"{""type"":""MultiPoint"",""coordinates"":[]}"
20250903,2025-09-03,19.767084717745576,"{""type"":""MultiPoint"",""coordinates"":[]}"
20250904,2025-09-04,4.8496663570354315,"{""type"":""MultiPoint"",""coordinates"":[]}"
20250905,2025-09-05,15.026658773422241,"{""type"":""MultiPoint"",""coordinates"":[]}"
20250906,2025-09-06,3.6753207445094915,"{""type"":""MultiPoint"",""coordinates"":[]}"
20250907,2025-09-07,7.685700058932099,"{""type"":""MultiPoint"",""coordinates"":[]}"
20250908,2025-09-08,9.894806146519386,"{""type"":""MultiPoint"",""coordinates"":[]}"
20250909,2025-09-09,0.4539608955269614,"{""type"":""MultiPoint"",""coordinates"":[]}"
20250910,2025-09-10,0.07393360129981374,"{""type"":""MultiPoint"",""coordinates"":[]}"
20250911,2025-09-11,0.00788271427154541,"{""type"":""MultiPoint"",""coordinates"":[]}"
20250912,2025-09-12,0.17786324013968624,"{""type"":""MultiPoint"",""coordinates"":[]}"
20250913,2025-09-13,0.06632804860373653,"{""type"":""MultiPoint"",""coordinates"":[]}"
20250914,2025-09-14,0.2261340618119334,"{""type"":""MultiPoint"",""coordinates"":[]}"
20250915,2025-09-15,0.0027197211238672026,"{""type"":""MultiPoint"",""coordinates"":[]}"
20250916,2025-09-16,0.6011426448822021,"{""type"":""MultiPoint"",""coordinates"":[]}"
20250917,2025-09-17,2.1190524100234143,"{""type"":""MultiPoint"",""coordinates"":[]}"
20250918,2025-09-18,0.8151829242706299,"{""type"":""MultiPoint"",""coordinates"":[]}"
20250919,2025-09-19,0.47000646590689144,"{""type"":""MultiPoint"",""coordinates"":[]}"
20250920,2025-09-20,0.07444322108085544,"{""type"":""MultiPoint"",""coordinates"":[]}"
20250921,2025-09-21,0.005829334156715049,"{""type"":""MultiPoint"",""coordinates"":[]}"
20250922,2025-09-22,0.004535913376457756,"{""type"":""MultiPoint"",""coordinates"":[]}"
20250923,2025-09-23,0.0,"{""type"":""MultiPoint"",""coordinates"":[]}"
20250924,2025-09-24,0.0,"{""type"":""MultiPoint"",""coordinates"":[]}"
20250925,2025-09-25,0.0,"{""type"":""MultiPoint"",""coordinates"":[]}"
20250926,2025-09-26,8.583068797918258E-4,"{""type"":""MultiPoint"",""coordinates"":[]}"
20250927,2025-09-27,0.0,"{""type"":""MultiPoint"",""coordinates"":[]}"
20250928,2025-09-28,0.022808315236488852,"{""type"":""MultiPoint"",""coordinates"":[]}"
20250929,2025-09-29,4.477004856482836,"{""type"":""MultiPoint"",""coordinates"":[]}"
20250930,2025-09-30,1.0283470152785412,"{""type"":""MultiPoint"",""coordinates"":[]}"
20251001,2025-10-01,5.284532904624939,"{""type"":""MultiPoint"",""coordinates"":[]}"
20251002,2025-10-02,13.053202629009775,"{""type"":""MultiPoint"",""coordinates"":[]}"
20251003,2025-10-03,0.09553432460052136,"{""type"":""MultiPoint"",""coordinates"":[]}"
20251004,2025-10-04,0.06182789792319454,"{""type"":""MultiPoint"",""coordinates"":[]}"
20251005,2025-10-05,0.5648881197153344,"{""type"":""MultiPoint"",""coordinates"":[]}"
20251006,2025-10-06,27.477049827552946,"{""type"":""MultiPoint"",""coordinates"":[]}"
20251007,2025-10-07,7.973387837409973,"{""type"":""MultiPoint"",""coordinates"":[]}"
20251008,2025-10-08,0.7438480853352303,"{""type"":""MultiPoint"",""coordinates"":[]}"
20251009,2025-10-09,0.06985068284848239,"{""type"":""MultiPoint"",""coordinates"":[]}"
20251010,2025-10-10,0.0021457672119140625,"{""type"":""MultiPoint"",""coordinates"":[]}"
20251011,2025-10-11,4.351138045421976E-4,"{""type"":""MultiPoint"",""coordinates"":[]}"
20251012,2025-10-12,8.626453222859709E-4,"{""type"":""MultiPoint"",""coordinates"":[]}"
20251013,2025-10-13,4.276632239452738E-4,"{""type"":""MultiPoint"",""coordinates"":[]}"
20251014,2025-10-14,0.0012889503864244034,"{""type"":""MultiPoint"",""coordinates"":[]}"
20251015,2025-10-15,0.0,"{""type"":""MultiPoint"",""coordinates"":[]}"
20251016,2025-10-16,0.0017195939108205494,"{""type"":""MultiPoint"",""coordinates"":[]}"
20251017,2025-10-17,8.583068797918258E-4,"{""type"":""MultiPoint"",""coordinates"":[]}"
20251018,2025-10-18,0.018882751362525596,"{""type"":""MultiPoint"",""coordinates"":[]}"
20251019,2025-10-19,0.0,"{""type"":""MultiPoint"",""coordinates"":[]}"
20251020,2025-10-20,0.0018358229567638773,"{""type"":""MultiPoint"",""coordinates"":[]}"
20251021,2025-10-21,1.518547534942627,"{""type"":""MultiPoint"",""coordinates"":[]}"
20251022,2025-10-22,0.004759991952596465,"{""type"":""MultiPoint"",""coordinates"":[]}"
20251023,2025-10-23,8.52346317969932E-4,"{""type"":""MultiPoint"",""coordinates"":[]}"
20251024,2025-10-24,8.583068051848386E-4,"{""type"":""MultiPoint"",""coordinates"":[]}"
20251025,2025-10-25,0.0,"{""type"":""MultiPoint"",""coordinates"":[]}"
20251026,2025-10-26,0.0017136334413692111,"{""type"":""MultiPoint"",""coordinates"":[]}"
20251027,2025-10-27,0.010627508117977413,"{""type"":""MultiPoint"",""coordinates"":[]}"
20251028,2025-10-28,0.04756450562126702,"{""type"":""MultiPoint"",""coordinates"":[]}"
20251029,2025-10-29,0.003057718174659385,"{""type"":""MultiPoint"",""coordinates"":[]}"
20251030,2025-10-30,0.8968740700652233,"{""type"":""MultiPoint"",""coordinates"":[]}"
20251031,2025-10-31,0.13649463653564453,"{""type"":""MultiPoint"",""coordinates"":[]}"
20251101,2025-11-01,8.52346317969932E-4,"{""type"":""MultiPoint"",""coordinates"":[]}"
20251102,2025-11-02,4.351138045421976E-4,"{""type"":""MultiPoint"",""coordinates"":[]}"
20251103,2025-11-03,0.0,"{""type"":""MultiPoint"",""coordinates"":[]}"
20251104,2025-11-04,0.0016868113448254007,"{""type"":""MultiPoint"",""coordinates"":[]}"
20251105,2025-11-05,8.583069401879584E-4,"{""type"":""MultiPoint"",""coordinates"":[]}"
20251106,2025-11-06,4.351138045421976E-4,"{""type"":""MultiPoint"",""coordinates"":[]}"
20251107,2025-11-07,0.0,"{""type"":""MultiPoint"",""coordinates"":[]}"
20251108,2025-11-08,0.0017106532936850272,"{""type"":""MultiPoint"",""coordinates"":[]}"
20251109,2025-11-09,8.612763018334135E-4,"{""type"":""MultiPoint"",""coordinates"":[]}"
20251110,2025-11-10,8.553265615773853E-4,"{""type"":""MultiPoint"",""coordinates"":[]}"
20251111,2025-11-11,0.0017195939108205494,"{""type"":""MultiPoint"",""coordinates"":[]}"
20251112,2025-11-12,8.523463748133508E-4,"{""type"":""MultiPoint"",""coordinates"":[]}"
20251113,2025-11-13,0.0,"{""type"":""MultiPoint"",""coordinates"":[]}"
20251114,2025-11-14,0.0017104184735217132,"{""type"":""MultiPoint"",""coordinates"":[]}"
20251115,2025-11-15,0.0,"{""type"":""MultiPoint"",""coordinates"":[]}"
20251116,2025-11-16,0.0012785195266928895,"{""type"":""MultiPoint"",""coordinates"":[]}"
20251117,2025-11-17,4.351138045421976E-4,"{""type"":""MultiPoint"",""coordinates"":[]}"
20251118,2025-11-18,0.0017222023416252341,"{""type"":""MultiPoint"",""coordinates"":[]}"
20251119,2025-11-19,8.583068797918258E-4,"{""type"":""MultiPoint"",""coordinates"":[]}"
20251120,2025-11-20,8.523463748133508E-4,"{""type"":""MultiPoint"",""coordinates"":[]}"
20251121,2025-11-21,0.0017066367945517413,"{""type"":""MultiPoint"",""coordinates"":[]}"
20251122,2025-11-22,8.463859444418631E-4,"{""type"":""MultiPoint"",""coordinates"":[]}"
20251123,2025-11-23,0.0,"{""type"":""MultiPoint"",""coordinates"":[]}"
20251124,2025-11-24,0.0,"{""type"":""MultiPoint"",""coordinates"":[]}"
20251125,2025-11-25,4.410743663640915E-4,"{""type"":""MultiPoint"",""coordinates"":[]}"
20251126,2025-11-26,0.0,"{""type"":""MultiPoint"",""coordinates"":[]}"
20251127,2025-11-27,0.0012848941537413339,"{""type"":""MultiPoint"",""coordinates"":[]}"
20251128,2025-11-28,4.5381979774106185E-4,"{""type"":""MultiPoint"",""coordinates"":[]}"
20251129,2025-11-29,8.581437214161269E-4,"{""type"":""MultiPoint"",""coordinates"":[]}"
20251130,2025-11-30,0.0,"{""type"":""MultiPoint"",""coordinates"":[]}"
20251201,2025-12-01,0.0,"{""type"":""MultiPoint"",""coordinates"":[]}"
20251202,2025-12-02,8.52346317969932E-4,"{""type"":""MultiPoint"",""coordinates"":[]}"
20251203,2025-12-03,8.52346317969932E-4,"{""type"":""MultiPoint"",""coordinates"":[]}"
20251204,2025-12-04,0.0,"{""type"":""MultiPoint"",""coordinates"":[]}"
20251205,2025-12-05,0.0,"{""type"":""MultiPoint"",""coordinates"":[]}"
20251206,2025-12-06,0.0,"{""type"":""MultiPoint"",""coordinates"":[]}"
20251207,2025-12-07,8.52346317969932E-4,"{""type"":""MultiPoint"",""coordinates"":[]}"
20251208,2025-12-08,0.0,"{""type"":""MultiPoint"",""coordinates"":[]}"
20251209,2025-12-09,0.0,"{""type"":""MultiPoint"",""coordinates"":[]}"
20251210,2025-12-10,8.52346317969932E-4,"{""type"":""MultiPoint"",""coordinates"":[]}"
20251211,2025-12-11,0.0,"{""type"":""MultiPoint"",""coordinates"":[]}"
20251212,2025-12-12,4.351138045421976E-4,"{""type"":""MultiPoint"",""coordinates"":[]}"
20251213,2025-12-13,8.553266184208042E-4,"{""type"":""MultiPoint"",""coordinates"":[]}"
20251214,2025-12-14,0.0016984948842946324,"{""type"":""MultiPoint"",""coordinates"":[]}"
20251215,2025-12-15,0.002165799742215313,"{""type"":""MultiPoint"",""coordinates"":[]}"
20251216,2025-12-16,0.0,"{""type"":""MultiPoint"",""coordinates"":[]}"
20251217,2025-12-17,4.351138045421976E-4,"{""type"":""MultiPoint"",""coordinates"":[]}"
20251218,2025-12-18,0.0023658100758439105,"{""type"":""MultiPoint"",""coordinates"":[]}"
20251219,2025-12-19,0.0013023613405493961,"{""type"":""MultiPoint"",""coordinates"":[]}"
20251220,2025-12-20,0.003236532108985557,"{""type"":""MultiPoint"",""coordinates"":[]}"
20251221,2025-12-21,0.03167390821090521,"{""type"":""MultiPoint"",""coordinates"":[]}"
20251222,2025-12-22,0.02316534511237478,"{""type"":""MultiPoint"",""coordinates"":[]}"
20251223,2025-12-23,8.52346317969932E-4,"{""type"":""MultiPoint"",""coordinates"":[]}"
20251224,2025-12-24,0.0,"{""type"":""MultiPoint"",""coordinates"":[]}"
20251225,2025-12-25,8.70227722771233E-4,"{""type"":""MultiPoint"",""coordinates"":[]}"
20251226,2025-12-26,8.583068620282575E-4,"{""type"":""MultiPoint"",""coordinates"":[]}"
20251227,2025-12-27,0.0021311834643711336,"{""type"":""MultiPoint"",""coordinates"":[]}"
20251228,2025-12-28,0.0015974044345057337,"{""type"":""MultiPoint"",""coordinates"":[]}"
20251229,2025-12-29,0.04233717908164181,"{""type"":""MultiPoint"",""coordinates"":[]}"
20251230,2025-12-30,0.015726685433037346,"{""type"":""MultiPoint"",""coordinates"":[]}"
20251231,2025-12-31,0.020363054943572934,"{""type"":""MultiPoint"",""coordinates"":[]}"
