system:index,date,rainfall_mm,.geo
20210101,2021-01-01,0.0,"{""type"":""MultiPoint"",""coordinates"":[]}"
20210102,2021-01-02,0.0,"{""type"":""MultiPoint"",""coordinates"":[]}"
20210103,2021-01-03,0.0,"{""type"":""MultiPoint"",""coordinates"":[]}"
20210104,2021-01-04,0.0,"{""type"":""MultiPoint"",""coordinates"":[]}"
20210105,2021-01-05,0.0,"{""type"":""MultiPoint"",""coordinates"":[]}"
20210106,2021-01-06,7.811124801635742,"{""type"":""MultiPoint"",""coordinates"":[]}"
20210107,2021-01-07,0.0,"{""type"":""MultiPoint"",""coordinates"":[]}"
20210108,2021-01-08,0.0,"{""type"":""MultiPoint"",""coordinates"":[]}"
20210109,2021-01-09,0.0,"{""type"":""MultiPoint"",""coordinates"":[]}"
20210110,2021-01-10,0.0,"{""type"":""MultiPoint"",""coordinates"":[]}"
20210111,2021-01-11,0.0,"{""type"":""MultiPoint"",""coordinates"":[]}"
20210112,2021-01-12,0.0,"{""type"":""MultiPoint"",""coordinates"":[]}"
20210113,2021-01-13,0.0,"{""type"":""MultiPoint"",""coordinates"":[]}"
20210114,2021-01-14,0.0,"{""type"":""MultiPoint"",""coordinates"":[]}"
20210115,2021-01-15,0.0,"{""type"":""MultiPoint"",""coordinates"":[]}"
20210116,2021-01-16,0.0,"{""type"":""MultiPoint"",""coordinates"":[]}"
20210117,2021-01-17,0.0,"{""type"":""MultiPoint"",""coordinates"":[]}"
20210118,2021-01-18,9.905906677246094,"{""type"":""MultiPoint"",""coordinates"":[]}"
20210119,2021-01-19,0.0,"{""type"":""MultiPoint"",""coordinates"":[]}"
20210120,2021-01-20,0.0,"{""type"":""MultiPoint"",""coordinates"":[]}"
20210121,2021-01-21,0.0,"{""type"":""MultiPoint"",""coordinates"":[]}"
20210122,2021-01-22,0.0,"{""type"":""MultiPoint"",""coordinates"":[]}"
20210123,2021-01-23,8.785011291503906,"{""type"":""MultiPoint"",""coordinates"":[]}"
20210124,2021-01-24,0.0,"{""type"":""MultiPoint"",""coordinates"":[]}"
20210125,2021-01-25,0.0,"{""type"":""MultiPoint"",""coordinates"":[]}"
20210126,2021-01-26,0.0,"{""type"":""MultiPoint"",""coordinates"":[]}"
20210127,2021-01-27,0.0,"{""type"":""MultiPoint"",""coordinates"":[]}"
20210128,2021-01-28,0.0,"{""type"":""MultiPoint"",""coordinates"":[]}"
20210129,2021-01-29,0.0,"{""type"":""MultiPoint"",""coordinates"":[]}"
20210130,2021-01-30,6.210630416870117,"{""type"":""MultiPoint"",""coordinates"":[]}"
20210131,2021-01-31,0.0,"{""type"":""MultiPoint"",""coordinates"":[]}"
20210201,2021-02-01,0.0,"{""type"":""MultiPoint"",""coordinates"":[]}"
20210202,2021-02-02,0.0,"{""type"":""MultiPoint"",""coordinates"":[]}"
20210203,2021-02-03,0.0,"{""type"":""MultiPoint"",""coordinates"":[]}"
20210204,2021-02-04,0.0,"{""type"":""MultiPoint"",""coordinates"":[]}"
20210205,2021-02-05,0.0,"{""type"":""MultiPoint"",""coordinates"":[]}"
20210206,2021-02-06,0.0,"{""type"":""MultiPoint"",""coordinates"":[]}"
20210207,2021-02-07,0.0,"{""type"":""MultiPoint"",""coordinates"":[]}"
20210208,2021-02-08,0.0,"{""type"":""MultiPoint"",""coordinates"":[]}"
20210209,2021-02-09,0.0,"{""type"":""MultiPoint"",""coordinates"":[]}"
20210210,2021-02-10,0.0,"{""type"":""MultiPoint"",""coordinates"":[]}"
20210211,2021-02-11,0.0,"{""type"":""MultiPoint"",""coordinates"":[]}"
20210212,2021-02-12,0.0,"{""type"":""MultiPoint"",""coordinates"":[]}"
20210213,2021-02-13,0.0,"{""type"":""MultiPoint"",""coordinates"":[]}"
20210214,2021-02-14,0.0,"{""type"":""MultiPoint"",""coordinates"":[]}"
20210215,2021-02-15,0.0,"{""type"":""MultiPoint"",""coordinates"":[]}"
20210216,2021-02-16,4.763456344604492,"{""type"":""MultiPoint"",""coordinates"":[]}"
20210217,2021-02-17,0.0,"{""type"":""MultiPoint"",""coordinates"":[]}"
20210218,2021-02-18,0.0,"{""type"":""MultiPoint"",""coordinates"":[]}"
20210219,2021-02-19,0.0,"{""type"":""MultiPoint"",""coordinates"":[]}"
20210220,2021-02-20,0.0,"{""type"":""MultiPoint"",""coordinates"":[]}"
20210221,2021-02-21,0.0,"{""type"":""MultiPoint"",""coordinates"":[]}"
20210222,2021-02-22,0.0,"{""type"":""MultiPoint"",""coordinates"":[]}"
20210223,2021-02-23,0.0,"{""type"":""MultiPoint"",""coordinates"":[]}"
20210224,2021-02-24,0.0,"{""type"":""MultiPoint"",""coordinates"":[]}"
20210225,2021-02-25,5.1831488609313965,"{""type"":""MultiPoint"",""coordinates"":[]}"
20210226,2021-02-26,0.0,"{""type"":""MultiPoint"",""coordinates"":[]}"
20210227,2021-02-27,0.0,"{""type"":""MultiPoint"",""coordinates"":[]}"
20210228,2021-02-28,0.0,"{""type"":""MultiPoint"",""coordinates"":[]}"
20210301,2021-03-01,0.0,"{""type"":""MultiPoint"",""coordinates"":[]}"
20210302,2021-03-02,0.0,"{""type"":""MultiPoint"",""coordinates"":[]}"
20210303,2021-03-03,0.0,"{""type"":""MultiPoint"",""coordinates"":[]}"
20210304,2021-03-04,0.0,"{""type"":""MultiPoint"",""coordinates"":[]}"
20210305,2021-03-05,0.0,"{""type"":""MultiPoint"",""coordinates"":[]}"
20210306,2021-03-06,0.0,"{""type"":""MultiPoint"",""coordinates"":[]}"
20210307,2021-03-07,0.0,"{""type"":""MultiPoint"",""coordinates"":[]}"
20210308,2021-03-08,0.0,"{""type"":""MultiPoint"",""coordinates"":[]}"
20210309,2021-03-09,0.0,"{""type"":""MultiPoint"",""coordinates"":[]}"
20210310,2021-03-10,0.0,"{""type"":""MultiPoint"",""coordinates"":[]}"
20210311,2021-03-11,0.0,"{""type"":""MultiPoint"",""coordinates"":[]}"
20210312,2021-03-12,8.833988189697266,"{""type"":""MultiPoint"",""coordinates"":[]}"
20210313,2021-03-13,0.0,"{""type"":""MultiPoint"",""coordinates"":[]}"
20210314,2021-03-14,0.0,"{""type"":""MultiPoint"",""coordinates"":[]}"
20210315,2021-03-15,0.0,"{""type"":""MultiPoint"",""coordinates"":[]}"
20210316,2021-03-16,0.0,"{""type"":""MultiPoint"",""coordinates"":[]}"
20210317,2021-03-17,0.0,"{""type"":""MultiPoint"",""coordinates"":[]}"
20210318,2021-03-18,0.0,"{""type"":""MultiPoint"",""coordinates"":[]}"
20210319,2021-03-19,0.0,"{""type"":""MultiPoint"",""coordinates"":[]}"
20210320,2021-03-20,0.0,"{""type"":""MultiPoint"",""coordinates"":[]}"
20210321,2021-03-21,0.0,"{""type"":""MultiPoint"",""coordinates"":[]}"
20210322,2021-03-22,0.0,"{""type"":""MultiPoint"",""coordinates"":[]}"
20210323,2021-03-23,0.0,"{""type"":""MultiPoint"",""coordinates"":[]}"
20210324,2021-03-24,0.0,"{""type"":""MultiPoint"",""coordinates"":[]}"
20210325,2021-03-25,0.0,"{""type"":""MultiPoint"",""coordinates"":[]}"
20210326,2021-03-26,0.0,"{""type"":""MultiPoint"",""coordinates"":[]}"
20210327,2021-03-27,0.0,"{""type"":""MultiPoint"",""coordinates"":[]}"
20210328,2021-03-28,0.0,"{""type"":""MultiPoint"",""coordinates"":[]}"
20210329,2021-03-29,0.0,"{""type"":""MultiPoint"",""coordinates"":[]}"
20210330,2021-03-30,0.0,"{""type"":""MultiPoint"",""coordinates"":[]}"
20210331,2021-03-31,0.0,"{""type"":""MultiPoint"",""coordinates"":[]}"
20210401,2021-04-01,0.0,"{""type"":""MultiPoint"",""coordinates"":[]}"
20210402,2021-04-02,0.0,"{""type"":""MultiPoint"",""coordinates"":[]}"
20210403,2021-04-03,0.0,"{""type"":""MultiPoint"",""coordinates"":[]}"
20210404,2021-04-04,0.0,"{""type"":""MultiPoint"",""coordinates"":[]}"
20210405,2021-04-05,0.0,"{""type"":""MultiPoint"",""coordinates"":[]}"
20210406,2021-04-06,0.0,"{""type"":""MultiPoint"",""coordinates"":[]}"
20210407,2021-04-07,0.0,"{""type"":""MultiPoint"",""coordinates"":[]}"
20210408,2021-04-08,0.0,"{""type"":""MultiPoint"",""coordinates"":[]}"
20210409,2021-04-09,0.0,"{""type"":""MultiPoint"",""coordinates"":[]}"
20210410,2021-04-10,0.0,"{""type"":""MultiPoint"",""coordinates"":[]}"
20210411,2021-04-11,0.0,"{""type"":""MultiPoint"",""coordinates"":[]}"
20210412,2021-04-12,0.0,"{""type"":""MultiPoint"",""coordinates"":[]}"
20210413,2021-04-13,0.0,"{""type"":""MultiPoint"",""coordinates"":[]}"
20210414,2021-04-14,0.0,"{""type"":""MultiPoint"",""coordinates"":[]}"
20210415,2021-04-15,0.0,"{""type"":""MultiPoint"",""coordinates"":[]}"
20210416,2021-04-16,4.371859550476074,"{""type"":""MultiPoint"",""coordinates"":[]}"
20210417,2021-04-17,0.0,"{""type"":""MultiPoint"",""coordinates"":[]}"
20210418,2021-04-18,0.0,"{""type"":""MultiPoint"",""coordinates"":[]}"
20210419,2021-04-19,0.0,"{""type"":""MultiPoint"",""coordinates"":[]}"
20210420,2021-04-20,0.0,"{""type"":""MultiPoint"",""coordinates"":[]}"
20210421,2021-04-21,0.0,"{""type"":""MultiPoint"",""coordinates"":[]}"
20210422,2021-04-22,0.0,"{""type"":""MultiPoint"",""coordinates"":[]}"
20210423,2021-04-23,0.0,"{""type"":""MultiPoint"",""coordinates"":[]}"
20210424,2021-04-24,0.0,"{""type"":""MultiPoint"",""coordinates"":[]}"
20210425,2021-04-25,0.0,"{""type"":""MultiPoint"",""coordinates"":[]}"
20210426,2021-04-26,0.0,"{""type"":""MultiPoint"",""coordinates"":[]}"
20210427,2021-04-27,0.0,"{""type"":""MultiPoint"",""coordinates"":[]}"
20210428,2021-04-28,0.0,"{""type"":""MultiPoint"",""coordinates"":[]}"
20210429,2021-04-29,0.0,"{""type"":""MultiPoint"",""coordinates"":[]}"
20210430,2021-04-30,0.0,"{""type"":""MultiPoint"",""coordinates"":[]}"
20210501,2021-05-01,0.0,"{""type"":""MultiPoint"",""coordinates"":[]}"
20210502,2021-05-02,0.0,"{""type"":""MultiPoint"",""coordinates"":[]}"
20210503,2021-05-03,0.0,"{""type"":""MultiPoint"",""coordinates"":[]}"
20210504,2021-05-04,0.0,"{""type"":""MultiPoint"",""coordinates"":[]}"
20210505,2021-05-05,0.0,"{""type"":""MultiPoint"",""coordinates"":[]}"
20210506,2021-05-06,4.491660118103027,"{""type"":""MultiPoint"",""coordinates"":[]}"
20210507,2021-05-07,0.0,"{""type"":""MultiPoint"",""coordinates"":[]}"
20210508,2021-05-08,0.0,"{""type"":""MultiPoint"",""coordinates"":[]}"
20210509,2021-05-09,8.983320236206055,"{""type"":""MultiPoint"",""coordinates"":[]}"
20210510,2021-05-10,0.0,"{""type"":""MultiPoint"",""coordinates"":[]}"
20210511,2021-05-11,0.0,"{""type"":""MultiPoint"",""coordinates"":[]}"
20210512,2021-05-12,0.0,"{""type"":""MultiPoint"",""coordinates"":[]}"
20210513,2021-05-13,0.0,"{""type"":""MultiPoint"",""coordinates"":[]}"
20210514,2021-05-14,0.0,"{""type"":""MultiPoint"",""coordinates"":[]}"
20210515,2021-05-15,0.0,"{""type"":""MultiPoint"",""coordinates"":[]}"
20210516,2021-05-16,0.0,"{""type"":""MultiPoint"",""coordinates"":[]}"
20210517,2021-05-17,0.0,"{""type"":""MultiPoint"",""coordinates"":[]}"
20210518,2021-05-18,0.0,"{""type"":""MultiPoint"",""coordinates"":[]}"
20210519,2021-05-19,0.0,"{""type"":""MultiPoint"",""coordinates"":[]}"
20210520,2021-05-20,0.0,"{""type"":""MultiPoint"",""coordinates"":[]}"
20210521,2021-05-21,0.0,"{""type"":""MultiPoint"",""coordinates"":[]}"
20210522,2021-05-22,0.0,"{""type"":""MultiPoint"",""coordinates"":[]}"
20210523,2021-05-23,0.0,"{""type"":""MultiPoint"",""coordinates"":[]}"
20210524,2021-05-24,0.0,"{""type"":""MultiPoint"",""coordinates"":[]}"
20210525,2021-05-25,0.0,"{""type"":""MultiPoint"",""coordinates"":[]}"
20210526,2021-05-26,0.0,"{""type"":""MultiPoint"",""coordinates"":[]}"
20210527,2021-05-27,0.0,"{""type"":""MultiPoint"",""coordinates"":[]}"
20210528,2021-05-28,0.0,"{""type"":""MultiPoint"",""coordinates"":[]}"
20210529,2021-05-29,0.0,"{""type"":""MultiPoint"",""coordinates"":[]}"
20210530,2021-05-30,0.0,"{""type"":""MultiPoint"",""coordinates"":[]}"
20210531,2021-05-31,0.0,"{""type"":""MultiPoint"",""coordinates"":[]}"
20210601,2021-06-01,0.0,"{""type"":""MultiPoint"",""coordinates"":[]}"
20210602,2021-06-02,0.0,"{""type"":""MultiPoint"",""coordinates"":[]}"
20210603,2021-06-03,0.0,"{""type"":""MultiPoint"",""coordinates"":[]}"
20210604,2021-06-04,0.0,"{""type"":""MultiPoint"",""coordinates"":[]}"
20210605,2021-06-05,0.0,"{""type"":""MultiPoint"",""coordinates"":[]}"
20210606,2021-06-06,0.0,"{""type"":""MultiPoint"",""coordinates"":[]}"
20210607,2021-06-07,0.0,"{""type"":""MultiPoint"",""coordinates"":[]}"
20210608,2021-06-08,0.0,"{""type"":""MultiPoint"",""coordinates"":[]}"
20210609,2021-06-09,0.0,"{""type"":""MultiPoint"",""coordinates"":[]}"
20210610,2021-06-10,23.758665084838867,"{""type"":""MultiPoint"",""coordinates"":[]}"
20210611,2021-06-11,0.0,"{""type"":""MultiPoint"",""coordinates"":[]}"
20210612,2021-06-12,0.0,"{""type"":""MultiPoint"",""coordinates"":[]}"
20210613,2021-06-13,0.0,"{""type"":""MultiPoint"",""coordinates"":[]}"
20210614,2021-06-14,0.0,"{""type"":""MultiPoint"",""coordinates"":[]}"
20210615,2021-06-15,40.50025939941406,"{""type"":""MultiPoint"",""coordinates"":[]}"
20210616,2021-06-16,0.0,"{""type"":""MultiPoint"",""coordinates"":[]}"
20210617,2021-06-17,0.0,"{""type"":""MultiPoint"",""coordinates"":[]}"
20210618,2021-06-18,0.0,"{""type"":""MultiPoint"",""coordinates"":[]}"
20210619,2021-06-19,0.0,"{""type"":""MultiPoint"",""coordinates"":[]}"
20210620,2021-06-20,0.0,"{""type"":""MultiPoint"",""coordinates"":[]}"
20210621,2021-06-21,0.0,"{""type"":""MultiPoint"",""coordinates"":[]}"
20210622,2021-06-22,0.0,"{""type"":""MultiPoint"",""coordinates"":[]}"
20210623,2021-06-23,0.0,"{""type"":""MultiPoint"",""coordinates"":[]}"
20210624,2021-06-24,0.0,"{""type"":""MultiPoint"",""coordinates"":[]}"
20210625,2021-06-25,15.699427604675293,"{""type"":""MultiPoint"",""coordinates"":[]}"
20210626,2021-06-26,0.0,"{""type"":""MultiPoint"",""coordinates"":[]}"
20210627,2021-06-27,0.0,"{""type"":""MultiPoint"",""coordinates"":[]}"
20210628,2021-06-28,0.0,"{""type"":""MultiPoint"",""coordinates"":[]}"
20210629,2021-06-29,0.0,"{""type"":""MultiPoint"",""coordinates"":[]}"
20210630,2021-06-30,0.0,"{""type"":""MultiPoint"",""coordinates"":[]}"
20210701,2021-07-01,0.0,"{""type"":""MultiPoint"",""coordinates"":[]}"
20210702,2021-07-02,0.0,"{""type"":""MultiPoint"",""coordinates"":[]}"
20210703,2021-07-03,0.0,"{""type"":""MultiPoint"",""coordinates"":[]}"
20210704,2021-07-04,0.0,"{""type"":""MultiPoint"",""coordinates"":[]}"
20210705,2021-07-05,0.0,"{""type"":""MultiPoint"",""coordinates"":[]}"
20210706,2021-07-06,0.0,"{""type"":""MultiPoint"",""coordinates"":[]}"
20210707,2021-07-07,0.0,"{""type"":""MultiPoint"",""coordinates"":[]}"
20210708,2021-07-08,0.0,"{""type"":""MultiPoint"",""coordinates"":[]}"
20210709,2021-07-09,0.0,"{""type"":""MultiPoint"",""coordinates"":[]}"
20210710,2021-07-10,0.0,"{""type"":""MultiPoint"",""coordinates"":[]}"
20210711,2021-07-11,0.0,"{""type"":""MultiPoint"",""coordinates"":[]}"
20210712,2021-07-12,0.0,"{""type"":""MultiPoint"",""coordinates"":[]}"
20210713,2021-07-13,18.66559410095215,"{""type"":""MultiPoint"",""coordinates"":[]}"
20210714,2021-07-14,27.998390197753906,"{""type"":""MultiPoint"",""coordinates"":[]}"
20210715,2021-07-15,0.0,"{""type"":""MultiPoint"",""coordinates"":[]}"
20210716,2021-07-16,0.0,"{""type"":""MultiPoint"",""coordinates"":[]}"
20210717,2021-07-17,0.0,"{""type"":""MultiPoint"",""coordinates"":[]}"
20210718,2021-07-18,55.23514175415039,"{""type"":""MultiPoint"",""coordinates"":[]}"
20210719,2021-07-19,44.1881103515625,"{""type"":""MultiPoint"",""coordinates"":[]}"
20210720,2021-07-20,11.047027587890625,"{""type"":""MultiPoint"",""coordinates"":[]}"
20210721,2021-07-21,0.0,"{""type"":""MultiPoint"",""coordinates"":[]}"
20210722,2021-07-22,16.354385375976562,"{""type"":""MultiPoint"",""coordinates"":[]}"
20210723,2021-07-23,0.0,"{""type"":""MultiPoint"",""coordinates"":[]}"
20210724,2021-07-24,16.354385375976562,"{""type"":""MultiPoint"",""coordinates"":[]}"
20210725,2021-07-25,0.0,"{""type"":""MultiPoint"",""coordinates"":[]}"
20210726,2021-07-26,32.769439697265625,"{""type"":""MultiPoint"",""coordinates"":[]}"
20210727,2021-07-27,16.384719848632812,"{""type"":""MultiPoint"",""coordinates"":[]}"
20210728,2021-07-28,65.53887939453125,"{""type"":""MultiPoint"",""coordinates"":[]}"
20210729,2021-07-29,16.384719848632812,"{""type"":""MultiPoint"",""coordinates"":[]}"
20210730,2021-07-30,32.769439697265625,"{""type"":""MultiPoint"",""coordinates"":[]}"
20210731,2021-07-31,0.0,"{""type"":""MultiPoint"",""coordinates"":[]}"
20210801,2021-08-01,21.377918243408203,"{""type"":""MultiPoint"",""coordinates"":[]}"
20210802,2021-08-02,0.0,"{""type"":""MultiPoint"",""coordinates"":[]}"
20210803,2021-08-03,0.0,"{""type"":""MultiPoint"",""coordinates"":[]}"
20210804,2021-08-04,0.0,"{""type"":""MultiPoint"",""coordinates"":[]}"
20210805,2021-08-05,0.0,"{""type"":""MultiPoint"",""coordinates"":[]}"
20210806,2021-08-06,0.0,"{""type"":""MultiPoint"",""coordinates"":[]}"
20210807,2021-08-07,24.345808029174805,"{""type"":""MultiPoint"",""coordinates"":[]}"
20210808,2021-08-08,24.345808029174805,"{""type"":""MultiPoint"",""coordinates"":[]}"
20210809,2021-08-09,12.172904014587402,"{""type"":""MultiPoint"",""coordinates"":[]}"
20210810,2021-08-10,0.0,"{""type"":""MultiPoint"",""coordinates"":[]}"
20210811,2021-08-11,0.0,"{""type"":""MultiPoint"",""coordinates"":[]}"
20210812,2021-08-12,0.0,"{""type"":""MultiPoint"",""coordinates"":[]}"
20210813,2021-08-13,0.0,"{""type"":""MultiPoint"",""coordinates"":[]}"
20210814,2021-08-14,0.0,"{""type"":""MultiPoint"",""coordinates"":[]}"
20210815,2021-08-15,0.0,"{""type"":""MultiPoint"",""coordinates"":[]}"
20210816,2021-08-16,0.0,"{""type"":""MultiPoint"",""coordinates"":[]}"
20210817,2021-08-17,0.0,"{""type"":""MultiPoint"",""coordinates"":[]}"
20210818,2021-08-18,0.0,"{""type"":""MultiPoint"",""coordinates"":[]}"
20210819,2021-08-19,8.191953659057617,"{""type"":""MultiPoint"",""coordinates"":[]}"
20210820,2021-08-20,20.479883193969727,"{""type"":""MultiPoint"",""coordinates"":[]}"
20210821,2021-08-21,25.35295867919922,"{""type"":""MultiPoint"",""coordinates"":[]}"
20210822,2021-08-22,0.0,"{""type"":""MultiPoint"",""coordinates"":[]}"
20210823,2021-08-23,12.67647933959961,"{""type"":""MultiPoint"",""coordinates"":[]}"
20210824,2021-08-24,25.35295867919922,"{""type"":""MultiPoint"",""coordinates"":[]}"
20210825,2021-08-25,0.0,"{""type"":""MultiPoint"",""coordinates"":[]}"
20210826,2021-08-26,0.0,"{""type"":""MultiPoint"",""coordinates"":[]}"
20210827,2021-08-27,0.0,"{""type"":""MultiPoint"",""coordinates"":[]}"
20210828,2021-08-28,0.0,"{""type"":""MultiPoint"",""coordinates"":[]}"
20210829,2021-08-29,0.0,"{""type"":""MultiPoint"",""coordinates"":[]}"
20210830,2021-08-30,0.0,"{""type"":""MultiPoint"",""coordinates"":[]}"
20210831,2021-08-31,35.674991607666016,"{""type"":""MultiPoint"",""coordinates"":[]}"
20210901,2021-09-01,30.989084243774414,"{""type"":""MultiPoint"",""coordinates"":[]}"
20210902,2021-09-02,46.48362731933594,"{""type"":""MultiPoint"",""coordinates"":[]}"
20210903,2021-09-03,46.48362731933594,"{""type"":""MultiPoint"",""coordinates"":[]}"
20210904,2021-09-04,17.708049774169922,"{""type"":""MultiPoint"",""coordinates"":[]}"
20210905,2021-09-05,0.0,"{""type"":""MultiPoint"",""coordinates"":[]}"
20210906,2021-09-06,0.0,"{""type"":""MultiPoint"",""coordinates"":[]}"
20210907,2021-09-07,36.85105895996094,"{""type"":""MultiPoint"",""coordinates"":[]}"
20210908,2021-09-08,0.0,"{""type"":""MultiPoint"",""coordinates"":[]}"
20210909,2021-09-09,0.0,"{""type"":""MultiPoint"",""coordinates"":[]}"
20210910,2021-09-10,18.42552947998047,"{""type"":""MultiPoint"",""coordinates"":[]}"
20210911,2021-09-11,79.5634765625,"{""type"":""MultiPoint"",""coordinates"":[]}"
20210912,2021-09-12,19.890869140625,"{""type"":""MultiPoint"",""coordinates"":[]}"
20210913,2021-09-13,19.890869140625,"{""type"":""MultiPoint"",""coordinates"":[]}"
20210914,2021-09-14,0.0,"{""type"":""MultiPoint"",""coordinates"":[]}"
20210915,2021-09-15,0.0,"{""type"":""MultiPoint"",""coordinates"":[]}"
20210916,2021-09-16,0.0,"{""type"":""MultiPoint"",""coordinates"":[]}"
20210917,2021-09-17,0.0,"{""type"":""MultiPoint"",""coordinates"":[]}"
20210918,2021-09-18,0.0,"{""type"":""MultiPoint"",""coordinates"":[]}"
20210919,2021-09-19,0.0,"{""type"":""MultiPoint"",""coordinates"":[]}"
20210920,2021-09-20,0.0,"{""type"":""MultiPoint"",""coordinates"":[]}"
20210921,2021-09-21,26.146488189697266,"{""type"":""MultiPoint"",""coordinates"":[]}"
20210922,2021-09-22,26.146488189697266,"{""type"":""MultiPoint"",""coordinates"":[]}"
20210923,2021-09-23,52.29297637939453,"{""type"":""MultiPoint"",""coordinates"":[]}"
20210924,2021-09-24,0.0,"{""type"":""MultiPoint"",""coordinates"":[]}"
20210925,2021-09-25,0.0,"{""type"":""MultiPoint"",""coordinates"":[]}"
20210926,2021-09-26,0.0,"{""type"":""MultiPoint"",""coordinates"":[]}"
20210927,2021-09-27,0.0,"{""type"":""MultiPoint"",""coordinates"":[]}"
20210928,2021-09-28,0.0,"{""type"":""MultiPoint"",""coordinates"":[]}"
20210929,2021-09-29,0.0,"{""type"":""MultiPoint"",""coordinates"":[]}"
20210930,2021-09-30,0.0,"{""type"":""MultiPoint"",""coordinates"":[]}"
20211001,2021-10-01,0.0,"{""type"":""MultiPoint"",""coordinates"":[]}"
20211002,2021-10-02,0.0,"{""type"":""MultiPoint"",""coordinates"":[]}"
20211003,2021-10-03,0.0,"{""type"":""MultiPoint"",""coordinates"":[]}"
20211004,2021-10-04,0.0,"{""type"":""MultiPoint"",""coordinates"":[]}"
20211005,2021-10-05,0.0,"{""type"":""MultiPoint"",""coordinates"":[]}"
20211006,2021-10-06,5.311140537261963,"{""type"":""MultiPoint"",""coordinates"":[]}"
20211007,2021-10-07,0.0,"{""type"":""MultiPoint"",""coordinates"":[]}"
20211008,2021-10-08,0.0,"{""type"":""MultiPoint"",""coordinates"":[]}"
20211009,2021-10-09,0.0,"{""type"":""MultiPoint"",""coordinates"":[]}"
20211010,2021-10-10,0.0,"{""type"":""MultiPoint"",""coordinates"":[]}"
20211011,2021-10-11,0.0,"{""type"":""MultiPoint"",""coordinates"":[]}"
20211012,2021-10-12,2.9804351329803467,"{""type"":""MultiPoint"",""coordinates"":[]}"
20211013,2021-10-13,0.0,"{""type"":""MultiPoint"",""coordinates"":[]}"
20211014,2021-10-14,0.0,"{""type"":""MultiPoint"",""coordinates"":[]}"
20211015,2021-10-15,0.0,"{""type"":""MultiPoint"",""coordinates"":[]}"
20211016,2021-10-16,0.0,"{""type"":""MultiPoint"",""coordinates"":[]}"
20211017,2021-10-17,0.0,"{""type"":""MultiPoint"",""coordinates"":[]}"
20211018,2021-10-18,17.176513671875,"{""type"":""MultiPoint"",""coordinates"":[]}"
20211019,2021-10-19,0.0,"{""type"":""MultiPoint"",""coordinates"":[]}"
20211020,2021-10-20,0.0,"{""type"":""MultiPoint"",""coordinates"":[]}"
20211021,2021-10-21,0.0,"{""type"":""MultiPoint"",""coordinates"":[]}"
20211022,2021-10-22,0.0,"{""type"":""MultiPoint"",""coordinates"":[]}"
20211023,2021-10-23,0.0,"{""type"":""MultiPoint"",""coordinates"":[]}"
20211024,2021-10-24,5.754162788391113,"{""type"":""MultiPoint"",""coordinates"":[]}"
20211025,2021-10-25,0.0,"{""type"":""MultiPoint"",""coordinates"":[]}"
20211026,2021-10-26,0.0,"{""type"":""MultiPoint"",""coordinates"":[]}"
20211027,2021-10-27,3.0877952575683594,"{""type"":""MultiPoint"",""coordinates"":[]}"
20211028,2021-10-28,0.0,"{""type"":""MultiPoint"",""coordinates"":[]}"
20211029,2021-10-29,0.0,"{""type"":""MultiPoint"",""coordinates"":[]}"
20211030,2021-10-30,0.0,"{""type"":""MultiPoint"",""coordinates"":[]}"
20211031,2021-10-31,0.0,"{""type"":""MultiPoint"",""coordinates"":[]}"
20211101,2021-11-01,0.0,"{""type"":""MultiPoint"",""coordinates"":[]}"
20211102,2021-11-02,0.0,"{""type"":""MultiPoint"",""coordinates"":[]}"
20211103,2021-11-03,0.0,"{""type"":""MultiPoint"",""coordinates"":[]}"
20211104,2021-11-04,0.0,"{""type"":""MultiPoint"",""coordinates"":[]}"
20211105,2021-11-05,0.0,"{""type"":""MultiPoint"",""coordinates"":[]}"
20211106,2021-11-06,0.0,"{""type"":""MultiPoint"",""coordinates"":[]}"
20211107,2021-11-07,0.0,"{""type"":""MultiPoint"",""coordinates"":[]}"
20211108,2021-11-08,0.0,"{""type"":""MultiPoint"",""coordinates"":[]}"
20211109,2021-11-09,0.0,"{""type"":""MultiPoint"",""coordinates"":[]}"
20211110,2021-11-10,0.0,"{""type"":""MultiPoint"",""coordinates"":[]}"
20211111,2021-11-11,0.0,"{""type"":""MultiPoint"",""coordinates"":[]}"
20211112,2021-11-12,0.0,"{""type"":""MultiPoint"",""coordinates"":[]}"
20211113,2021-11-13,0.0,"{""type"":""MultiPoint"",""coordinates"":[]}"
20211114,2021-11-14,0.0,"{""type"":""MultiPoint"",""coordinates"":[]}"
20211115,2021-11-15,0.0,"{""type"":""MultiPoint"",""coordinates"":[]}"
20211116,2021-11-16,0.0,"{""type"":""MultiPoint"",""coordinates"":[]}"
20211117,2021-11-17,0.0,"{""type"":""MultiPoint"",""coordinates"":[]}"
20211118,2021-11-18,0.0,"{""type"":""MultiPoint"",""coordinates"":[]}"
20211119,2021-11-19,0.0,"{""type"":""MultiPoint"",""coordinates"":[]}"
20211120,2021-11-20,0.0,"{""type"":""MultiPoint"",""coordinates"":[]}"
20211121,2021-11-21,0.0,"{""type"":""MultiPoint"",""coordinates"":[]}"
20211122,2021-11-22,0.0,"{""type"":""MultiPoint"",""coordinates"":[]}"
20211123,2021-11-23,0.0,"{""type"":""MultiPoint"",""coordinates"":[]}"
20211124,2021-11-24,0.0,"{""type"":""MultiPoint"",""coordinates"":[]}"
20211125,2021-11-25,0.0,"{""type"":""MultiPoint"",""coordinates"":[]}"
20211126,2021-11-26,0.0,"{""type"":""MultiPoint"",""coordinates"":[]}"
20211127,2021-11-27,0.0,"{""type"":""MultiPoint"",""coordinates"":[]}"
20211128,2021-11-28,0.0,"{""type"":""MultiPoint"",""coordinates"":[]}"
20211129,2021-11-29,0.0,"{""type"":""MultiPoint"",""coordinates"":[]}"
20211130,2021-11-30,0.0,"{""type"":""MultiPoint"",""coordinates"":[]}"
20211201,2021-12-01,0.0,"{""type"":""MultiPoint"",""coordinates"":[]}"
20211202,2021-12-02,0.0,"{""type"":""MultiPoint"",""coordinates"":[]}"
20211203,2021-12-03,0.0,"{""type"":""MultiPoint"",""coordinates"":[]}"
20211204,2021-12-04,0.0,"{""type"":""MultiPoint"",""coordinates"":[]}"
20211205,2021-12-05,0.0,"{""type"":""MultiPoint"",""coordinates"":[]}"
20211206,2021-12-06,3.89148211479187,"{""type"":""MultiPoint"",""coordinates"":[]}"
20211207,2021-12-07,0.0,"{""type"":""MultiPoint"",""coordinates"":[]}"
20211208,2021-12-08,0.0,"{""type"":""MultiPoint"",""coordinates"":[]}"
20211209,2021-12-09,0.0,"{""type"":""MultiPoint"",""coordinates"":[]}"
20211210,2021-12-10,0.0,"{""type"":""MultiPoint"",""coordinates"":[]}"
20211211,2021-12-11,0.0,"{""type"":""MultiPoint"",""coordinates"":[]}"
20211212,2021-12-12,0.0,"{""type"":""MultiPoint"",""coordinates"":[]}"
20211213,2021-12-13,0.0,"{""type"":""MultiPoint"",""coordinates"":[]}"
20211214,2021-12-14,0.0,"{""type"":""MultiPoint"",""coordinates"":[]}"
20211215,2021-12-15,0.0,"{""type"":""MultiPoint"",""coordinates"":[]}"
20211216,2021-12-16,0.0,"{""type"":""MultiPoint"",""coordinates"":[]}"
20211217,2021-12-17,0.0,"{""type"":""MultiPoint"",""coordinates"":[]}"
20211218,2021-12-18,0.0,"{""type"":""MultiPoint"",""coordinates"":[]}"
20211219,2021-12-19,0.0,"{""type"":""MultiPoint"",""coordinates"":[]}"
20211220,2021-12-20,0.0,"{""type"":""MultiPoint"",""coordinates"":[]}"
20211221,2021-12-21,0.0,"{""type"":""MultiPoint"",""coordinates"":[]}"
20211222,2021-12-22,0.0,"{""type"":""MultiPoint"",""coordinates"":[]}"
20211223,2021-12-23,0.0,"{""type"":""MultiPoint"",""coordinates"":[]}"
20211224,2021-12-24,0.0,"{""type"":""MultiPoint"",""coordinates"":[]}"
20211225,2021-12-25,0.0,"{""type"":""MultiPoint"",""coordinates"":[]}"
20211226,2021-12-26,5.20695161819458,"{""type"":""MultiPoint"",""coordinates"":[]}"
20211227,2021-12-27,0.0,"{""type"":""MultiPoint"",""coordinates"":[]}"
20211228,2021-12-28,0.0,"{""type"":""MultiPoint"",""coordinates"":[]}"
20211229,2021-12-29,0.0,"{""type"":""MultiPoint"",""coordinates"":[]}"
20211230,2021-12-30,0.0,"{""type"":""MultiPoint"",""coordinates"":[]}"
20211231,2021-12-31,0.0,"{""type"":""MultiPoint"",""coordinates"":[]}"
20220101,2022-01-01,0.0,"{""type"":""MultiPoint"",""coordinates"":[]}"
20220102,2022-01-02,0.0,"{""type"":""MultiPoint"",""coordinates"":[]}"
20220103,2022-01-03,0.0,"{""type"":""MultiPoint"",""coordinates"":[]}"
20220104,2022-01-04,15.578336715698242,"{""type"":""MultiPoint"",""coordinates"":[]}"
20220105,2022-01-05,15.578336715698242,"{""type"":""MultiPoint"",""coordinates"":[]}"
20220106,2022-01-06,0.0,"{""type"":""MultiPoint"",""coordinates"":[]}"
20220107,2022-01-07,21.64122772216797,"{""type"":""MultiPoint"",""coordinates"":[]}"
20220108,2022-01-08,21.64122772216797,"{""type"":""MultiPoint"",""coordinates"":[]}"
20220109,2022-01-09,0.0,"{""type"":""MultiPoint"",""coordinates"":[]}"
20220110,2022-01-10,0.0,"{""type"":""MultiPoint"",""coordinates"":[]}"
20220111,2022-01-11,0.0,"{""type"":""MultiPoint"",""coordinates"":[]}"
20220112,2022-01-12,0.0,"{""type"":""MultiPoint"",""coordinates"":[]}"
20220113,2022-01-13,0.0,"{""type"":""MultiPoint"",""coordinates"":[]}"
20220114,2022-01-14,0.0,"{""type"":""MultiPoint"",""coordinates"":[]}"
20220115,2022-01-15,0.0,"{""type"":""MultiPoint"",""coordinates"":[]}"
20220116,2022-01-16,0.0,"{""type"":""MultiPoint"",""coordinates"":[]}"
20220117,2022-01-17,0.0,"{""type"":""MultiPoint"",""coordinates"":[]}"
20220118,2022-01-18,0.0,"{""type"":""MultiPoint"",""coordinates"":[]}"
20220119,2022-01-19,0.0,"{""type"":""MultiPoint"",""coordinates"":[]}"
20220120,2022-01-20,0.0,"{""type"":""MultiPoint"",""coordinates"":[]}"
20220121,2022-01-21,0.0,"{""type"":""MultiPoint"",""coordinates"":[]}"
20220122,2022-01-22,0.0,"{""type"":""MultiPoint"",""coordinates"":[]}"
20220123,2022-01-23,0.0,"{""type"":""MultiPoint"",""coordinates"":[]}"
20220124,2022-01-24,0.0,"{""type"":""MultiPoint"",""coordinates"":[]}"
20220125,2022-01-25,0.0,"{""type"":""MultiPoint"",""coordinates"":[]}"
20220126,2022-01-26,0.0,"{""type"":""MultiPoint"",""coordinates"":[]}"
20220127,2022-01-27,0.0,"{""type"":""MultiPoint"",""coordinates"":[]}"
20220128,2022-01-28,0.0,"{""type"":""MultiPoint"",""coordinates"":[]}"
20220129,2022-01-29,0.0,"{""type"":""MultiPoint"",""coordinates"":[]}"
20220130,2022-01-30,0.0,"{""type"":""MultiPoint"",""coordinates"":[]}"
20220131,2022-01-31,0.0,"{""type"":""MultiPoint"",""coordinates"":[]}"
20220201,2022-02-01,0.0,"{""type"":""MultiPoint"",""coordinates"":[]}"
20220202,2022-02-02,0.0,"{""type"":""MultiPoint"",""coordinates"":[]}"
20220203,2022-02-03,5.118064880371094,"{""type"":""MultiPoint"",""coordinates"":[]}"
20220204,2022-02-04,0.0,"{""type"":""MultiPoint"",""coordinates"":[]}"
20220205,2022-02-05,0.0,"{""type"":""MultiPoint"",""coordinates"":[]}"
20220206,2022-02-06,0.0,"{""type"":""MultiPoint"",""coordinates"":[]}"
20220207,2022-02-07,0.0,"{""type"":""MultiPoint"",""coordinates"":[]}"
20220208,2022-02-08,0.0,"{""type"":""MultiPoint"",""coordinates"":[]}"
20220209,2022-02-09,0.0,"{""type"":""MultiPoint"",""coordinates"":[]}"
20220210,2022-02-10,0.0,"{""type"":""MultiPoint"",""coordinates"":[]}"
20220211,2022-02-11,0.0,"{""type"":""MultiPoint"",""coordinates"":[]}"
20220212,2022-02-12,0.0,"{""type"":""MultiPoint"",""coordinates"":[]}"
20220213,2022-02-13,5.865425109863281,"{""type"":""MultiPoint"",""coordinates"":[]}"
20220214,2022-02-14,0.0,"{""type"":""MultiPoint"",""coordinates"":[]}"
20220215,2022-02-15,0.0,"{""type"":""MultiPoint"",""coordinates"":[]}"
20220216,2022-02-16,0.0,"{""type"":""MultiPoint"",""coordinates"":[]}"
20220217,2022-02-17,0.0,"{""type"":""MultiPoint"",""coordinates"":[]}"
20220218,2022-02-18,0.0,"{""type"":""MultiPoint"",""coordinates"":[]}"
20220219,2022-02-19,0.0,"{""type"":""MultiPoint"",""coordinates"":[]}"
20220220,2022-02-20,0.0,"{""type"":""MultiPoint"",""coordinates"":[]}"
20220221,2022-02-21,0.0,"{""type"":""MultiPoint"",""coordinates"":[]}"
20220222,2022-02-22,0.0,"{""type"":""MultiPoint"",""coordinates"":[]}"
20220223,2022-02-23,0.0,"{""type"":""MultiPoint"",""coordinates"":[]}"
20220224,2022-02-24,0.0,"{""type"":""MultiPoint"",""coordinates"":[]}"
20220225,2022-02-25,6.661505699157715,"{""type"":""MultiPoint"",""coordinates"":[]}"
20220226,2022-02-26,0.0,"{""type"":""MultiPoint"",""coordinates"":[]}"
20220227,2022-02-27,0.0,"{""type"":""MultiPoint"",""coordinates"":[]}"
20220228,2022-02-28,0.0,"{""type"":""MultiPoint"",""coordinates"":[]}"
20220301,2022-03-01,0.0,"{""type"":""MultiPoint"",""coordinates"":[]}"
20220302,2022-03-02,0.0,"{""type"":""MultiPoint"",""coordinates"":[]}"
20220303,2022-03-03,0.0,"{""type"":""MultiPoint"",""coordinates"":[]}"
20220304,2022-03-04,0.0,"{""type"":""MultiPoint"",""coordinates"":[]}"
20220305,2022-03-05,0.0,"{""type"":""MultiPoint"",""coordinates"":[]}"
20220306,2022-03-06,0.0,"{""type"":""MultiPoint"",""coordinates"":[]}"
20220307,2022-03-07,0.0,"{""type"":""MultiPoint"",""coordinates"":[]}"
20220308,2022-03-08,0.0,"{""type"":""MultiPoint"",""coordinates"":[]}"
20220309,2022-03-09,0.0,"{""type"":""MultiPoint"",""coordinates"":[]}"
20220310,2022-03-10,0.0,"{""type"":""MultiPoint"",""coordinates"":[]}"
20220311,2022-03-11,0.0,"{""type"":""MultiPoint"",""coordinates"":[]}"
20220312,2022-03-12,0.0,"{""type"":""MultiPoint"",""coordinates"":[]}"
20220313,2022-03-13,0.0,"{""type"":""MultiPoint"",""coordinates"":[]}"
20220314,2022-03-14,0.0,"{""type"":""MultiPoint"",""coordinates"":[]}"
20220315,2022-03-15,0.0,"{""type"":""MultiPoint"",""coordinates"":[]}"
20220316,2022-03-16,0.0,"{""type"":""MultiPoint"",""coordinates"":[]}"
20220317,2022-03-17,0.0,"{""type"":""MultiPoint"",""coordinates"":[]}"
20220318,2022-03-18,0.0,"{""type"":""MultiPoint"",""coordinates"":[]}"
20220319,2022-03-19,0.0,"{""type"":""MultiPoint"",""coordinates"":[]}"
20220320,2022-03-20,0.0,"{""type"":""MultiPoint"",""coordinates"":[]}"
20220321,2022-03-21,0.0,"{""type"":""MultiPoint"",""coordinates"":[]}"
20220322,2022-03-22,0.0,"{""type"":""MultiPoint"",""coordinates"":[]}"
20220323,2022-03-23,0.0,"{""type"":""MultiPoint"",""coordinates"":[]}"
20220324,2022-03-24,0.0,"{""type"":""MultiPoint"",""coordinates"":[]}"
20220325,2022-03-25,0.0,"{""type"":""MultiPoint"",""coordinates"":[]}"
20220326,2022-03-26,0.0,"{""type"":""MultiPoint"",""coordinates"":[]}"
20220327,2022-03-27,0.0,"{""type"":""MultiPoint"",""coordinates"":[]}"
20220328,2022-03-28,0.0,"{""type"":""MultiPoint"",""coordinates"":[]}"
20220329,2022-03-29,0.0,"{""type"":""MultiPoint"",""coordinates"":[]}"
20220330,2022-03-30,0.0,"{""type"":""MultiPoint"",""coordinates"":[]}"
20220331,2022-03-31,0.0,"{""type"":""MultiPoint"",""coordinates"":[]}"
20220401,2022-04-01,0.0,"{""type"":""MultiPoint"",""coordinates"":[]}"
20220402,2022-04-02,0.0,"{""type"":""MultiPoint"",""coordinates"":[]}"
20220403,2022-04-03,0.0,"{""type"":""MultiPoint"",""coordinates"":[]}"
20220404,2022-04-04,0.0,"{""type"":""MultiPoint"",""coordinates"":[]}"
20220405,2022-04-05,0.0,"{""type"":""MultiPoint"",""coordinates"":[]}"
20220406,2022-04-06,0.0,"{""type"":""MultiPoint"",""coordinates"":[]}"
20220407,2022-04-07,0.0,"{""type"":""MultiPoint"",""coordinates"":[]}"
20220408,2022-04-08,0.0,"{""type"":""MultiPoint"",""coordinates"":[]}"
20220409,2022-04-09,0.0,"{""type"":""MultiPoint"",""coordinates"":[]}"
20220410,2022-04-10,0.0,"{""type"":""MultiPoint"",""coordinates"":[]}"
20220411,2022-04-11,0.0,"{""type"":""MultiPoint"",""coordinates"":[]}"
20220412,2022-04-12,0.0,"{""type"":""MultiPoint"",""coordinates"":[]}"
20220413,2022-04-13,0.0,"{""type"":""MultiPoint"",""coordinates"":[]}"
20220414,2022-04-14,0.0,"{""type"":""MultiPoint"",""coordinates"":[]}"
20220415,2022-04-15,0.0,"{""type"":""MultiPoint"",""coordinates"":[]}"
20220416,2022-04-16,0.0,"{""type"":""MultiPoint"",""coordinates"":[]}"
20220417,2022-04-17,0.0,"{""type"":""MultiPoint"",""coordinates"":[]}"
20220418,2022-04-18,0.0,"{""type"":""MultiPoint"",""coordinates"":[]}"
20220419,2022-04-19,0.0,"{""type"":""MultiPoint"",""coordinates"":[]}"
20220420,2022-04-20,0.0,"{""type"":""MultiPoint"",""coordinates"":[]}"
20220421,2022-04-21,0.0,"{""type"":""MultiPoint"",""coordinates"":[]}"
20220422,2022-04-22,0.0,"{""type"":""MultiPoint"",""coordinates"":[]}"
20220423,2022-04-23,0.0,"{""type"":""MultiPoint"",""coordinates"":[]}"
20220424,2022-04-24,0.0,"{""type"":""MultiPoint"",""coordinates"":[]}"
20220425,2022-04-25,0.0,"{""type"":""MultiPoint"",""coordinates"":[]}"
20220426,2022-04-26,0.0,"{""type"":""MultiPoint"",""coordinates"":[]}"
20220427,2022-04-27,0.0,"{""type"":""MultiPoint"",""coordinates"":[]}"
20220428,2022-04-28,0.0,"{""type"":""MultiPoint"",""coordinates"":[]}"
20220429,2022-04-29,0.0,"{""type"":""MultiPoint"",""coordinates"":[]}"
20220430,2022-04-30,0.0,"{""type"":""MultiPoint"",""coordinates"":[]}"
20220501,2022-05-01,0.0,"{""type"":""MultiPoint"",""coordinates"":[]}"
20220502,2022-05-02,0.0,"{""type"":""MultiPoint"",""coordinates"":[]}"
20220503,2022-05-03,0.0,"{""type"":""MultiPoint"",""coordinates"":[]}"
20220504,2022-05-04,0.0,"{""type"":""MultiPoint"",""coordinates"":[]}"
20220505,2022-05-05,0.0,"{""type"":""MultiPoint"",""coordinates"":[]}"
20220506,2022-05-06,0.0,"{""type"":""MultiPoint"",""coordinates"":[]}"
20220507,2022-05-07,0.0,"{""type"":""MultiPoint"",""coordinates"":[]}"
20220508,2022-05-08,0.0,"{""type"":""MultiPoint"",""coordinates"":[]}"
20220509,2022-05-09,0.0,"{""type"":""MultiPoint"",""coordinates"":[]}"
20220510,2022-05-10,0.0,"{""type"":""MultiPoint"",""coordinates"":[]}"
20220511,2022-05-11,0.0,"{""type"":""MultiPoint"",""coordinates"":[]}"
20220512,2022-05-12,0.0,"{""type"":""MultiPoint"",""coordinates"":[]}"
20220513,2022-05-13,0.0,"{""type"":""MultiPoint"",""coordinates"":[]}"
20220514,2022-05-14,0.0,"{""type"":""MultiPoint"",""coordinates"":[]}"
20220515,2022-05-15,0.0,"{""type"":""MultiPoint"",""coordinates"":[]}"
20220516,2022-05-16,0.0,"{""type"":""MultiPoint"",""coordinates"":[]}"
20220517,2022-05-17,0.0,"{""type"":""MultiPoint"",""coordinates"":[]}"
20220518,2022-05-18,0.0,"{""type"":""MultiPoint"",""coordinates"":[]}"
20220519,2022-05-19,0.0,"{""type"":""MultiPoint"",""coordinates"":[]}"
20220520,2022-05-20,0.0,"{""type"":""MultiPoint"",""coordinates"":[]}"
20220521,2022-05-21,0.0,"{""type"":""MultiPoint"",""coordinates"":[]}"
20220522,2022-05-22,0.0,"{""type"":""MultiPoint"",""coordinates"":[]}"
20220523,2022-05-23,22.915483474731445,"{""type"":""MultiPoint"",""coordinates"":[]}"
20220524,2022-05-24,0.0,"{""type"":""MultiPoint"",""coordinates"":[]}"
20220525,2022-05-25,0.0,"{""type"":""MultiPoint"",""coordinates"":[]}"
20220526,2022-05-26,0.0,"{""type"":""MultiPoint"",""coordinates"":[]}"
20220527,2022-05-27,0.0,"{""type"":""MultiPoint"",""coordinates"":[]}"
20220528,2022-05-28,0.0,"{""type"":""MultiPoint"",""coordinates"":[]}"
20220529,2022-05-29,0.0,"{""type"":""MultiPoint"",""coordinates"":[]}"
20220530,2022-05-30,11.007477760314941,"{""type"":""MultiPoint"",""coordinates"":[]}"
20220531,2022-05-31,0.0,"{""type"":""MultiPoint"",""coordinates"":[]}"
20220601,2022-06-01,0.0,"{""type"":""MultiPoint"",""coordinates"":[]}"
20220602,2022-06-02,0.0,"{""type"":""MultiPoint"",""coordinates"":[]}"
20220603,2022-06-03,0.0,"{""type"":""MultiPoint"",""coordinates"":[]}"
20220604,2022-06-04,0.0,"{""type"":""MultiPoint"",""coordinates"":[]}"
20220605,2022-06-05,0.0,"{""type"":""MultiPoint"",""coordinates"":[]}"
20220606,2022-06-06,0.0,"{""type"":""MultiPoint"",""coordinates"":[]}"
20220607,2022-06-07,0.0,"{""type"":""MultiPoint"",""coordinates"":[]}"
20220608,2022-06-08,0.0,"{""type"":""MultiPoint"",""coordinates"":[]}"
20220609,2022-06-09,0.0,"{""type"":""MultiPoint"",""coordinates"":[]}"
20220610,2022-06-10,0.0,"{""type"":""MultiPoint"",""coordinates"":[]}"
20220611,2022-06-11,0.0,"{""type"":""MultiPoint"",""coordinates"":[]}"
20220612,2022-06-12,0.0,"{""type"":""MultiPoint"",""coordinates"":[]}"
20220613,2022-06-13,0.0,"{""type"":""MultiPoint"",""coordinates"":[]}"
20220614,2022-06-14,0.0,"{""type"":""MultiPoint"",""coordinates"":[]}"
20220615,2022-06-15,0.0,"{""type"":""MultiPoint"",""coordinates"":[]}"
20220616,2022-06-16,0.7339089512825012,"{""type"":""MultiPoint"",""coordinates"":[]}"
20220617,2022-06-17,0.7987205386161804,"{""type"":""MultiPoint"",""coordinates"":[]}"
20220618,2022-06-18,23.836896896362305,"{""type"":""MultiPoint"",""coordinates"":[]}"
20220619,2022-06-19,5.342696666717529,"{""type"":""MultiPoint"",""coordinates"":[]}"
20220620,2022-06-20,2.4900639057159424,"{""type"":""MultiPoint"",""coordinates"":[]}"
20220621,2022-06-21,0.0,"{""type"":""MultiPoint"",""coordinates"":[]}"
20220622,2022-06-22,0.0,"{""type"":""MultiPoint"",""coordinates"":[]}"
20220623,2022-06-23,0.0,"{""type"":""MultiPoint"",""coordinates"":[]}"
20220624,2022-06-24,0.0,"{""type"":""MultiPoint"",""coordinates"":[]}"
20220625,2022-06-25,0.0,"{""type"":""MultiPoint"",""coordinates"":[]}"
20220626,2022-06-26,0.0,"{""type"":""MultiPoint"",""coordinates"":[]}"
20220627,2022-06-27,0.0,"{""type"":""MultiPoint"",""coordinates"":[]}"
20220628,2022-06-28,0.0,"{""type"":""MultiPoint"",""coordinates"":[]}"
20220629,2022-06-29,0.0,"{""type"":""MultiPoint"",""coordinates"":[]}"
20220630,2022-06-30,30.287208557128906,"{""type"":""MultiPoint"",""coordinates"":[]}"
20220701,2022-07-01,0.0,"{""type"":""MultiPoint"",""coordinates"":[]}"
20220702,2022-07-02,14.324914932250977,"{""type"":""MultiPoint"",""coordinates"":[]}"
20220703,2022-07-03,0.0,"{""type"":""MultiPoint"",""coordinates"":[]}"
20220704,2022-07-04,0.0,"{""type"":""MultiPoint"",""coordinates"":[]}"
20220705,2022-07-05,14.324914932250977,"{""type"":""MultiPoint"",""coordinates"":[]}"
20220706,2022-07-06,0.0,"{""type"":""MultiPoint"",""coordinates"":[]}"
20220707,2022-07-07,0.0,"{""type"":""MultiPoint"",""coordinates"":[]}"
20220708,2022-07-08,0.0,"{""type"":""MultiPoint"",""coordinates"":[]}"
20220709,2022-07-09,20.210195541381836,"{""type"":""MultiPoint"",""coordinates"":[]}"
20220710,2022-07-10,6.736732006072998,"{""type"":""MultiPoint"",""coordinates"":[]}"
20220711,2022-07-11,0.0,"{""type"":""MultiPoint"",""coordinates"":[]}"
20220712,2022-07-12,6.681582927703857,"{""type"":""MultiPoint"",""coordinates"":[]}"
20220713,2022-07-13,13.363165855407715,"{""type"":""MultiPoint"",""coordinates"":[]}"
20220714,2022-07-14,0.0,"{""type"":""MultiPoint"",""coordinates"":[]}"
20220715,2022-07-15,0.0,"{""type"":""MultiPoint"",""coordinates"":[]}"
20220716,2022-07-16,13.34219741821289,"{""type"":""MultiPoint"",""coordinates"":[]}"
20220717,2022-07-17,11.674422264099121,"{""type"":""MultiPoint"",""coordinates"":[]}"
20220718,2022-07-18,0.0,"{""type"":""MultiPoint"",""coordinates"":[]}"
20220719,2022-07-19,5.8372111320495605,"{""type"":""MultiPoint"",""coordinates"":[]}"
20220720,2022-07-20,17.511632919311523,"{""type"":""MultiPoint"",""coordinates"":[]}"
20220721,2022-07-21,0.0,"{""type"":""MultiPoint"",""coordinates"":[]}"
20220722,2022-07-22,0.0,"{""type"":""MultiPoint"",""coordinates"":[]}"
20220723,2022-07-23,29.265710830688477,"{""type"":""MultiPoint"",""coordinates"":[]}"
20220724,2022-07-24,0.0,"{""type"":""MultiPoint"",""coordinates"":[]}"
20220725,2022-07-25,0.0,"{""type"":""MultiPoint"",""coordinates"":[]}"
20220726,2022-07-26,0.0,"{""type"":""MultiPoint"",""coordinates"":[]}"
20220727,2022-07-27,18.884037017822266,"{""type"":""MultiPoint"",""coordinates"":[]}"
20220728,2022-07-28,18.884037017822266,"{""type"":""MultiPoint"",""coordinates"":[]}"
20220729,2022-07-29,18.884037017822266,"{""type"":""MultiPoint"",""coordinates"":[]}"
20220730,2022-07-30,18.884037017822266,"{""type"":""MultiPoint"",""coordinates"":[]}"
20220731,2022-07-31,0.0,"{""type"":""MultiPoint"",""coordinates"":[]}"
20220801,2022-08-01,0.0,"{""type"":""MultiPoint"",""coordinates"":[]}"
20220802,2022-08-02,0.0,"{""type"":""MultiPoint"",""coordinates"":[]}"
20220803,2022-08-03,20.295970916748047,"{""type"":""MultiPoint"",""coordinates"":[]}"
20220804,2022-08-04,20.295970916748047,"{""type"":""MultiPoint"",""coordinates"":[]}"
20220805,2022-08-05,0.0,"{""type"":""MultiPoint"",""coordinates"":[]}"
20220806,2022-08-06,0.0,"{""type"":""MultiPoint"",""coordinates"":[]}"
20220807,2022-08-07,27.634889602661133,"{""type"":""MultiPoint"",""coordinates"":[]}"
20220808,2022-08-08,0.0,"{""type"":""MultiPoint"",""coordinates"":[]}"
20220809,2022-08-09,0.0,"{""type"":""MultiPoint"",""coordinates"":[]}"
20220810,2022-08-10,0.0,"{""type"":""MultiPoint"",""coordinates"":[]}"
20220811,2022-08-11,0.0,"{""type"":""MultiPoint"",""coordinates"":[]}"
20220812,2022-08-12,0.0,"{""type"":""MultiPoint"",""coordinates"":[]}"
20220813,2022-08-13,0.0,"{""type"":""MultiPoint"",""coordinates"":[]}"
20220814,2022-08-14,16.137893676757812,"{""type"":""MultiPoint"",""coordinates"":[]}"
20220815,2022-08-15,16.137893676757812,"{""type"":""MultiPoint"",""coordinates"":[]}"
20220816,2022-08-16,0.0,"{""type"":""MultiPoint"",""coordinates"":[]}"
20220817,2022-08-17,0.0,"{""type"":""MultiPoint"",""coordinates"":[]}"
20220818,2022-08-18,0.0,"{""type"":""MultiPoint"",""coordinates"":[]}"
20220819,2022-08-19,0.0,"{""type"":""MultiPoint"",""coordinates"":[]}"
20220820,2022-08-20,0.0,"{""type"":""MultiPoint"",""coordinates"":[]}"
20220821,2022-08-21,0.0,"{""type"":""MultiPoint"",""coordinates"":[]}"
20220822,2022-08-22,0.0,"{""type"":""MultiPoint"",""coordinates"":[]}"
20220823,2022-08-23,0.0,"{""type"":""MultiPoint"",""coordinates"":[]}"
20220824,2022-08-24,8.008251190185547,"{""type"":""MultiPoint"",""coordinates"":[]}"
20220825,2022-08-25,0.0,"{""type"":""MultiPoint"",""coordinates"":[]}"
20220826,2022-08-26,0.0,"{""type"":""MultiPoint"",""coordinates"":[]}"
20220827,2022-08-27,0.0,"{""type"":""MultiPoint"",""coordinates"":[]}"
20220828,2022-08-28,0.0,"{""type"":""MultiPoint"",""coordinates"":[]}"
20220829,2022-08-29,0.0,"{""type"":""MultiPoint"",""coordinates"":[]}"
20220830,2022-08-30,0.0,"{""type"":""MultiPoint"",""coordinates"":[]}"
20220831,2022-08-31,0.0,"{""type"":""MultiPoint"",""coordinates"":[]}"
20220901,2022-09-01,39.11320495605469,"{""type"":""MultiPoint"",""coordinates"":[]}"
20220902,2022-09-02,0.0,"{""type"":""MultiPoint"",""coordinates"":[]}"
20220903,2022-09-03,0.0,"{""type"":""MultiPoint"",""coordinates"":[]}"
20220904,2022-09-04,0.0,"{""type"":""MultiPoint"",""coordinates"":[]}"
20220905,2022-09-05,0.0,"{""type"":""MultiPoint"",""coordinates"":[]}"
20220906,2022-09-06,0.0,"{""type"":""MultiPoint"",""coordinates"":[]}"
20220907,2022-09-07,0.0,"{""type"":""MultiPoint"",""coordinates"":[]}"
20220908,2022-09-08,0.0,"{""type"":""MultiPoint"",""coordinates"":[]}"
20220909,2022-09-09,0.0,"{""type"":""MultiPoint"",""coordinates"":[]}"
20220910,2022-09-10,0.0,"{""type"":""MultiPoint"",""coordinates"":[]}"
20220911,2022-09-11,0.0,"{""type"":""MultiPoint"",""coordinates"":[]}"
20220912,2022-09-12,0.0,"{""type"":""MultiPoint"",""coordinates"":[]}"
20220913,2022-09-13,0.0,"{""type"":""MultiPoint"",""coordinates"":[]}"
20220914,2022-09-14,0.0,"{""type"":""MultiPoint"",""coordinates"":[]}"
20220915,2022-09-15,0.0,"{""type"":""MultiPoint"",""coordinates"":[]}"
20220916,2022-09-16,0.0,"{""type"":""MultiPoint"",""coordinates"":[]}"
20220917,2022-09-17,0.0,"{""type"":""MultiPoint"",""coordinates"":[]}"
20220918,2022-09-18,0.0,"{""type"":""MultiPoint"",""coordinates"":[]}"
20220919,2022-09-19,0.0,"{""type"":""MultiPoint"",""coordinates"":[]}"
20220920,2022-09-20,0.0,"{""type"":""MultiPoint"",""coordinates"":[]}"
20220921,2022-09-21,33.00557327270508,"{""type"":""MultiPoint"",""coordinates"":[]}"
20220922,2022-09-22,0.0,"{""type"":""MultiPoint"",""coordinates"":[]}"
20220923,2022-09-23,66.01114654541016,"{""type"":""MultiPoint"",""coordinates"":[]}"
20220924,2022-09-24,66.01114654541016,"{""type"":""MultiPoint"",""coordinates"":[]}"
20220925,2022-09-25,0.0,"{""type"":""MultiPoint"",""coordinates"":[]}"
20220926,2022-09-26,14.609295845031738,"{""type"":""MultiPoint"",""coordinates"":[]}"
20220927,2022-09-27,0.0,"{""type"":""MultiPoint"",""coordinates"":[]}"
20220928,2022-09-28,1.2622534036636353,"{""type"":""MultiPoint"",""coordinates"":[]}"
20220929,2022-09-29,1.0551491975784302,"{""type"":""MultiPoint"",""coordinates"":[]}"
20220930,2022-09-30,2.2768182680010796E-4,"{""type"":""MultiPoint"",""coordinates"":[]}"
20221001,2022-10-01,0.0,"{""type"":""MultiPoint"",""coordinates"":[]}"
20221002,2022-10-02,0.0,"{""type"":""MultiPoint"",""coordinates"":[]}"
20221003,2022-10-03,0.0,"{""type"":""MultiPoint"",""coordinates"":[]}"
20221004,2022-10-04,0.0,"{""type"":""MultiPoint"",""coordinates"":[]}"
20221005,2022-10-05,0.0,"{""type"":""MultiPoint"",""coordinates"":[]}"
20221006,2022-10-06,0.0,"{""type"":""MultiPoint"",""coordinates"":[]}"
20221007,2022-10-07,0.0,"{""type"":""MultiPoint"",""coordinates"":[]}"
20221008,2022-10-08,53.64532470703125,"{""type"":""MultiPoint"",""coordinates"":[]}"
20221009,2022-10-09,26.822662353515625,"{""type"":""MultiPoint"",""coordinates"":[]}"
20221010,2022-10-10,0.0,"{""type"":""MultiPoint"",""coordinates"":[]}"
20221011,2022-10-11,0.0,"{""type"":""MultiPoint"",""coordinates"":[]}"
20221012,2022-10-12,0.0,"{""type"":""MultiPoint"",""coordinates"":[]}"
20221013,2022-10-13,0.0,"{""type"":""MultiPoint"",""coordinates"":[]}"
20221014,2022-10-14,0.0,"{""type"":""MultiPoint"",""coordinates"":[]}"
20221015,2022-10-15,0.0,"{""type"":""MultiPoint"",""coordinates"":[]}"
20221016,2022-10-16,0.0,"{""type"":""MultiPoint"",""coordinates"":[]}"
20221017,2022-10-17,0.0,"{""type"":""MultiPoint"",""coordinates"":[]}"
20221018,2022-10-18,0.0,"{""type"":""MultiPoint"",""coordinates"":[]}"
20221019,2022-10-19,0.0,"{""type"":""MultiPoint"",""coordinates"":[]}"
20221020,2022-10-20,0.0,"{""type"":""MultiPoint"",""coordinates"":[]}"
20221021,2022-10-21,0.0,"{""type"":""MultiPoint"",""coordinates"":[]}"
20221022,2022-10-22,0.0,"{""type"":""MultiPoint"",""coordinates"":[]}"
20221023,2022-10-23,0.0,"{""type"":""MultiPoint"",""coordinates"":[]}"
20221024,2022-10-24,0.0,"{""type"":""MultiPoint"",""coordinates"":[]}"
20221025,2022-10-25,0.0,"{""type"":""MultiPoint"",""coordinates"":[]}"
20221026,2022-10-26,0.0,"{""type"":""MultiPoint"",""coordinates"":[]}"
20221027,2022-10-27,0.0,"{""type"":""MultiPoint"",""coordinates"":[]}"
20221028,2022-10-28,0.0,"{""type"":""MultiPoint"",""coordinates"":[]}"
20221029,2022-10-29,0.0,"{""type"":""MultiPoint"",""coordinates"":[]}"
20221030,2022-10-30,0.0,"{""type"":""MultiPoint"",""coordinates"":[]}"
20221031,2022-10-31,0.0,"{""type"":""MultiPoint"",""coordinates"":[]}"
20221101,2022-11-01,0.0,"{""type"":""MultiPoint"",""coordinates"":[]}"
20221102,2022-11-02,0.0,"{""type"":""MultiPoint"",""coordinates"":[]}"
20221103,2022-11-03,0.0,"{""type"":""MultiPoint"",""coordinates"":[]}"
20221104,2022-11-04,0.0,"{""type"":""MultiPoint"",""coordinates"":[]}"
20221105,2022-11-05,0.0,"{""type"":""MultiPoint"",""coordinates"":[]}"
20221106,2022-11-06,0.0,"{""type"":""MultiPoint"",""coordinates"":[]}"
20221107,2022-11-07,0.0,"{""type"":""MultiPoint"",""coordinates"":[]}"
20221108,2022-11-08,0.0,"{""type"":""MultiPoint"",""coordinates"":[]}"
20221109,2022-11-09,0.0,"{""type"":""MultiPoint"",""coordinates"":[]}"
20221110,2022-11-10,0.0,"{""type"":""MultiPoint"",""coordinates"":[]}"
20221111,2022-11-11,0.0,"{""type"":""MultiPoint"",""coordinates"":[]}"
20221112,2022-11-12,0.0,"{""type"":""MultiPoint"",""coordinates"":[]}"
20221113,2022-11-13,0.0,"{""type"":""MultiPoint"",""coordinates"":[]}"
20221114,2022-11-14,0.0,"{""type"":""MultiPoint"",""coordinates"":[]}"
20221115,2022-11-15,0.0,"{""type"":""MultiPoint"",""coordinates"":[]}"
20221116,2022-11-16,0.0,"{""type"":""MultiPoint"",""coordinates"":[]}"
20221117,2022-11-17,0.0,"{""type"":""MultiPoint"",""coordinates"":[]}"
20221118,2022-11-18,0.0,"{""type"":""MultiPoint"",""coordinates"":[]}"
20221119,2022-11-19,0.0,"{""type"":""MultiPoint"",""coordinates"":[]}"
20221120,2022-11-20,0.0,"{""type"":""MultiPoint"",""coordinates"":[]}"
20221121,2022-11-21,0.0,"{""type"":""MultiPoint"",""coordinates"":[]}"
20221122,2022-11-22,0.0,"{""type"":""MultiPoint"",""coordinates"":[]}"
20221123,2022-11-23,0.0,"{""type"":""MultiPoint"",""coordinates"":[]}"
20221124,2022-11-24,0.0,"{""type"":""MultiPoint"",""coordinates"":[]}"
20221125,2022-11-25,0.0,"{""type"":""MultiPoint"",""coordinates"":[]}"
20221126,2022-11-26,0.0,"{""type"":""MultiPoint"",""coordinates"":[]}"
20221127,2022-11-27,0.0,"{""type"":""MultiPoint"",""coordinates"":[]}"
20221128,2022-11-28,0.0,"{""type"":""MultiPoint"",""coordinates"":[]}"
20221129,2022-11-29,0.0,"{""type"":""MultiPoint"",""coordinates"":[]}"
20221130,2022-11-30,0.0,"{""type"":""MultiPoint"",""coordinates"":[]}"
20221201,2022-12-01,0.0,"{""type"":""MultiPoint"",""coordinates"":[]}"
20221202,2022-12-02,0.0,"{""type"":""MultiPoint"",""coordinates"":[]}"
20221203,2022-12-03,0.0,"{""type"":""MultiPoint"",""coordinates"":[]}"
20221204,2022-12-04,0.0,"{""type"":""MultiPoint"",""coordinates"":[]}"
20221205,2022-12-05,0.0,"{""type"":""MultiPoint"",""coordinates"":[]}"
20221206,2022-12-06,0.0,"{""type"":""MultiPoint"",""coordinates"":[]}"
20221207,2022-12-07,0.0,"{""type"":""MultiPoint"",""coordinates"":[]}"
20221208,2022-12-08,0.0,"{""type"":""MultiPoint"",""coordinates"":[]}"
20221209,2022-12-09,0.0,"{""type"":""MultiPoint"",""coordinates"":[]}"
20221210,2022-12-10,2.2160205841064453,"{""type"":""MultiPoint"",""coordinates"":[]}"
20221211,2022-12-11,0.0,"{""type"":""MultiPoint"",""coordinates"":[]}"
20221212,2022-12-12,0.0,"{""type"":""MultiPoint"",""coordinates"":[]}"
20221213,2022-12-13,0.0,"{""type"":""MultiPoint"",""coordinates"":[]}"
20221214,2022-12-14,0.0,"{""type"":""MultiPoint"",""coordinates"":[]}"
20221215,2022-12-15,0.0,"{""type"":""MultiPoint"",""coordinates"":[]}"
20221216,2022-12-16,0.0,"{""type"":""MultiPoint"",""coordinates"":[]}"
20221217,2022-12-17,0.0,"{""type"":""MultiPoint"",""coordinates"":[]}"
20221218,2022-12-18,0.0,"{""type"":""MultiPoint"",""coordinates"":[]}"
20221219,2022-12-19,0.0,"{""type"":""MultiPoint"",""coordinates"":[]}"
20221220,2022-12-20,0.0,"{""type"":""MultiPoint"",""coordinates"":[]}"
20221221,2022-12-21,0.0,"{""type"":""MultiPoint"",""coordinates"":[]}"
20221222,2022-12-22,0.0,"{""type"":""MultiPoint"",""coordinates"":[]}"
20221223,2022-12-23,0.0,"{""type"":""MultiPoint"",""coordinates"":[]}"
20221224,2022-12-24,0.0,"{""type"":""MultiPoint"",""coordinates"":[]}"
20221225,2022-12-25,0.0,"{""type"":""MultiPoint"",""coordinates"":[]}"
20221226,2022-12-26,0.0,"{""type"":""MultiPoint"",""coordinates"":[]}"
20221227,2022-12-27,0.0,"{""type"":""MultiPoint"",""coordinates"":[]}"
20221228,2022-12-28,0.0,"{""type"":""MultiPoint"",""coordinates"":[]}"
20221229,2022-12-29,0.0,"{""type"":""MultiPoint"",""coordinates"":[]}"
20221230,2022-12-30,4.353953838348389,"{""type"":""MultiPoint"",""coordinates"":[]}"
20221231,2022-12-31,0.0,"{""type"":""MultiPoint"",""coordinates"":[]}"
20230101,2023-01-01,0.0,"{""type"":""MultiPoint"",""coordinates"":[]}"
20230102,2023-01-02,0.0,"{""type"":""MultiPoint"",""coordinates"":[]}"
20230103,2023-01-03,0.0,"{""type"":""MultiPoint"",""coordinates"":[]}"
20230104,2023-01-04,0.0,"{""type"":""MultiPoint"",""coordinates"":[]}"
20230105,2023-01-05,0.0,"{""type"":""MultiPoint"",""coordinates"":[]}"
20230106,2023-01-06,0.0,"{""type"":""MultiPoint"",""coordinates"":[]}"
20230107,2023-01-07,0.0,"{""type"":""MultiPoint"",""coordinates"":[]}"
20230108,2023-01-08,8.149514198303223,"{""type"":""MultiPoint"",""coordinates"":[]}"
20230109,2023-01-09,0.0,"{""type"":""MultiPoint"",""coordinates"":[]}"
20230110,2023-01-10,0.0,"{""type"":""MultiPoint"",""coordinates"":[]}"
20230111,2023-01-11,0.0,"{""type"":""MultiPoint"",""coordinates"":[]}"
20230112,2023-01-12,7.054532527923584,"{""type"":""MultiPoint"",""coordinates"":[]}"
20230113,2023-01-13,0.0,"{""type"":""MultiPoint"",""coordinates"":[]}"
20230114,2023-01-14,0.0,"{""type"":""MultiPoint"",""coordinates"":[]}"
20230115,2023-01-15,0.0,"{""type"":""MultiPoint"",""coordinates"":[]}"
20230116,2023-01-16,0.0,"{""type"":""MultiPoint"",""coordinates"":[]}"
20230117,2023-01-17,0.0,"{""type"":""MultiPoint"",""coordinates"":[]}"
20230118,2023-01-18,0.0,"{""type"":""MultiPoint"",""coordinates"":[]}"
20230119,2023-01-19,6.276394844055176,"{""type"":""MultiPoint"",""coordinates"":[]}"
20230120,2023-01-20,0.0,"{""type"":""MultiPoint"",""coordinates"":[]}"
20230121,2023-01-21,0.0,"{""type"":""MultiPoint"",""coordinates"":[]}"
20230122,2023-01-22,0.0,"{""type"":""MultiPoint"",""coordinates"":[]}"
20230123,2023-01-23,0.0,"{""type"":""MultiPoint"",""coordinates"":[]}"
20230124,2023-01-24,0.0,"{""type"":""MultiPoint"",""coordinates"":[]}"
20230125,2023-01-25,0.0,"{""type"":""MultiPoint"",""coordinates"":[]}"
20230126,2023-01-26,0.0,"{""type"":""MultiPoint"",""coordinates"":[]}"
20230127,2023-01-27,0.0,"{""type"":""MultiPoint"",""coordinates"":[]}"
20230128,2023-01-28,0.0,"{""type"":""MultiPoint"",""coordinates"":[]}"
20230129,2023-01-29,0.0,"{""type"":""MultiPoint"",""coordinates"":[]}"
20230130,2023-01-30,7.026402950286865,"{""type"":""MultiPoint"",""coordinates"":[]}"
20230131,2023-01-31,0.0,"{""type"":""MultiPoint"",""coordinates"":[]}"
20230201,2023-02-01,0.0,"{""type"":""MultiPoint"",""coordinates"":[]}"
20230202,2023-02-02,0.0,"{""type"":""MultiPoint"",""coordinates"":[]}"
20230203,2023-02-03,0.0,"{""type"":""MultiPoint"",""coordinates"":[]}"
20230204,2023-02-04,0.0,"{""type"":""MultiPoint"",""coordinates"":[]}"
20230205,2023-02-05,0.0,"{""type"":""MultiPoint"",""coordinates"":[]}"
20230206,2023-02-06,0.0,"{""type"":""MultiPoint"",""coordinates"":[]}"
20230207,2023-02-07,0.0,"{""type"":""MultiPoint"",""coordinates"":[]}"
20230208,2023-02-08,0.0,"{""type"":""MultiPoint"",""coordinates"":[]}"
20230209,2023-02-09,0.0,"{""type"":""MultiPoint"",""coordinates"":[]}"
20230210,2023-02-10,0.0,"{""type"":""MultiPoint"",""coordinates"":[]}"
20230211,2023-02-11,0.0,"{""type"":""MultiPoint"",""coordinates"":[]}"
20230212,2023-02-12,0.0,"{""type"":""MultiPoint"",""coordinates"":[]}"
20230213,2023-02-13,0.0,"{""type"":""MultiPoint"",""coordinates"":[]}"
20230214,2023-02-14,0.0,"{""type"":""MultiPoint"",""coordinates"":[]}"
20230215,2023-02-15,2.9106361865997314,"{""type"":""MultiPoint"",""coordinates"":[]}"
20230216,2023-02-16,0.0,"{""type"":""MultiPoint"",""coordinates"":[]}"
20230217,2023-02-17,0.0,"{""type"":""MultiPoint"",""coordinates"":[]}"
20230218,2023-02-18,0.0,"{""type"":""MultiPoint"",""coordinates"":[]}"
20230219,2023-02-19,0.0,"{""type"":""MultiPoint"",""coordinates"":[]}"
20230220,2023-02-20,3.9766600131988525,"{""type"":""MultiPoint"",""coordinates"":[]}"
20230221,2023-02-21,0.0,"{""type"":""MultiPoint"",""coordinates"":[]}"
20230222,2023-02-22,0.0,"{""type"":""MultiPoint"",""coordinates"":[]}"
20230223,2023-02-23,0.0,"{""type"":""MultiPoint"",""coordinates"":[]}"
20230224,2023-02-24,0.0,"{""type"":""MultiPoint"",""coordinates"":[]}"
20230225,2023-02-25,0.0,"{""type"":""MultiPoint"",""coordinates"":[]}"
20230226,2023-02-26,0.0,"{""type"":""MultiPoint"",""coordinates"":[]}"
20230227,2023-02-27,0.0,"{""type"":""MultiPoint"",""coordinates"":[]}"
20230228,2023-02-28,0.0,"{""type"":""MultiPoint"",""coordinates"":[]}"
20230301,2023-03-01,1.4099302291870117,"{""type"":""MultiPoint"",""coordinates"":[]}"
20230302,2023-03-02,0.0,"{""type"":""MultiPoint"",""coordinates"":[]}"
20230303,2023-03-03,0.0,"{""type"":""MultiPoint"",""coordinates"":[]}"
20230304,2023-03-04,0.0,"{""type"":""MultiPoint"",""coordinates"":[]}"
20230305,2023-03-05,0.0,"{""type"":""MultiPoint"",""coordinates"":[]}"
20230306,2023-03-06,0.0,"{""type"":""MultiPoint"",""coordinates"":[]}"
20230307,2023-03-07,0.0,"{""type"":""MultiPoint"",""coordinates"":[]}"
20230308,2023-03-08,0.0,"{""type"":""MultiPoint"",""coordinates"":[]}"
20230309,2023-03-09,0.0,"{""type"":""MultiPoint"",""coordinates"":[]}"
20230310,2023-03-10,0.0,"{""type"":""MultiPoint"",""coordinates"":[]}"
20230311,2023-03-11,0.0,"{""type"":""MultiPoint"",""coordinates"":[]}"
20230312,2023-03-12,0.0,"{""type"":""MultiPoint"",""coordinates"":[]}"
20230313,2023-03-13,0.0,"{""type"":""MultiPoint"",""coordinates"":[]}"
20230314,2023-03-14,0.0,"{""type"":""MultiPoint"",""coordinates"":[]}"
20230315,2023-03-15,0.0,"{""type"":""MultiPoint"",""coordinates"":[]}"
20230316,2023-03-16,4.741750717163086,"{""type"":""MultiPoint"",""coordinates"":[]}"
20230317,2023-03-17,0.0,"{""type"":""MultiPoint"",""coordinates"":[]}"
20230318,2023-03-18,9.483501434326172,"{""type"":""MultiPoint"",""coordinates"":[]}"
20230319,2023-03-19,9.483501434326172,"{""type"":""MultiPoint"",""coordinates"":[]}"
20230320,2023-03-20,9.483501434326172,"{""type"":""MultiPoint"",""coordinates"":[]}"
20230321,2023-03-21,0.0,"{""type"":""MultiPoint"",""coordinates"":[]}"
20230322,2023-03-22,0.0,"{""type"":""MultiPoint"",""coordinates"":[]}"
20230323,2023-03-23,0.0,"{""type"":""MultiPoint"",""coordinates"":[]}"
20230324,2023-03-24,0.0,"{""type"":""MultiPoint"",""coordinates"":[]}"
20230325,2023-03-25,0.0,"{""type"":""MultiPoint"",""coordinates"":[]}"
20230326,2023-03-26,0.0,"{""type"":""MultiPoint"",""coordinates"":[]}"
20230327,2023-03-27,0.0,"{""type"":""MultiPoint"",""coordinates"":[]}"
20230328,2023-03-28,0.0,"{""type"":""MultiPoint"",""coordinates"":[]}"
20230329,2023-03-29,0.0,"{""type"":""MultiPoint"",""coordinates"":[]}"
20230330,2023-03-30,3.7928595542907715,"{""type"":""MultiPoint"",""coordinates"":[]}"
20230331,2023-03-31,0.0,"{""type"":""MultiPoint"",""coordinates"":[]}"
20230401,2023-04-01,0.0,"{""type"":""MultiPoint"",""coordinates"":[]}"
20230402,2023-04-02,0.0,"{""type"":""MultiPoint"",""coordinates"":[]}"
20230403,2023-04-03,0.0,"{""type"":""MultiPoint"",""coordinates"":[]}"
20230404,2023-04-04,0.0,"{""type"":""MultiPoint"",""coordinates"":[]}"
20230405,2023-04-05,0.0,"{""type"":""MultiPoint"",""coordinates"":[]}"
20230406,2023-04-06,0.0,"{""type"":""MultiPoint"",""coordinates"":[]}"
20230407,2023-04-07,0.0,"{""type"":""MultiPoint"",""coordinates"":[]}"
20230408,2023-04-08,0.0,"{""type"":""MultiPoint"",""coordinates"":[]}"
20230409,2023-04-09,0.0,"{""type"":""MultiPoint"",""coordinates"":[]}"
20230410,2023-04-10,0.0,"{""type"":""MultiPoint"",""coordinates"":[]}"
20230411,2023-04-11,0.0,"{""type"":""MultiPoint"",""coordinates"":[]}"
20230412,2023-04-12,0.0,"{""type"":""MultiPoint"",""coordinates"":[]}"
20230413,2023-04-13,0.0,"{""type"":""MultiPoint"",""coordinates"":[]}"
20230414,2023-04-14,0.0,"{""type"":""MultiPoint"",""coordinates"":[]}"
20230415,2023-04-15,0.0,"{""type"":""MultiPoint"",""coordinates"":[]}"
20230416,2023-04-16,0.0,"{""type"":""MultiPoint"",""coordinates"":[]}"
20230417,2023-04-17,0.0,"{""type"":""MultiPoint"",""coordinates"":[]}"
20230418,2023-04-18,0.0,"{""type"":""MultiPoint"",""coordinates"":[]}"
20230419,2023-04-19,0.0,"{""type"":""MultiPoint"",""coordinates"":[]}"
20230420,2023-04-20,2.7388312816619873,"{""type"":""MultiPoint"",""coordinates"":[]}"
20230421,2023-04-21,0.0,"{""type"":""MultiPoint"",""coordinates"":[]}"
20230422,2023-04-22,0.0,"{""type"":""MultiPoint"",""coordinates"":[]}"
20230423,2023-04-23,0.0,"{""type"":""MultiPoint"",""coordinates"":[]}"
20230424,2023-04-24,0.0,"{""type"":""MultiPoint"",""coordinates"":[]}"
20230425,2023-04-25,0.0,"{""type"":""MultiPoint"",""coordinates"":[]}"
20230426,2023-04-26,0.0,"{""type"":""MultiPoint"",""coordinates"":[]}"
20230427,2023-04-27,0.0,"{""type"":""MultiPoint"",""coordinates"":[]}"
20230428,2023-04-28,0.0,"{""type"":""MultiPoint"",""coordinates"":[]}"
20230429,2023-04-29,0.0,"{""type"":""MultiPoint"",""coordinates"":[]}"
20230430,2023-04-30,2.974815607070923,"{""type"":""MultiPoint"",""coordinates"":[]}"
20230501,2023-05-01,2.025291919708252,"{""type"":""MultiPoint"",""coordinates"":[]}"
20230502,2023-05-02,0.0,"{""type"":""MultiPoint"",""coordinates"":[]}"
20230503,2023-05-03,0.0,"{""type"":""MultiPoint"",""coordinates"":[]}"
20230504,2023-05-04,0.0,"{""type"":""MultiPoint"",""coordinates"":[]}"
20230505,2023-05-05,0.0,"{""type"":""MultiPoint"",""coordinates"":[]}"
20230506,2023-05-06,0.0,"{""type"":""MultiPoint"",""coordinates"":[]}"
20230507,2023-05-07,0.0,"{""type"":""MultiPoint"",""coordinates"":[]}"
20230508,2023-05-08,0.0,"{""type"":""MultiPoint"",""coordinates"":[]}"
20230509,2023-05-09,0.0,"{""type"":""MultiPoint"",""coordinates"":[]}"
20230510,2023-05-10,0.0,"{""type"":""MultiPoint"",""coordinates"":[]}"
20230511,2023-05-11,0.0,"{""type"":""MultiPoint"",""coordinates"":[]}"
20230512,2023-05-12,0.0,"{""type"":""MultiPoint"",""coordinates"":[]}"
20230513,2023-05-13,0.0,"{""type"":""MultiPoint"",""coordinates"":[]}"
20230514,2023-05-14,0.0,"{""type"":""MultiPoint"",""coordinates"":[]}"
20230515,2023-05-15,0.0,"{""type"":""MultiPoint"",""coordinates"":[]}"
20230516,2023-05-16,0.0,"{""type"":""MultiPoint"",""coordinates"":[]}"
20230517,2023-05-17,1.9784681797027588,"{""type"":""MultiPoint"",""coordinates"":[]}"
20230518,2023-05-18,0.0,"{""type"":""MultiPoint"",""coordinates"":[]}"
20230519,2023-05-19,0.0,"{""type"":""MultiPoint"",""coordinates"":[]}"
20230520,2023-05-20,0.0,"{""type"":""MultiPoint"",""coordinates"":[]}"
20230521,2023-05-21,0.0,"{""type"":""MultiPoint"",""coordinates"":[]}"
20230522,2023-05-22,0.0,"{""type"":""MultiPoint"",""coordinates"":[]}"
20230523,2023-05-23,5.493954181671143,"{""type"":""MultiPoint"",""coordinates"":[]}"
20230524,2023-05-24,0.0,"{""type"":""MultiPoint"",""coordinates"":[]}"
20230525,2023-05-25,0.0,"{""type"":""MultiPoint"",""coordinates"":[]}"
20230526,2023-05-26,0.0,"{""type"":""MultiPoint"",""coordinates"":[]}"
20230527,2023-05-27,15.778294563293457,"{""type"":""MultiPoint"",""coordinates"":[]}"
20230528,2023-05-28,0.0,"{""type"":""MultiPoint"",""coordinates"":[]}"
20230529,2023-05-29,15.778294563293457,"{""type"":""MultiPoint"",""coordinates"":[]}"
20230530,2023-05-30,0.0,"{""type"":""MultiPoint"",""coordinates"":[]}"
20230531,2023-05-31,0.0,"{""type"":""MultiPoint"",""coordinates"":[]}"
20230601,2023-06-01,0.0,"{""type"":""MultiPoint"",""coordinates"":[]}"
20230602,2023-06-02,0.0,"{""type"":""MultiPoint"",""coordinates"":[]}"
20230603,2023-06-03,0.0,"{""type"":""MultiPoint"",""coordinates"":[]}"
20230604,2023-06-04,0.0,"{""type"":""MultiPoint"",""coordinates"":[]}"
20230605,2023-06-05,0.0,"{""type"":""MultiPoint"",""coordinates"":[]}"
20230606,2023-06-06,0.0,"{""type"":""MultiPoint"",""coordinates"":[]}"
20230607,2023-06-07,0.0,"{""type"":""MultiPoint"",""coordinates"":[]}"
20230608,2023-06-08,0.0,"{""type"":""MultiPoint"",""coordinates"":[]}"
20230609,2023-06-09,0.0,"{""type"":""MultiPoint"",""coordinates"":[]}"
20230610,2023-06-10,0.0,"{""type"":""MultiPoint"",""coordinates"":[]}"
20230611,2023-06-11,0.0,"{""type"":""MultiPoint"",""coordinates"":[]}"
20230612,2023-06-12,0.0,"{""type"":""MultiPoint"",""coordinates"":[]}"
20230613,2023-06-13,0.0,"{""type"":""MultiPoint"",""coordinates"":[]}"
20230614,2023-06-14,0.0,"{""type"":""MultiPoint"",""coordinates"":[]}"
20230615,2023-06-15,0.0,"{""type"":""MultiPoint"",""coordinates"":[]}"
20230616,2023-06-16,0.0,"{""type"":""MultiPoint"",""coordinates"":[]}"
20230617,2023-06-17,0.0,"{""type"":""MultiPoint"",""coordinates"":[]}"
20230618,2023-06-18,0.0,"{""type"":""MultiPoint"",""coordinates"":[]}"
20230619,2023-06-19,0.0,"{""type"":""MultiPoint"",""coordinates"":[]}"
20230620,2023-06-20,0.0,"{""type"":""MultiPoint"",""coordinates"":[]}"
20230621,2023-06-21,0.0,"{""type"":""MultiPoint"",""coordinates"":[]}"
20230622,2023-06-22,0.0,"{""type"":""MultiPoint"",""coordinates"":[]}"
20230623,2023-06-23,16.293987274169922,"{""type"":""MultiPoint"",""coordinates"":[]}"
20230624,2023-06-24,32.587974548339844,"{""type"":""MultiPoint"",""coordinates"":[]}"
20230625,2023-06-25,24.440980911254883,"{""type"":""MultiPoint"",""coordinates"":[]}"
20230626,2023-06-26,0.0,"{""type"":""MultiPoint"",""coordinates"":[]}"
20230627,2023-06-27,38.03062438964844,"{""type"":""MultiPoint"",""coordinates"":[]}"
20230628,2023-06-28,38.03062438964844,"{""type"":""MultiPoint"",""coordinates"":[]}"
20230629,2023-06-29,0.0,"{""type"":""MultiPoint"",""coordinates"":[]}"
20230630,2023-06-30,0.0,"{""type"":""MultiPoint"",""coordinates"":[]}"
20230701,2023-07-01,0.0,"{""type"":""MultiPoint"",""coordinates"":[]}"
20230702,2023-07-02,0.0,"{""type"":""MultiPoint"",""coordinates"":[]}"
20230703,2023-07-03,0.0,"{""type"":""MultiPoint"",""coordinates"":[]}"
20230704,2023-07-04,22.582469940185547,"{""type"":""MultiPoint"",""coordinates"":[]}"
20230705,2023-07-05,11.291234970092773,"{""type"":""MultiPoint"",""coordinates"":[]}"
20230706,2023-07-06,9.721138954162598,"{""type"":""MultiPoint"",""coordinates"":[]}"
20230707,2023-07-07,0.0,"{""type"":""MultiPoint"",""coordinates"":[]}"
20230708,2023-07-08,29.163419723510742,"{""type"":""MultiPoint"",""coordinates"":[]}"
20230709,2023-07-09,48.60569763183594,"{""type"":""MultiPoint"",""coordinates"":[]}"
20230710,2023-07-10,9.721138954162598,"{""type"":""MultiPoint"",""coordinates"":[]}"
20230711,2023-07-11,27.70452117919922,"{""type"":""MultiPoint"",""coordinates"":[]}"
20230712,2023-07-12,0.0,"{""type"":""MultiPoint"",""coordinates"":[]}"
20230713,2023-07-13,0.0,"{""type"":""MultiPoint"",""coordinates"":[]}"
20230714,2023-07-14,0.0,"{""type"":""MultiPoint"",""coordinates"":[]}"
20230715,2023-07-15,18.46967887878418,"{""type"":""MultiPoint"",""coordinates"":[]}"
20230716,2023-07-16,0.0,"{""type"":""MultiPoint"",""coordinates"":[]}"
20230717,2023-07-17,15.739623069763184,"{""type"":""MultiPoint"",""coordinates"":[]}"
20230718,2023-07-18,23.609432220458984,"{""type"":""MultiPoint"",""coordinates"":[]}"
20230719,2023-07-19,0.0,"{""type"":""MultiPoint"",""coordinates"":[]}"
20230720,2023-07-20,0.0,"{""type"":""MultiPoint"",""coordinates"":[]}"
20230721,2023-07-21,0.0,"{""type"":""MultiPoint"",""coordinates"":[]}"
20230722,2023-07-22,9.325488090515137,"{""type"":""MultiPoint"",""coordinates"":[]}"
20230723,2023-07-23,0.0,"{""type"":""MultiPoint"",""coordinates"":[]}"
20230724,2023-07-24,0.0,"{""type"":""MultiPoint"",""coordinates"":[]}"
20230725,2023-07-25,18.650976181030273,"{""type"":""MultiPoint"",""coordinates"":[]}"
20230726,2023-07-26,51.170955657958984,"{""type"":""MultiPoint"",""coordinates"":[]}"
20230727,2023-07-27,0.0,"{""type"":""MultiPoint"",""coordinates"":[]}"
20230728,2023-07-28,51.170955657958984,"{""type"":""MultiPoint"",""coordinates"":[]}"
20230729,2023-07-29,0.0,"{""type"":""MultiPoint"",""coordinates"":[]}"
20230730,2023-07-30,0.0,"{""type"":""MultiPoint"",""coordinates"":[]}"
20230731,2023-07-31,0.0,"{""type"":""MultiPoint"",""coordinates"":[]}"
20230801,2023-08-01,0.0,"{""type"":""MultiPoint"",""coordinates"":[]}"
20230802,2023-08-02,8.050076484680176,"{""type"":""MultiPoint"",""coordinates"":[]}"
20230803,2023-08-03,4.025038242340088,"{""type"":""MultiPoint"",""coordinates"":[]}"
20230804,2023-08-04,8.050076484680176,"{""type"":""MultiPoint"",""coordinates"":[]}"
20230805,2023-08-05,12.075114250183105,"{""type"":""MultiPoint"",""coordinates"":[]}"
20230806,2023-08-06,0.0,"{""type"":""MultiPoint"",""coordinates"":[]}"
20230807,2023-08-07,0.0,"{""type"":""MultiPoint"",""coordinates"":[]}"
20230808,2023-08-08,0.0,"{""type"":""MultiPoint"",""coordinates"":[]}"
20230809,2023-08-09,0.0,"{""type"":""MultiPoint"",""coordinates"":[]}"
20230810,2023-08-10,14.451369285583496,"{""type"":""MultiPoint"",""coordinates"":[]}"
20230811,2023-08-11,0.0,"{""type"":""MultiPoint"",""coordinates"":[]}"
20230812,2023-08-12,0.0,"{""type"":""MultiPoint"",""coordinates"":[]}"
20230813,2023-08-13,12.207971572875977,"{""type"":""MultiPoint"",""coordinates"":[]}"
20230814,2023-08-14,0.0,"{""type"":""MultiPoint"",""coordinates"":[]}"
20230815,2023-08-15,0.0,"{""type"":""MultiPoint"",""coordinates"":[]}"
20230816,2023-08-16,0.0,"{""type"":""MultiPoint"",""coordinates"":[]}"
20230817,2023-08-17,0.0,"{""type"":""MultiPoint"",""coordinates"":[]}"
20230818,2023-08-18,7.759678840637207,"{""type"":""MultiPoint"",""coordinates"":[]}"
20230819,2023-08-19,31.038715362548828,"{""type"":""MultiPoint"",""coordinates"":[]}"
20230820,2023-08-20,0.0,"{""type"":""MultiPoint"",""coordinates"":[]}"
20230821,2023-08-21,14.520723342895508,"{""type"":""MultiPoint"",""coordinates"":[]}"
20230822,2023-08-22,21.781084060668945,"{""type"":""MultiPoint"",""coordinates"":[]}"
20230823,2023-08-23,29.041446685791016,"{""type"":""MultiPoint"",""coordinates"":[]}"
20230824,2023-08-24,0.0,"{""type"":""MultiPoint"",""coordinates"":[]}"
20230825,2023-08-25,0.0,"{""type"":""MultiPoint"",""coordinates"":[]}"
20230826,2023-08-26,0.0,"{""type"":""MultiPoint"",""coordinates"":[]}"
20230827,2023-08-27,0.0,"{""type"":""MultiPoint"",""coordinates"":[]}"
20230828,2023-08-28,0.0,"{""type"":""MultiPoint"",""coordinates"":[]}"
20230829,2023-08-29,0.0,"{""type"":""MultiPoint"",""coordinates"":[]}"
20230830,2023-08-30,0.0,"{""type"":""MultiPoint"",""coordinates"":[]}"
20230831,2023-08-31,0.0,"{""type"":""MultiPoint"",""coordinates"":[]}"
20230901,2023-09-01,0.0,"{""type"":""MultiPoint"",""coordinates"":[]}"
20230902,2023-09-02,0.0,"{""type"":""MultiPoint"",""coordinates"":[]}"
20230903,2023-09-03,0.0,"{""type"":""MultiPoint"",""coordinates"":[]}"
20230904,2023-09-04,0.0,"{""type"":""MultiPoint"",""coordinates"":[]}"
20230905,2023-09-05,0.0,"{""type"":""MultiPoint"",""coordinates"":[]}"
20230906,2023-09-06,0.0,"{""type"":""MultiPoint"",""coordinates"":[]}"
20230907,2023-09-07,33.3789176940918,"{""type"":""MultiPoint"",""coordinates"":[]}"
20230908,2023-09-08,0.0,"{""type"":""MultiPoint"",""coordinates"":[]}"
20230909,2023-09-09,0.0,"{""type"":""MultiPoint"",""coordinates"":[]}"
20230910,2023-09-10,0.0,"{""type"":""MultiPoint"",""coordinates"":[]}"
20230911,2023-09-11,0.0,"{""type"":""MultiPoint"",""coordinates"":[]}"
20230912,2023-09-12,0.0,"{""type"":""MultiPoint"",""coordinates"":[]}"
20230913,2023-09-13,0.0,"{""type"":""MultiPoint"",""coordinates"":[]}"
20230914,2023-09-14,0.0,"{""type"":""MultiPoint"",""coordinates"":[]}"
20230915,2023-09-15,39.9463996887207,"{""type"":""MultiPoint"",""coordinates"":[]}"
20230916,2023-09-16,43.96926498413086,"{""type"":""MultiPoint"",""coordinates"":[]}"
20230917,2023-09-17,0.0,"{""type"":""MultiPoint"",""coordinates"":[]}"
20230918,2023-09-18,0.0,"{""type"":""MultiPoint"",""coordinates"":[]}"
20230919,2023-09-19,0.0,"{""type"":""MultiPoint"",""coordinates"":[]}"
20230920,2023-09-20,0.0,"{""type"":""MultiPoint"",""coordinates"":[]}"
20230921,2023-09-21,0.0,"{""type"":""MultiPoint"",""coordinates"":[]}"
20230922,2023-09-22,0.0,"{""type"":""MultiPoint"",""coordinates"":[]}"
20230923,2023-09-23,0.0,"{""type"":""MultiPoint"",""coordinates"":[]}"
20230924,2023-09-24,0.0,"{""type"":""MultiPoint"",""coordinates"":[]}"
20230925,2023-09-25,0.0,"{""type"":""MultiPoint"",""coordinates"":[]}"
20230926,2023-09-26,0.0,"{""type"":""MultiPoint"",""coordinates"":[]}"
20230927,2023-09-27,0.0,"{""type"":""MultiPoint"",""coordinates"":[]}"
20230928,2023-09-28,0.0,"{""type"":""MultiPoint"",""coordinates"":[]}"
20230929,2023-09-29,0.0,"{""type"":""MultiPoint"",""coordinates"":[]}"
20230930,2023-09-30,0.0,"{""type"":""MultiPoint"",""coordinates"":[]}"
20231001,2023-10-01,0.0,"{""type"":""MultiPoint"",""coordinates"":[]}"
20231002,2023-10-02,0.0,"{""type"":""MultiPoint"",""coordinates"":[]}"
20231003,2023-10-03,0.0,"{""type"":""MultiPoint"",""coordinates"":[]}"
20231004,2023-10-04,0.0,"{""type"":""MultiPoint"",""coordinates"":[]}"
20231005,2023-10-05,0.0,"{""type"":""MultiPoint"",""coordinates"":[]}"
20231006,2023-10-06,0.0,"{""type"":""MultiPoint"",""coordinates"":[]}"
20231007,2023-10-07,0.0,"{""type"":""MultiPoint"",""coordinates"":[]}"
20231008,2023-10-08,0.0,"{""type"":""MultiPoint"",""coordinates"":[]}"
20231009,2023-10-09,0.0,"{""type"":""MultiPoint"",""coordinates"":[]}"
20231010,2023-10-10,0.0,"{""type"":""MultiPoint"",""coordinates"":[]}"
20231011,2023-10-11,0.0,"{""type"":""MultiPoint"",""coordinates"":[]}"
20231012,2023-10-12,0.0,"{""type"":""MultiPoint"",""coordinates"":[]}"
20231013,2023-10-13,0.0,"{""type"":""MultiPoint"",""coordinates"":[]}"
20231014,2023-10-14,0.0,"{""type"":""MultiPoint"",""coordinates"":[]}"
20231015,2023-10-15,0.0,"{""type"":""MultiPoint"",""coordinates"":[]}"
20231016,2023-10-16,29.67537498474121,"{""type"":""MultiPoint"",""coordinates"":[]}"
20231017,2023-10-17,0.0,"{""type"":""MultiPoint"",""coordinates"":[]}"
20231018,2023-10-18,0.0,"{""type"":""MultiPoint"",""coordinates"":[]}"
20231019,2023-10-19,0.0,"{""type"":""MultiPoint"",""coordinates"":[]}"
20231020,2023-10-20,0.0,"{""type"":""MultiPoint"",""coordinates"":[]}"
20231021,2023-10-21,0.0,"{""type"":""MultiPoint"",""coordinates"":[]}"
20231022,2023-10-22,0.0,"{""type"":""MultiPoint"",""coordinates"":[]}"
20231023,2023-10-23,0.0,"{""type"":""MultiPoint"",""coordinates"":[]}"
20231024,2023-10-24,0.0,"{""type"":""MultiPoint"",""coordinates"":[]}"
20231025,2023-10-25,0.0,"{""type"":""MultiPoint"",""coordinates"":[]}"
20231026,2023-10-26,0.0,"{""type"":""MultiPoint"",""coordinates"":[]}"
20231027,2023-10-27,0.0,"{""type"":""MultiPoint"",""coordinates"":[]}"
20231028,2023-10-28,0.0,"{""type"":""MultiPoint"",""coordinates"":[]}"
20231029,2023-10-29,0.0,"{""type"":""MultiPoint"",""coordinates"":[]}"
20231030,2023-10-30,0.0,"{""type"":""MultiPoint"",""coordinates"":[]}"
20231031,2023-10-31,0.0,"{""type"":""MultiPoint"",""coordinates"":[]}"
20231101,2023-11-01,0.0,"{""type"":""MultiPoint"",""coordinates"":[]}"
20231102,2023-11-02,0.0,"{""type"":""MultiPoint"",""coordinates"":[]}"
20231103,2023-11-03,0.0,"{""type"":""MultiPoint"",""coordinates"":[]}"
20231104,2023-11-04,0.0,"{""type"":""MultiPoint"",""coordinates"":[]}"
20231105,2023-11-05,0.0,"{""type"":""MultiPoint"",""coordinates"":[]}"
20231106,2023-11-06,0.0,"{""type"":""MultiPoint"",""coordinates"":[]}"
20231107,2023-11-07,0.0,"{""type"":""MultiPoint"",""coordinates"":[]}"
20231108,2023-11-08,0.0,"{""type"":""MultiPoint"",""coordinates"":[]}"
20231109,2023-11-09,0.0,"{""type"":""MultiPoint"",""coordinates"":[]}"
20231110,2023-11-10,0.0,"{""type"":""MultiPoint"",""coordinates"":[]}"
20231111,2023-11-11,0.0,"{""type"":""MultiPoint"",""coordinates"":[]}"
20231112,2023-11-12,0.0,"{""type"":""MultiPoint"",""coordinates"":[]}"
20231113,2023-11-13,0.0,"{""type"":""MultiPoint"",""coordinates"":[]}"
20231114,2023-11-14,0.0,"{""type"":""MultiPoint"",""coordinates"":[]}"
20231115,2023-11-15,0.0,"{""type"":""MultiPoint"",""coordinates"":[]}"
20231116,2023-11-16,0.0,"{""type"":""MultiPoint"",""coordinates"":[]}"
20231117,2023-11-17,0.0,"{""type"":""MultiPoint"",""coordinates"":[]}"
20231118,2023-11-18,0.0,"{""type"":""MultiPoint"",""coordinates"":[]}"
20231119,2023-11-19,0.0,"{""type"":""MultiPoint"",""coordinates"":[]}"
20231120,2023-11-20,0.0,"{""type"":""MultiPoint"",""coordinates"":[]}"
20231121,2023-11-21,0.0,"{""type"":""MultiPoint"",""coordinates"":[]}"
20231122,2023-11-22,0.0,"{""type"":""MultiPoint"",""coordinates"":[]}"
20231123,2023-11-23,0.0,"{""type"":""MultiPoint"",""coordinates"":[]}"
20231124,2023-11-24,0.0,"{""type"":""MultiPoint"",""coordinates"":[]}"
20231125,2023-11-25,0.0,"{""type"":""MultiPoint"",""coordinates"":[]}"
20231126,2023-11-26,2.7271392345428467,"{""type"":""MultiPoint"",""coordinates"":[]}"
20231127,2023-11-27,2.7271392345428467,"{""type"":""MultiPoint"",""coordinates"":[]}"
20231128,2023-11-28,0.0,"{""type"":""MultiPoint"",""coordinates"":[]}"
20231129,2023-11-29,0.0,"{""type"":""MultiPoint"",""coordinates"":[]}"
20231130,2023-11-30,0.0,"{""type"":""MultiPoint"",""coordinates"":[]}"
20231201,2023-12-01,0.0,"{""type"":""MultiPoint"",""coordinates"":[]}"
20231202,2023-12-02,0.0,"{""type"":""MultiPoint"",""coordinates"":[]}"
20231203,2023-12-03,0.0,"{""type"":""MultiPoint"",""coordinates"":[]}"
20231204,2023-12-04,0.0,"{""type"":""MultiPoint"",""coordinates"":[]}"
20231205,2023-12-05,0.0,"{""type"":""MultiPoint"",""coordinates"":[]}"
20231206,2023-12-06,1.9145516157150269,"{""type"":""MultiPoint"",""coordinates"":[]}"
20231207,2023-12-07,0.0,"{""type"":""MultiPoint"",""coordinates"":[]}"
20231208,2023-12-08,0.0,"{""type"":""MultiPoint"",""coordinates"":[]}"
20231209,2023-12-09,0.0,"{""type"":""MultiPoint"",""coordinates"":[]}"
20231210,2023-12-10,0.0,"{""type"":""MultiPoint"",""coordinates"":[]}"
20231211,2023-12-11,0.0,"{""type"":""MultiPoint"",""coordinates"":[]}"
20231212,2023-12-12,0.0,"{""type"":""MultiPoint"",""coordinates"":[]}"
20231213,2023-12-13,0.0,"{""type"":""MultiPoint"",""coordinates"":[]}"
20231214,2023-12-14,0.0,"{""type"":""MultiPoint"",""coordinates"":[]}"
20231215,2023-12-15,0.0,"{""type"":""MultiPoint"",""coordinates"":[]}"
20231216,2023-12-16,0.0,"{""type"":""MultiPoint"",""coordinates"":[]}"
20231217,2023-12-17,0.0,"{""type"":""MultiPoint"",""coordinates"":[]}"
20231218,2023-12-18,0.0,"{""type"":""MultiPoint"",""coordinates"":[]}"
20231219,2023-12-19,0.0,"{""type"":""MultiPoint"",""coordinates"":[]}"
20231220,2023-12-20,0.0,"{""type"":""MultiPoint"",""coordinates"":[]}"
20231221,2023-12-21,0.0,"{""type"":""MultiPoint"",""coordinates"":[]}"
20231222,2023-12-22,0.0,"{""type"":""MultiPoint"",""coordinates"":[]}"
20231223,2023-12-23,0.0,"{""type"":""MultiPoint"",""coordinates"":[]}"
20231224,2023-12-24,0.0,"{""type"":""MultiPoint"",""coordinates"":[]}"
20231225,2023-12-25,0.0,"{""type"":""MultiPoint"",""coordinates"":[]}"
20231226,2023-12-26,0.0,"{""type"":""MultiPoint"",""coordinates"":[]}"
20231227,2023-12-27,0.0,"{""type"":""MultiPoint"",""coordinates"":[]}"
20231228,2023-12-28,0.0,"{""type"":""MultiPoint"",""coordinates"":[]}"
20231229,2023-12-29,0.0,"{""type"":""MultiPoint"",""coordinates"":[]}"
20231230,2023-12-30,4.6550116539001465,"{""type"":""MultiPoint"",""coordinates"":[]}"
20231231,2023-12-31,0.0,"{""type"":""MultiPoint"",""coordinates"":[]}"
20240101,2024-01-01,0.0,"{""type"":""MultiPoint"",""coordinates"":[]}"
20240102,2024-01-02,0.0,"{""type"":""MultiPoint"",""coordinates"":[]}"
20240103,2024-01-03,0.0,"{""type"":""MultiPoint"",""coordinates"":[]}"
20240104,2024-01-04,0.0,"{""type"":""MultiPoint"",""coordinates"":[]}"
20240105,2024-01-05,0.0,"{""type"":""MultiPoint"",""coordinates"":[]}"
20240106,2024-01-06,0.0,"{""type"":""MultiPoint"",""coordinates"":[]}"
20240107,2024-01-07,0.0,"{""type"":""MultiPoint"",""coordinates"":[]}"
20240108,2024-01-08,0.0,"{""type"":""MultiPoint"",""coordinates"":[]}"
20240109,2024-01-09,0.0,"{""type"":""MultiPoint"",""coordinates"":[]}"
20240110,2024-01-10,0.0,"{""type"":""MultiPoint"",""coordinates"":[]}"
20240111,2024-01-11,0.0,"{""type"":""MultiPoint"",""coordinates"":[]}"
20240112,2024-01-12,0.0,"{""type"":""MultiPoint"",""coordinates"":[]}"
20240113,2024-01-13,0.0,"{""type"":""MultiPoint"",""coordinates"":[]}"
20240114,2024-01-14,0.0,"{""type"":""MultiPoint"",""coordinates"":[]}"
20240115,2024-01-15,0.0,"{""type"":""MultiPoint"",""coordinates"":[]}"
20240116,2024-01-16,0.0,"{""type"":""MultiPoint"",""coordinates"":[]}"
20240117,2024-01-17,0.0,"{""type"":""MultiPoint"",""coordinates"":[]}"
20240118,2024-01-18,0.0,"{""type"":""MultiPoint"",""coordinates"":[]}"
20240119,2024-01-19,0.0,"{""type"":""MultiPoint"",""coordinates"":[]}"
20240120,2024-01-20,0.0,"{""type"":""MultiPoint"",""coordinates"":[]}"
20240121,2024-01-21,0.0,"{""type"":""MultiPoint"",""coordinates"":[]}"
20240122,2024-01-22,0.0,"{""type"":""MultiPoint"",""coordinates"":[]}"
20240123,2024-01-23,0.0,"{""type"":""MultiPoint"",""coordinates"":[]}"
20240124,2024-01-24,0.0,"{""type"":""MultiPoint"",""coordinates"":[]}"
20240125,2024-01-25,0.0,"{""type"":""MultiPoint"",""coordinates"":[]}"
20240126,2024-01-26,0.0,"{""type"":""MultiPoint"",""coordinates"":[]}"
20240127,2024-01-27,0.0,"{""type"":""MultiPoint"",""coordinates"":[]}"
20240128,2024-01-28,15.838239669799805,"{""type"":""MultiPoint"",""coordinates"":[]}"
20240129,2024-01-29,0.0,"{""type"":""MultiPoint"",""coordinates"":[]}"
20240130,2024-01-30,0.0,"{""type"":""MultiPoint"",""coordinates"":[]}"
20240131,2024-01-31,0.0,"{""type"":""MultiPoint"",""coordinates"":[]}"
20240201,2024-02-01,0.0,"{""type"":""MultiPoint"",""coordinates"":[]}"
20240202,2024-02-02,0.0,"{""type"":""MultiPoint"",""coordinates"":[]}"
20240203,2024-02-03,0.0,"{""type"":""MultiPoint"",""coordinates"":[]}"
20240204,2024-02-04,0.0,"{""type"":""MultiPoint"",""coordinates"":[]}"
20240205,2024-02-05,0.0,"{""type"":""MultiPoint"",""coordinates"":[]}"
20240206,2024-02-06,0.0,"{""type"":""MultiPoint"",""coordinates"":[]}"
20240207,2024-02-07,0.0,"{""type"":""MultiPoint"",""coordinates"":[]}"
20240208,2024-02-08,0.0,"{""type"":""MultiPoint"",""coordinates"":[]}"
20240209,2024-02-09,0.0,"{""type"":""MultiPoint"",""coordinates"":[]}"
20240210,2024-02-10,0.0,"{""type"":""MultiPoint"",""coordinates"":[]}"
20240211,2024-02-11,0.0,"{""type"":""MultiPoint"",""coordinates"":[]}"
20240212,2024-02-12,7.359044075012207,"{""type"":""MultiPoint"",""coordinates"":[]}"
20240213,2024-02-13,0.0,"{""type"":""MultiPoint"",""coordinates"":[]}"
20240214,2024-02-14,0.0,"{""type"":""MultiPoint"",""coordinates"":[]}"
20240215,2024-02-15,0.0,"{""type"":""MultiPoint"",""coordinates"":[]}"
20240216,2024-02-16,0.0,"{""type"":""MultiPoint"",""coordinates"":[]}"
20240217,2024-02-17,0.0,"{""type"":""MultiPoint"",""coordinates"":[]}"
20240218,2024-02-18,0.0,"{""type"":""MultiPoint"",""coordinates"":[]}"
20240219,2024-02-19,0.0,"{""type"":""MultiPoint"",""coordinates"":[]}"
20240220,2024-02-20,5.145757675170898,"{""type"":""MultiPoint"",""coordinates"":[]}"
20240221,2024-02-21,0.0,"{""type"":""MultiPoint"",""coordinates"":[]}"
20240222,2024-02-22,0.0,"{""type"":""MultiPoint"",""coordinates"":[]}"
20240223,2024-02-23,0.0,"{""type"":""MultiPoint"",""coordinates"":[]}"
20240224,2024-02-24,7.238607406616211,"{""type"":""MultiPoint"",""coordinates"":[]}"
20240225,2024-02-25,0.0,"{""type"":""MultiPoint"",""coordinates"":[]}"
20240226,2024-02-26,0.0,"{""type"":""MultiPoint"",""coordinates"":[]}"
20240227,2024-02-27,0.0,"{""type"":""MultiPoint"",""coordinates"":[]}"
20240228,2024-02-28,0.0,"{""type"":""MultiPoint"",""coordinates"":[]}"
20240229,2024-02-29,0.0,"{""type"":""MultiPoint"",""coordinates"":[]}"
20240301,2024-03-01,0.0,"{""type"":""MultiPoint"",""coordinates"":[]}"
20240302,2024-03-02,0.0,"{""type"":""MultiPoint"",""coordinates"":[]}"
20240303,2024-03-03,0.0,"{""type"":""MultiPoint"",""coordinates"":[]}"
20240304,2024-03-04,0.0,"{""type"":""MultiPoint"",""coordinates"":[]}"
20240305,2024-03-05,0.0,"{""type"":""MultiPoint"",""coordinates"":[]}"
20240306,2024-03-06,0.0,"{""type"":""MultiPoint"",""coordinates"":[]}"
20240307,2024-03-07,0.0,"{""type"":""MultiPoint"",""coordinates"":[]}"
20240308,2024-03-08,0.0,"{""type"":""MultiPoint"",""coordinates"":[]}"
20240309,2024-03-09,0.0,"{""type"":""MultiPoint"",""coordinates"":[]}"
20240310,2024-03-10,0.0,"{""type"":""MultiPoint"",""coordinates"":[]}"
20240311,2024-03-11,0.0,"{""type"":""MultiPoint"",""coordinates"":[]}"
20240312,2024-03-12,0.0,"{""type"":""MultiPoint"",""coordinates"":[]}"
20240313,2024-03-13,0.0,"{""type"":""MultiPoint"",""coordinates"":[]}"
20240314,2024-03-14,0.0,"{""type"":""MultiPoint"",""coordinates"":[]}"
20240315,2024-03-15,0.0,"{""type"":""MultiPoint"",""coordinates"":[]}"
20240316,2024-03-16,0.0,"{""type"":""MultiPoint"",""coordinates"":[]}"
20240317,2024-03-17,0.0,"{""type"":""MultiPoint"",""coordinates"":[]}"
20240318,2024-03-18,0.0,"{""type"":""MultiPoint"",""coordinates"":[]}"
20240319,2024-03-19,0.0,"{""type"":""MultiPoint"",""coordinates"":[]}"
20240320,2024-03-20,0.0,"{""type"":""MultiPoint"",""coordinates"":[]}"
20240321,2024-03-21,0.0,"{""type"":""MultiPoint"",""coordinates"":[]}"
20240322,2024-03-22,0.0,"{""type"":""MultiPoint"",""coordinates"":[]}"
20240323,2024-03-23,0.0,"{""type"":""MultiPoint"",""coordinates"":[]}"
20240324,2024-03-24,0.0,"{""type"":""MultiPoint"",""coordinates"":[]}"
20240325,2024-03-25,0.0,"{""type"":""MultiPoint"",""coordinates"":[]}"
20240326,2024-03-26,0.0,"{""type"":""MultiPoint"",""coordinates"":[]}"
20240327,2024-03-27,0.0,"{""type"":""MultiPoint"",""coordinates"":[]}"
20240328,2024-03-28,0.0,"{""type"":""MultiPoint"",""coordinates"":[]}"
20240329,2024-03-29,14.844686508178711,"{""type"":""MultiPoint"",""coordinates"":[]}"
20240330,2024-03-30,0.0,"{""type"":""MultiPoint"",""coordinates"":[]}"
20240331,2024-03-31,0.0,"{""type"":""MultiPoint"",""coordinates"":[]}"
20240401,2024-04-01,0.0,"{""type"":""MultiPoint"",""coordinates"":[]}"
20240402,2024-04-02,0.0,"{""type"":""MultiPoint"",""coordinates"":[]}"
20240403,2024-04-03,0.0,"{""type"":""MultiPoint"",""coordinates"":[]}"
20240404,2024-04-04,0.0,"{""type"":""MultiPoint"",""coordinates"":[]}"
20240405,2024-04-05,0.0,"{""type"":""MultiPoint"",""coordinates"":[]}"
20240406,2024-04-06,0.0,"{""type"":""MultiPoint"",""coordinates"":[]}"
20240407,2024-04-07,0.0,"{""type"":""MultiPoint"",""coordinates"":[]}"
20240408,2024-04-08,0.0,"{""type"":""MultiPoint"",""coordinates"":[]}"
20240409,2024-04-09,0.0,"{""type"":""MultiPoint"",""coordinates"":[]}"
20240410,2024-04-10,0.0,"{""type"":""MultiPoint"",""coordinates"":[]}"
20240411,2024-04-11,0.0,"{""type"":""MultiPoint"",""coordinates"":[]}"
20240412,2024-04-12,0.06226696819067001,"{""type"":""MultiPoint"",""coordinates"":[]}"
20240413,2024-04-13,4.141200065612793,"{""type"":""MultiPoint"",""coordinates"":[]}"
20240414,2024-04-14,2.565009832382202,"{""type"":""MultiPoint"",""coordinates"":[]}"
20240415,2024-04-15,1.6607966423034668,"{""type"":""MultiPoint"",""coordinates"":[]}"
20240416,2024-04-16,0.0,"{""type"":""MultiPoint"",""coordinates"":[]}"
20240417,2024-04-17,0.0,"{""type"":""MultiPoint"",""coordinates"":[]}"
20240418,2024-04-18,0.0,"{""type"":""MultiPoint"",""coordinates"":[]}"
20240419,2024-04-19,0.0,"{""type"":""MultiPoint"",""coordinates"":[]}"
20240420,2024-04-20,0.0,"{""type"":""MultiPoint"",""coordinates"":[]}"
20240421,2024-04-21,0.0,"{""type"":""MultiPoint"",""coordinates"":[]}"
20240422,2024-04-22,0.0,"{""type"":""MultiPoint"",""coordinates"":[]}"
20240423,2024-04-23,0.0,"{""type"":""MultiPoint"",""coordinates"":[]}"
20240424,2024-04-24,0.0,"{""type"":""MultiPoint"",""coordinates"":[]}"
20240425,2024-04-25,0.0,"{""type"":""MultiPoint"",""coordinates"":[]}"
20240426,2024-04-26,0.0,"{""type"":""MultiPoint"",""coordinates"":[]}"
20240427,2024-04-27,0.0,"{""type"":""MultiPoint"",""coordinates"":[]}"
20240428,2024-04-28,0.0,"{""type"":""MultiPoint"",""coordinates"":[]}"
20240429,2024-04-29,0.0,"{""type"":""MultiPoint"",""coordinates"":[]}"
20240430,2024-04-30,0.0,"{""type"":""MultiPoint"",""coordinates"":[]}"
20240501,2024-05-01,0.0,"{""type"":""MultiPoint"",""coordinates"":[]}"
20240502,2024-05-02,0.0,"{""type"":""MultiPoint"",""coordinates"":[]}"
20240503,2024-05-03,0.0,"{""type"":""MultiPoint"",""coordinates"":[]}"
20240504,2024-05-04,0.0,"{""type"":""MultiPoint"",""coordinates"":[]}"
20240505,2024-05-05,0.0,"{""type"":""MultiPoint"",""coordinates"":[]}"
20240506,2024-05-06,0.0,"{""type"":""MultiPoint"",""coordinates"":[]}"
20240507,2024-05-07,0.0,"{""type"":""MultiPoint"",""coordinates"":[]}"
20240508,2024-05-08,0.0,"{""type"":""MultiPoint"",""coordinates"":[]}"
20240509,2024-05-09,0.0,"{""type"":""MultiPoint"",""coordinates"":[]}"
20240510,2024-05-10,0.0,"{""type"":""MultiPoint"",""coordinates"":[]}"
20240511,2024-05-11,0.0,"{""type"":""MultiPoint"",""coordinates"":[]}"
20240512,2024-05-12,0.0,"{""type"":""MultiPoint"",""coordinates"":[]}"
20240513,2024-05-13,0.0,"{""type"":""MultiPoint"",""coordinates"":[]}"
20240514,2024-05-14,0.0,"{""type"":""MultiPoint"",""coordinates"":[]}"
20240515,2024-05-15,0.0,"{""type"":""MultiPoint"",""coordinates"":[]}"
20240516,2024-05-16,0.0,"{""type"":""MultiPoint"",""coordinates"":[]}"
20240517,2024-05-17,0.5669195055961609,"{""type"":""MultiPoint"",""coordinates"":[]}"
20240518,2024-05-18,0.04694052413105965,"{""type"":""MultiPoint"",""coordinates"":[]}"
20240519,2024-05-19,0.2218683660030365,"{""type"":""MultiPoint"",""coordinates"":[]}"
20240520,2024-05-20,0.0,"{""type"":""MultiPoint"",""coordinates"":[]}"
20240521,2024-05-21,0.0,"{""type"":""MultiPoint"",""coordinates"":[]}"
20240522,2024-05-22,0.0,"{""type"":""MultiPoint"",""coordinates"":[]}"
20240523,2024-05-23,0.0,"{""type"":""MultiPoint"",""coordinates"":[]}"
20240524,2024-05-24,0.0,"{""type"":""MultiPoint"",""coordinates"":[]}"
20240525,2024-05-25,0.0,"{""type"":""MultiPoint"",""coordinates"":[]}"
20240526,2024-05-26,0.0,"{""type"":""MultiPoint"",""coordinates"":[]}"
20240527,2024-05-27,0.0,"{""type"":""MultiPoint"",""coordinates"":[]}"
20240528,2024-05-28,0.0,"{""type"":""MultiPoint"",""coordinates"":[]}"
20240529,2024-05-29,0.0,"{""type"":""MultiPoint"",""coordinates"":[]}"
20240530,2024-05-30,0.0,"{""type"":""MultiPoint"",""coordinates"":[]}"
20240531,2024-05-31,0.0,"{""type"":""MultiPoint"",""coordinates"":[]}"
20240601,2024-06-01,0.0,"{""type"":""MultiPoint"",""coordinates"":[]}"
20240602,2024-06-02,0.0,"{""type"":""MultiPoint"",""coordinates"":[]}"
20240603,2024-06-03,0.0,"{""type"":""MultiPoint"",""coordinates"":[]}"
20240604,2024-06-04,0.0,"{""type"":""MultiPoint"",""coordinates"":[]}"
20240605,2024-06-05,0.0,"{""type"":""MultiPoint"",""coordinates"":[]}"
20240606,2024-06-06,0.0,"{""type"":""MultiPoint"",""coordinates"":[]}"
20240607,2024-06-07,0.0,"{""type"":""MultiPoint"",""coordinates"":[]}"
20240608,2024-06-08,0.0,"{""type"":""MultiPoint"",""coordinates"":[]}"
20240609,2024-06-09,0.0,"{""type"":""MultiPoint"",""coordinates"":[]}"
20240610,2024-06-10,0.0,"{""type"":""MultiPoint"",""coordinates"":[]}"
20240611,2024-06-11,0.0,"{""type"":""MultiPoint"",""coordinates"":[]}"
20240612,2024-06-12,3.511845350265503,"{""type"":""MultiPoint"",""coordinates"":[]}"
20240613,2024-06-13,0.0,"{""type"":""MultiPoint"",""coordinates"":[]}"
20240614,2024-06-14,1.855406403541565,"{""type"":""MultiPoint"",""coordinates"":[]}"
20240615,2024-06-15,1.5401272773742676,"{""type"":""MultiPoint"",""coordinates"":[]}"
20240616,2024-06-16,0.0,"{""type"":""MultiPoint"",""coordinates"":[]}"
20240617,2024-06-17,0.0,"{""type"":""MultiPoint"",""coordinates"":[]}"
20240618,2024-06-18,0.0,"{""type"":""MultiPoint"",""coordinates"":[]}"
20240619,2024-06-19,0.0,"{""type"":""MultiPoint"",""coordinates"":[]}"
20240620,2024-06-20,0.0,"{""type"":""MultiPoint"",""coordinates"":[]}"
20240621,2024-06-21,0.0,"{""type"":""MultiPoint"",""coordinates"":[]}"
20240622,2024-06-22,0.0,"{""type"":""MultiPoint"",""coordinates"":[]}"
20240623,2024-06-23,0.0,"{""type"":""MultiPoint"",""coordinates"":[]}"
20240624,2024-06-24,0.0,"{""type"":""MultiPoint"",""coordinates"":[]}"
20240625,2024-06-25,0.0,"{""type"":""MultiPoint"",""coordinates"":[]}"
20240626,2024-06-26,23.91795539855957,"{""type"":""MultiPoint"",""coordinates"":[]}"
20240627,2024-06-27,0.0,"{""type"":""MultiPoint"",""coordinates"":[]}"
20240628,2024-06-28,47.83591079711914,"{""type"":""MultiPoint"",""coordinates"":[]}"
20240629,2024-06-29,23.91795539855957,"{""type"":""MultiPoint"",""coordinates"":[]}"
20240630,2024-06-30,0.0,"{""type"":""MultiPoint"",""coordinates"":[]}"
20240701,2024-07-01,0.0,"{""type"":""MultiPoint"",""coordinates"":[]}"
20240702,2024-07-02,47.31374740600586,"{""type"":""MultiPoint"",""coordinates"":[]}"
20240703,2024-07-03,23.65687370300293,"{""type"":""MultiPoint"",""coordinates"":[]}"
20240704,2024-07-04,0.0,"{""type"":""MultiPoint"",""coordinates"":[]}"
20240705,2024-07-05,0.0,"{""type"":""MultiPoint"",""coordinates"":[]}"
20240706,2024-07-06,0.0,"{""type"":""MultiPoint"",""coordinates"":[]}"
20240707,2024-07-07,0.0,"{""type"":""MultiPoint"",""coordinates"":[]}"
20240708,2024-07-08,0.0,"{""type"":""MultiPoint"",""coordinates"":[]}"
20240709,2024-07-09,33.178199768066406,"{""type"":""MultiPoint"",""coordinates"":[]}"
20240710,2024-07-10,33.178199768066406,"{""type"":""MultiPoint"",""coordinates"":[]}"
20240711,2024-07-11,0.0,"{""type"":""MultiPoint"",""coordinates"":[]}"
20240712,2024-07-12,0.0,"{""type"":""MultiPoint"",""coordinates"":[]}"
20240713,2024-07-13,0.0,"{""type"":""MultiPoint"",""coordinates"":[]}"
20240714,2024-07-14,0.0,"{""type"":""MultiPoint"",""coordinates"":[]}"
20240715,2024-07-15,0.0,"{""type"":""MultiPoint"",""coordinates"":[]}"
20240716,2024-07-16,0.0,"{""type"":""MultiPoint"",""coordinates"":[]}"
20240717,2024-07-17,0.0,"{""type"":""MultiPoint"",""coordinates"":[]}"
20240718,2024-07-18,0.0,"{""type"":""MultiPoint"",""coordinates"":[]}"
20240719,2024-07-19,0.0,"{""type"":""MultiPoint"",""coordinates"":[]}"
20240720,2024-07-20,0.0,"{""type"":""MultiPoint"",""coordinates"":[]}"
20240721,2024-07-21,0.0,"{""type"":""MultiPoint"",""coordinates"":[]}"
20240722,2024-07-22,25.36231803894043,"{""type"":""MultiPoint"",""coordinates"":[]}"
20240723,2024-07-23,0.0,"{""type"":""MultiPoint"",""coordinates"":[]}"
20240724,2024-07-24,25.36231803894043,"{""type"":""MultiPoint"",""coordinates"":[]}"
20240725,2024-07-25,25.36231803894043,"{""type"":""MultiPoint"",""coordinates"":[]}"
20240726,2024-07-26,12.202479362487793,"{""type"":""MultiPoint"",""coordinates"":[]}"
20240727,2024-07-27,0.0,"{""type"":""MultiPoint"",""coordinates"":[]}"
20240728,2024-07-28,0.0,"{""type"":""MultiPoint"",""coordinates"":[]}"
20240729,2024-07-29,0.0,"{""type"":""MultiPoint"",""coordinates"":[]}"
20240730,2024-07-30,0.0,"{""type"":""MultiPoint"",""coordinates"":[]}"
20240731,2024-07-31,36.60743713378906,"{""type"":""MultiPoint"",""coordinates"":[]}"
20240801,2024-08-01,0.0,"{""type"":""MultiPoint"",""coordinates"":[]}"
20240802,2024-08-02,32.39910888671875,"{""type"":""MultiPoint"",""coordinates"":[]}"
20240803,2024-08-03,0.0,"{""type"":""MultiPoint"",""coordinates"":[]}"
20240804,2024-08-04,0.0,"{""type"":""MultiPoint"",""coordinates"":[]}"
20240805,2024-08-05,0.0,"{""type"":""MultiPoint"",""coordinates"":[]}"
20240806,2024-08-06,0.0,"{""type"":""MultiPoint"",""coordinates"":[]}"
20240807,2024-08-07,0.0,"{""type"":""MultiPoint"",""coordinates"":[]}"
20240808,2024-08-08,0.0,"{""type"":""MultiPoint"",""coordinates"":[]}"
20240809,2024-08-09,0.0,"{""type"":""MultiPoint"",""coordinates"":[]}"
20240810,2024-08-10,0.0,"{""type"":""MultiPoint"",""coordinates"":[]}"
20240811,2024-08-11,12.80367374420166,"{""type"":""MultiPoint"",""coordinates"":[]}"
20240812,2024-08-12,12.80367374420166,"{""type"":""MultiPoint"",""coordinates"":[]}"
20240813,2024-08-13,0.0,"{""type"":""MultiPoint"",""coordinates"":[]}"
20240814,2024-08-14,0.0,"{""type"":""MultiPoint"",""coordinates"":[]}"
20240815,2024-08-15,0.0,"{""type"":""MultiPoint"",""coordinates"":[]}"
20240816,2024-08-16,0.0,"{""type"":""MultiPoint"",""coordinates"":[]}"
20240817,2024-08-17,9.583284378051758,"{""type"":""MultiPoint"",""coordinates"":[]}"
20240818,2024-08-18,9.583284378051758,"{""type"":""MultiPoint"",""coordinates"":[]}"
20240819,2024-08-19,9.583284378051758,"{""type"":""MultiPoint"",""coordinates"":[]}"
20240820,2024-08-20,19.166568756103516,"{""type"":""MultiPoint"",""coordinates"":[]}"
20240821,2024-08-21,14.551252365112305,"{""type"":""MultiPoint"",""coordinates"":[]}"
20240822,2024-08-22,18.401966094970703,"{""type"":""MultiPoint"",""coordinates"":[]}"
20240823,2024-08-23,4.939045429229736,"{""type"":""MultiPoint"",""coordinates"":[]}"
20240824,2024-08-24,9.107880592346191,"{""type"":""MultiPoint"",""coordinates"":[]}"
20240825,2024-08-25,3.744425058364868,"{""type"":""MultiPoint"",""coordinates"":[]}"
20240826,2024-08-26,16.03125,"{""type"":""MultiPoint"",""coordinates"":[]}"
20240827,2024-08-27,17.197280883789062,"{""type"":""MultiPoint"",""coordinates"":[]}"
20240828,2024-08-28,20.474496841430664,"{""type"":""MultiPoint"",""coordinates"":[]}"
20240829,2024-08-29,8.301031112670898,"{""type"":""MultiPoint"",""coordinates"":[]}"
20240830,2024-08-30,1.0126339197158813,"{""type"":""MultiPoint"",""coordinates"":[]}"
20240831,2024-08-31,1.020326018333435,"{""type"":""MultiPoint"",""coordinates"":[]}"
20240901,2024-09-01,21.613231658935547,"{""type"":""MultiPoint"",""coordinates"":[]}"
20240902,2024-09-02,0.0,"{""type"":""MultiPoint"",""coordinates"":[]}"
20240903,2024-09-03,43.226463317871094,"{""type"":""MultiPoint"",""coordinates"":[]}"
20240904,2024-09-04,43.226463317871094,"{""type"":""MultiPoint"",""coordinates"":[]}"
20240905,2024-09-05,0.0,"{""type"":""MultiPoint"",""coordinates"":[]}"
20240906,2024-09-06,0.0,"{""type"":""MultiPoint"",""coordinates"":[]}"
20240907,2024-09-07,38.94462966918945,"{""type"":""MultiPoint"",""coordinates"":[]}"
20240908,2024-09-08,38.94462966918945,"{""type"":""MultiPoint"",""coordinates"":[]}"
20240909,2024-09-09,0.0,"{""type"":""MultiPoint"",""coordinates"":[]}"
20240910,2024-09-10,19.472314834594727,"{""type"":""MultiPoint"",""coordinates"":[]}"
20240911,2024-09-11,28.927804946899414,"{""type"":""MultiPoint"",""coordinates"":[]}"
20240912,2024-09-12,48.30995178222656,"{""type"":""MultiPoint"",""coordinates"":[]}"
20240913,2024-09-13,12.581450462341309,"{""type"":""MultiPoint"",""coordinates"":[]}"
20240914,2024-09-14,7.169476509094238,"{""type"":""MultiPoint"",""coordinates"":[]}"
20240915,2024-09-15,8.278351783752441,"{""type"":""MultiPoint"",""coordinates"":[]}"
20240916,2024-09-16,0.0,"{""type"":""MultiPoint"",""coordinates"":[]}"
20240917,2024-09-17,0.0,"{""type"":""MultiPoint"",""coordinates"":[]}"
20240918,2024-09-18,24.651222229003906,"{""type"":""MultiPoint"",""coordinates"":[]}"
20240919,2024-09-19,0.0,"{""type"":""MultiPoint"",""coordinates"":[]}"
20240920,2024-09-20,0.0,"{""type"":""MultiPoint"",""coordinates"":[]}"
20240921,2024-09-21,0.0,"{""type"":""MultiPoint"",""coordinates"":[]}"
20240922,2024-09-22,0.0,"{""type"":""MultiPoint"",""coordinates"":[]}"
20240923,2024-09-23,0.0,"{""type"":""MultiPoint"",""coordinates"":[]}"
20240924,2024-09-24,0.0,"{""type"":""MultiPoint"",""coordinates"":[]}"
20240925,2024-09-25,0.0,"{""type"":""MultiPoint"",""coordinates"":[]}"
20240926,2024-09-26,0.0,"{""type"":""MultiPoint"",""coordinates"":[]}"
20240927,2024-09-27,0.0,"{""type"":""MultiPoint"",""coordinates"":[]}"
20240928,2024-09-28,0.0,"{""type"":""MultiPoint"",""coordinates"":[]}"
20240929,2024-09-29,0.0,"{""type"":""MultiPoint"",""coordinates"":[]}"
20240930,2024-09-30,0.0,"{""type"":""MultiPoint"",""coordinates"":[]}"
20241001,2024-10-01,0.0,"{""type"":""MultiPoint"",""coordinates"":[]}"
20241002,2024-10-02,2.2996629923E-5,"{""type"":""MultiPoint"",""coordinates"":[]}"
20241003,2024-10-03,2.0330282859504223E-4,"{""type"":""MultiPoint"",""coordinates"":[]}"
20241004,2024-10-04,3.0593249797821045,"{""type"":""MultiPoint"",""coordinates"":[]}"
20241005,2024-10-05,8.741466522216797,"{""type"":""MultiPoint"",""coordinates"":[]}"
20241006,2024-10-06,0.0,"{""type"":""MultiPoint"",""coordinates"":[]}"
20241007,2024-10-07,0.0,"{""type"":""MultiPoint"",""coordinates"":[]}"
20241008,2024-10-08,0.0,"{""type"":""MultiPoint"",""coordinates"":[]}"
20241009,2024-10-09,0.0,"{""type"":""MultiPoint"",""coordinates"":[]}"
20241010,2024-10-10,0.0,"{""type"":""MultiPoint"",""coordinates"":[]}"
20241011,2024-10-11,0.0,"{""type"":""MultiPoint"",""coordinates"":[]}"
20241012,2024-10-12,0.0,"{""type"":""MultiPoint"",""coordinates"":[]}"
20241013,2024-10-13,0.0,"{""type"":""MultiPoint"",""coordinates"":[]}"
20241014,2024-10-14,0.0,"{""type"":""MultiPoint"",""coordinates"":[]}"
20241015,2024-10-15,0.0,"{""type"":""MultiPoint"",""coordinates"":[]}"
20241016,2024-10-16,0.0,"{""type"":""MultiPoint"",""coordinates"":[]}"
20241017,2024-10-17,0.0,"{""type"":""MultiPoint"",""coordinates"":[]}"
20241018,2024-10-18,0.0,"{""type"":""MultiPoint"",""coordinates"":[]}"
20241019,2024-10-19,0.0,"{""type"":""MultiPoint"",""coordinates"":[]}"
20241020,2024-10-20,0.0,"{""type"":""MultiPoint"",""coordinates"":[]}"
20241021,2024-10-21,0.0,"{""type"":""MultiPoint"",""coordinates"":[]}"
20241022,2024-10-22,0.0,"{""type"":""MultiPoint"",""coordinates"":[]}"
20241023,2024-10-23,0.0,"{""type"":""MultiPoint"",""coordinates"":[]}"
20241024,2024-10-24,0.0,"{""type"":""MultiPoint"",""coordinates"":[]}"
20241025,2024-10-25,0.0,"{""type"":""MultiPoint"",""coordinates"":[]}"
20241026,2024-10-26,0.0,"{""type"":""MultiPoint"",""coordinates"":[]}"
20241027,2024-10-27,0.0,"{""type"":""MultiPoint"",""coordinates"":[]}"
20241028,2024-10-28,0.0,"{""type"":""MultiPoint"",""coordinates"":[]}"
20241029,2024-10-29,0.0,"{""type"":""MultiPoint"",""coordinates"":[]}"
20241030,2024-10-30,0.0,"{""type"":""MultiPoint"",""coordinates"":[]}"
20241031,2024-10-31,0.0,"{""type"":""MultiPoint"",""coordinates"":[]}"
20241101,2024-11-01,0.0,"{""type"":""MultiPoint"",""coordinates"":[]}"
20241102,2024-11-02,0.0,"{""type"":""MultiPoint"",""coordinates"":[]}"
20241103,2024-11-03,0.0,"{""type"":""MultiPoint"",""coordinates"":[]}"
20241104,2024-11-04,0.0,"{""type"":""MultiPoint"",""coordinates"":[]}"
20241105,2024-11-05,0.0,"{""type"":""MultiPoint"",""coordinates"":[]}"
20241106,2024-11-06,0.0,"{""type"":""MultiPoint"",""coordinates"":[]}"
20241107,2024-11-07,0.0,"{""type"":""MultiPoint"",""coordinates"":[]}"
20241108,2024-11-08,0.0,"{""type"":""MultiPoint"",""coordinates"":[]}"
20241109,2024-11-09,0.0,"{""type"":""MultiPoint"",""coordinates"":[]}"
20241110,2024-11-10,0.0,"{""type"":""MultiPoint"",""coordinates"":[]}"
20241111,2024-11-11,0.0,"{""type"":""MultiPoint"",""coordinates"":[]}"
20241112,2024-11-12,0.0,"{""type"":""MultiPoint"",""coordinates"":[]}"
20241113,2024-11-13,0.0,"{""type"":""MultiPoint"",""coordinates"":[]}"
20241114,2024-11-14,0.0,"{""type"":""MultiPoint"",""coordinates"":[]}"
20241115,2024-11-15,0.0,"{""type"":""MultiPoint"",""coordinates"":[]}"
20241116,2024-11-16,0.0,"{""type"":""MultiPoint"",""coordinates"":[]}"
20241117,2024-11-17,0.0,"{""type"":""MultiPoint"",""coordinates"":[]}"
20241118,2024-11-18,0.0,"{""type"":""MultiPoint"",""coordinates"":[]}"
20241119,2024-11-19,0.0,"{""type"":""MultiPoint"",""coordinates"":[]}"
20241120,2024-11-20,0.0,"{""type"":""MultiPoint"",""coordinates"":[]}"
20241121,2024-11-21,0.0,"{""type"":""MultiPoint"",""coordinates"":[]}"
20241122,2024-11-22,0.0,"{""type"":""MultiPoint"",""coordinates"":[]}"
20241123,2024-11-23,0.0,"{""type"":""MultiPoint"",""coordinates"":[]}"
20241124,2024-11-24,0.0,"{""type"":""MultiPoint"",""coordinates"":[]}"
20241125,2024-11-25,0.0,"{""type"":""MultiPoint"",""coordinates"":[]}"
20241126,2024-11-26,0.0,"{""type"":""MultiPoint"",""coordinates"":[]}"
20241127,2024-11-27,0.0,"{""type"":""MultiPoint"",""coordinates"":[]}"
20241128,2024-11-28,0.0,"{""type"":""MultiPoint"",""coordinates"":[]}"
20241129,2024-11-29,0.0,"{""type"":""MultiPoint"",""coordinates"":[]}"
20241130,2024-11-30,0.0,"{""type"":""MultiPoint"",""coordinates"":[]}"
20241201,2024-12-01,0.0,"{""type"":""MultiPoint"",""coordinates"":[]}"
20241202,2024-12-02,0.0,"{""type"":""MultiPoint"",""coordinates"":[]}"
20241203,2024-12-03,0.0,"{""type"":""MultiPoint"",""coordinates"":[]}"
20241204,2024-12-04,0.0,"{""type"":""MultiPoint"",""coordinates"":[]}"
20241205,2024-12-05,0.0,"{""type"":""MultiPoint"",""coordinates"":[]}"
20241206,2024-12-06,0.0,"{""type"":""MultiPoint"",""coordinates"":[]}"
20241207,2024-12-07,0.0,"{""type"":""MultiPoint"",""coordinates"":[]}"
20241208,2024-12-08,7.061039924621582,"{""type"":""MultiPoint"",""coordinates"":[]}"
20241209,2024-12-09,0.0,"{""type"":""MultiPoint"",""coordinates"":[]}"
20241210,2024-12-10,0.0,"{""type"":""MultiPoint"",""coordinates"":[]}"
20241211,2024-12-11,0.0,"{""type"":""MultiPoint"",""coordinates"":[]}"
20241212,2024-12-12,0.0,"{""type"":""MultiPoint"",""coordinates"":[]}"
20241213,2024-12-13,0.0,"{""type"":""MultiPoint"",""coordinates"":[]}"
20241214,2024-12-14,0.0,"{""type"":""MultiPoint"",""coordinates"":[]}"
20241215,2024-12-15,0.0,"{""type"":""MultiPoint"",""coordinates"":[]}"
20241216,2024-12-16,0.0,"{""type"":""MultiPoint"",""coordinates"":[]}"
20241217,2024-12-17,0.0,"{""type"":""MultiPoint"",""coordinates"":[]}"
20241218,2024-12-18,0.0,"{""type"":""MultiPoint"",""coordinates"":[]}"
20241219,2024-12-19,0.0,"{""type"":""MultiPoint"",""coordinates"":[]}"
20241220,2024-12-20,7.2759480476379395,"{""type"":""MultiPoint"",""coordinates"":[]}"
20241221,2024-12-21,0.0,"{""type"":""MultiPoint"",""coordinates"":[]}"
20241222,2024-12-22,0.0,"{""type"":""MultiPoint"",""coordinates"":[]}"
20241223,2024-12-23,5.514762878417969,"{""type"":""MultiPoint"",""coordinates"":[]}"
20241224,2024-12-24,0.0,"{""type"":""MultiPoint"",""coordinates"":[]}"
20241225,2024-12-25,0.0,"{""type"":""MultiPoint"",""coordinates"":[]}"
20241226,2024-12-26,0.0,"{""type"":""MultiPoint"",""coordinates"":[]}"
20241227,2024-12-27,11.811661720275879,"{""type"":""MultiPoint"",""coordinates"":[]}"
20241228,2024-12-28,0.0,"{""type"":""MultiPoint"",""coordinates"":[]}"
20241229,2024-12-29,0.0,"{""type"":""MultiPoint"",""coordinates"":[]}"
20241230,2024-12-30,0.0,"{""type"":""MultiPoint"",""coordinates"":[]}"
20241231,2024-12-31,0.0,"{""type"":""MultiPoint"",""coordinates"":[]}"
20250101,2025-01-01,0.0,"{""type"":""MultiPoint"",""coordinates"":[]}"
20250102,2025-01-02,0.0,"{""type"":""MultiPoint"",""coordinates"":[]}"
20250103,2025-01-03,6.868546485900879,"{""type"":""MultiPoint"",""coordinates"":[]}"
20250104,2025-01-04,0.0,"{""type"":""MultiPoint"",""coordinates"":[]}"
20250105,2025-01-05,0.0,"{""type"":""MultiPoint"",""coordinates"":[]}"
20250106,2025-01-06,6.853928089141846,"{""type"":""MultiPoint"",""coordinates"":[]}"
20250107,2025-01-07,0.0,"{""type"":""MultiPoint"",""coordinates"":[]}"
20250108,2025-01-08,0.0,"{""type"":""MultiPoint"",""coordinates"":[]}"
20250109,2025-01-09,0.0,"{""type"":""MultiPoint"",""coordinates"":[]}"
20250110,2025-01-10,0.0,"{""type"":""MultiPoint"",""coordinates"":[]}"
20250111,2025-01-11,0.0,"{""type"":""MultiPoint"",""coordinates"":[]}"
20250112,2025-01-12,0.0,"{""type"":""MultiPoint"",""coordinates"":[]}"
20250113,2025-01-13,0.0,"{""type"":""MultiPoint"",""coordinates"":[]}"
20250114,2025-01-14,0.0,"{""type"":""MultiPoint"",""coordinates"":[]}"
20250115,2025-01-15,0.0,"{""type"":""MultiPoint"",""coordinates"":[]}"
20250116,2025-01-16,6.057862758636475,"{""type"":""MultiPoint"",""coordinates"":[]}"
20250117,2025-01-17,0.0,"{""type"":""MultiPoint"",""coordinates"":[]}"
20250118,2025-01-18,0.0,"{""type"":""MultiPoint"",""coordinates"":[]}"
20250119,2025-01-19,0.0,"{""type"":""MultiPoint"",""coordinates"":[]}"
20250120,2025-01-20,0.0,"{""type"":""MultiPoint"",""coordinates"":[]}"
20250121,2025-01-21,0.0,"{""type"":""MultiPoint"",""coordinates"":[]}"
20250122,2025-01-22,0.0,"{""type"":""MultiPoint"",""coordinates"":[]}"
20250123,2025-01-23,0.0,"{""type"":""MultiPoint"",""coordinates"":[]}"
20250124,2025-01-24,0.0,"{""type"":""MultiPoint"",""coordinates"":[]}"
20250125,2025-01-25,0.0,"{""type"":""MultiPoint"",""coordinates"":[]}"
20250126,2025-01-26,0.0,"{""type"":""MultiPoint"",""coordinates"":[]}"
20250127,2025-01-27,0.0,"{""type"":""MultiPoint"",""coordinates"":[]}"
20250128,2025-01-28,0.0,"{""type"":""MultiPoint"",""coordinates"":[]}"
20250129,2025-01-29,0.0,"{""type"":""MultiPoint"",""coordinates"":[]}"
20250130,2025-01-30,0.0,"{""type"":""MultiPoint"",""coordinates"":[]}"
20250131,2025-01-31,0.0,"{""type"":""MultiPoint"",""coordinates"":[]}"
20250201,2025-02-01,0.0,"{""type"":""MultiPoint"",""coordinates"":[]}"
20250202,2025-02-02,0.0,"{""type"":""MultiPoint"",""coordinates"":[]}"
20250203,2025-02-03,0.0,"{""type"":""MultiPoint"",""coordinates"":[]}"
20250204,2025-02-04,0.0,"{""type"":""MultiPoint"",""coordinates"":[]}"
20250205,2025-02-05,0.0,"{""type"":""MultiPoint"",""coordinates"":[]}"
20250206,2025-02-06,0.05488130450248718,"{""type"":""MultiPoint"",""coordinates"":[]}"
20250207,2025-02-07,1.2147504091262817,"{""type"":""MultiPoint"",""coordinates"":[]}"
20250208,2025-02-08,0.0,"{""type"":""MultiPoint"",""coordinates"":[]}"
20250209,2025-02-09,0.5085001587867737,"{""type"":""MultiPoint"",""coordinates"":[]}"
20250210,2025-02-10,0.18053103983402252,"{""type"":""MultiPoint"",""coordinates"":[]}"
20250211,2025-02-11,0.0,"{""type"":""MultiPoint"",""coordinates"":[]}"
20250212,2025-02-12,0.0,"{""type"":""MultiPoint"",""coordinates"":[]}"
20250213,2025-02-13,0.0,"{""type"":""MultiPoint"",""coordinates"":[]}"
20250214,2025-02-14,0.0,"{""type"":""MultiPoint"",""coordinates"":[]}"
20250215,2025-02-15,0.0,"{""type"":""MultiPoint"",""coordinates"":[]}"
20250216,2025-02-16,0.0,"{""type"":""MultiPoint"",""coordinates"":[]}"
20250217,2025-02-17,0.0,"{""type"":""MultiPoint"",""coordinates"":[]}"
20250218,2025-02-18,0.0,"{""type"":""MultiPoint"",""coordinates"":[]}"
20250219,2025-02-19,0.0,"{""type"":""MultiPoint"",""coordinates"":[]}"
20250220,2025-02-20,0.0,"{""type"":""MultiPoint"",""coordinates"":[]}"
20250221,2025-02-21,0.0,"{""type"":""MultiPoint"",""coordinates"":[]}"
20250222,2025-02-22,0.0,"{""type"":""MultiPoint"",""coordinates"":[]}"
20250223,2025-02-23,0.0,"{""type"":""MultiPoint"",""coordinates"":[]}"
20250224,2025-02-24,0.0,"{""type"":""MultiPoint"",""coordinates"":[]}"
20250225,2025-02-25,0.0,"{""type"":""MultiPoint"",""coordinates"":[]}"
20250226,2025-02-26,0.1874827742576599,"{""type"":""MultiPoint"",""coordinates"":[]}"
20250227,2025-02-27,1.5508344173431396,"{""type"":""MultiPoint"",""coordinates"":[]}"
20250228,2025-02-28,9.292989730834961,"{""type"":""MultiPoint"",""coordinates"":[]}"
20250301,2025-03-01,4.466458797454834,"{""type"":""MultiPoint"",""coordinates"":[]}"
20250302,2025-03-02,0.0,"{""type"":""MultiPoint"",""coordinates"":[]}"
20250303,2025-03-03,0.0,"{""type"":""MultiPoint"",""coordinates"":[]}"
20250304,2025-03-04,0.0,"{""type"":""MultiPoint"",""coordinates"":[]}"
20250305,2025-03-05,0.0,"{""type"":""MultiPoint"",""coordinates"":[]}"
20250306,2025-03-06,0.0,"{""type"":""MultiPoint"",""coordinates"":[]}"
20250307,2025-03-07,0.0,"{""type"":""MultiPoint"",""coordinates"":[]}"
20250308,2025-03-08,4.633337020874023,"{""type"":""MultiPoint"",""coordinates"":[]}"
20250309,2025-03-09,0.0,"{""type"":""MultiPoint"",""coordinates"":[]}"
20250310,2025-03-10,0.0,"{""type"":""MultiPoint"",""coordinates"":[]}"
20250311,2025-03-11,0.0,"{""type"":""MultiPoint"",""coordinates"":[]}"
20250312,2025-03-12,0.0,"{""type"":""MultiPoint"",""coordinates"":[]}"
20250313,2025-03-13,4.890583038330078,"{""type"":""MultiPoint"",""coordinates"":[]}"
20250314,2025-03-14,0.0,"{""type"":""MultiPoint"",""coordinates"":[]}"
20250315,2025-03-15,0.0,"{""type"":""MultiPoint"",""coordinates"":[]}"
20250316,2025-03-16,0.0,"{""type"":""MultiPoint"",""coordinates"":[]}"
20250317,2025-03-17,0.0,"{""type"":""MultiPoint"",""coordinates"":[]}"
20250318,2025-03-18,0.0,"{""type"":""MultiPoint"",""coordinates"":[]}"
20250319,2025-03-19,0.0,"{""type"":""MultiPoint"",""coordinates"":[]}"
20250320,2025-03-20,0.0,"{""type"":""MultiPoint"",""coordinates"":[]}"
20250321,2025-03-21,0.0,"{""type"":""MultiPoint"",""coordinates"":[]}"
20250322,2025-03-22,0.0,"{""type"":""MultiPoint"",""coordinates"":[]}"
20250323,2025-03-23,0.0,"{""type"":""MultiPoint"",""coordinates"":[]}"
20250324,2025-03-24,0.0,"{""type"":""MultiPoint"",""coordinates"":[]}"
20250325,2025-03-25,0.0,"{""type"":""MultiPoint"",""coordinates"":[]}"
20250326,2025-03-26,0.0,"{""type"":""MultiPoint"",""coordinates"":[]}"
20250327,2025-03-27,0.0,"{""type"":""MultiPoint"",""coordinates"":[]}"
20250328,2025-03-28,0.0,"{""type"":""MultiPoint"",""coordinates"":[]}"
20250329,2025-03-29,0.0,"{""type"":""MultiPoint"",""coordinates"":[]}"
20250330,2025-03-30,0.0,"{""type"":""MultiPoint"",""coordinates"":[]}"
20250331,2025-03-31,0.0,"{""type"":""MultiPoint"",""coordinates"":[]}"
20250401,2025-04-01,0.0,"{""type"":""MultiPoint"",""coordinates"":[]}"
20250402,2025-04-02,0.0,"{""type"":""MultiPoint"",""coordinates"":[]}"
20250403,2025-04-03,0.0,"{""type"":""MultiPoint"",""coordinates"":[]}"
20250404,2025-04-04,0.0,"{""type"":""MultiPoint"",""coordinates"":[]}"
20250405,2025-04-05,0.0,"{""type"":""MultiPoint"",""coordinates"":[]}"
20250406,2025-04-06,0.0,"{""type"":""MultiPoint"",""coordinates"":[]}"
20250407,2025-04-07,0.0,"{""type"":""MultiPoint"",""coordinates"":[]}"
20250408,2025-04-08,0.0,"{""type"":""MultiPoint"",""coordinates"":[]}"
20250409,2025-04-09,0.0,"{""type"":""MultiPoint"",""coordinates"":[]}"
20250410,2025-04-10,2.8076469898223877,"{""type"":""MultiPoint"",""coordinates"":[]}"
20250411,2025-04-11,3.200881242752075,"{""type"":""MultiPoint"",""coordinates"":[]}"
20250412,2025-04-12,0.0,"{""type"":""MultiPoint"",""coordinates"":[]}"
20250413,2025-04-13,0.0,"{""type"":""MultiPoint"",""coordinates"":[]}"
20250414,2025-04-14,0.0,"{""type"":""MultiPoint"",""coordinates"":[]}"
20250415,2025-04-15,0.0,"{""type"":""MultiPoint"",""coordinates"":[]}"
20250416,2025-04-16,0.0,"{""type"":""MultiPoint"",""coordinates"":[]}"
20250417,2025-04-17,0.0,"{""type"":""MultiPoint"",""coordinates"":[]}"
20250418,2025-04-18,0.0,"{""type"":""MultiPoint"",""coordinates"":[]}"
20250419,2025-04-19,0.0,"{""type"":""MultiPoint"",""coordinates"":[]}"
20250420,2025-04-20,0.0,"{""type"":""MultiPoint"",""coordinates"":[]}"
20250421,2025-04-21,0.0,"{""type"":""MultiPoint"",""coordinates"":[]}"
20250422,2025-04-22,0.0,"{""type"":""MultiPoint"",""coordinates"":[]}"
20250423,2025-04-23,0.0,"{""type"":""MultiPoint"",""coordinates"":[]}"
20250424,2025-04-24,0.0,"{""type"":""MultiPoint"",""coordinates"":[]}"
20250425,2025-04-25,0.0,"{""type"":""MultiPoint"",""coordinates"":[]}"
20250426,2025-04-26,0.0,"{""type"":""MultiPoint"",""coordinates"":[]}"
20250427,2025-04-27,0.0,"{""type"":""MultiPoint"",""coordinates"":[]}"
20250428,2025-04-28,0.0,"{""type"":""MultiPoint"",""coordinates"":[]}"
20250429,2025-04-29,0.0,"{""type"":""MultiPoint"",""coordinates"":[]}"
20250430,2025-04-30,0.0,"{""type"":""MultiPoint"",""coordinates"":[]}"
20250501,2025-05-01,2.294278860092163,"{""type"":""MultiPoint"",""coordinates"":[]}"
20250502,2025-05-02,4.588557720184326,"{""type"":""MultiPoint"",""coordinates"":[]}"
20250503,2025-05-03,0.0,"{""type"":""MultiPoint"",""coordinates"":[]}"
20250504,2025-05-04,0.0,"{""type"":""MultiPoint"",""coordinates"":[]}"
20250505,2025-05-05,0.0,"{""type"":""MultiPoint"",""coordinates"":[]}"
20250506,2025-05-06,0.053425826132297516,"{""type"":""MultiPoint"",""coordinates"":[]}"
20250507,2025-05-07,1.4968455070629716E-4,"{""type"":""MultiPoint"",""coordinates"":[]}"
20250508,2025-05-08,0.12638208270072937,"{""type"":""MultiPoint"",""coordinates"":[]}"
20250509,2025-05-09,0.0971045196056366,"{""type"":""MultiPoint"",""coordinates"":[]}"
20250510,2025-05-10,0.08208917826414108,"{""type"":""MultiPoint"",""coordinates"":[]}"
20250511,2025-05-11,0.0,"{""type"":""MultiPoint"",""coordinates"":[]}"
20250512,2025-05-12,0.0,"{""type"":""MultiPoint"",""coordinates"":[]}"
20250513,2025-05-13,0.0,"{""type"":""MultiPoint"",""coordinates"":[]}"
20250514,2025-05-14,0.0,"{""type"":""MultiPoint"",""coordinates"":[]}"
20250515,2025-05-15,0.0,"{""type"":""MultiPoint"",""coordinates"":[]}"
20250516,2025-05-16,9.503120963927358E-5,"{""type"":""MultiPoint"",""coordinates"":[]}"
20250517,2025-05-17,0.0,"{""type"":""MultiPoint"",""coordinates"":[]}"
20250518,2025-05-18,0.0,"{""type"":""MultiPoint"",""coordinates"":[]}"
20250519,2025-05-19,0.02102888934314251,"{""type"":""MultiPoint"",""coordinates"":[]}"
20250520,2025-05-20,0.2655508518218994,"{""type"":""MultiPoint"",""coordinates"":[]}"
20250521,2025-05-21,7.837100982666016,"{""type"":""MultiPoint"",""coordinates"":[]}"
20250522,2025-05-22,0.0,"{""type"":""MultiPoint"",""coordinates"":[]}"
20250523,2025-05-23,0.0,"{""type"":""MultiPoint"",""coordinates"":[]}"
20250524,2025-05-24,7.837100982666016,"{""type"":""MultiPoint"",""coordinates"":[]}"
20250525,2025-05-25,0.0,"{""type"":""MultiPoint"",""coordinates"":[]}"
20250526,2025-05-26,0.0,"{""type"":""MultiPoint"",""coordinates"":[]}"
20250527,2025-05-27,0.0,"{""type"":""MultiPoint"",""coordinates"":[]}"
20250528,2025-05-28,0.0,"{""type"":""MultiPoint"",""coordinates"":[]}"
20250529,2025-05-29,0.0,"{""type"":""MultiPoint"",""coordinates"":[]}"
20250530,2025-05-30,0.0,"{""type"":""MultiPoint"",""coordinates"":[]}"
20250531,2025-05-31,0.0,"{""type"":""MultiPoint"",""coordinates"":[]}"
20250601,2025-06-01,0.0,"{""type"":""MultiPoint"",""coordinates"":[]}"
20250602,2025-06-02,0.0,"{""type"":""MultiPoint"",""coordinates"":[]}"
20250603,2025-06-03,0.0,"{""type"":""MultiPoint"",""coordinates"":[]}"
20250604,2025-06-04,0.0,"{""type"":""MultiPoint"",""coordinates"":[]}"
20250605,2025-06-05,0.0,"{""type"":""MultiPoint"",""coordinates"":[]}"
20250606,2025-06-06,0.0,"{""type"":""MultiPoint"",""coordinates"":[]}"
20250607,2025-06-07,0.0,"{""type"":""MultiPoint"",""coordinates"":[]}"
20250608,2025-06-08,0.0,"{""type"":""MultiPoint"",""coordinates"":[]}"
20250609,2025-06-09,0.0,"{""type"":""MultiPoint"",""coordinates"":[]}"
20250610,2025-06-10,0.0,"{""type"":""MultiPoint"",""coordinates"":[]}"
20250611,2025-06-11,0.0,"{""type"":""MultiPoint"",""coordinates"":[]}"
20250612,2025-06-12,2.096977949142456,"{""type"":""MultiPoint"",""coordinates"":[]}"
20250613,2025-06-13,0.3743980824947357,"{""type"":""MultiPoint"",""coordinates"":[]}"
20250614,2025-06-14,0.424732506275177,"{""type"":""MultiPoint"",""coordinates"":[]}"
20250615,2025-06-15,12.385174751281738,"{""type"":""MultiPoint"",""coordinates"":[]}"
20250616,2025-06-16,0.0,"{""type"":""MultiPoint"",""coordinates"":[]}"
20250617,2025-06-17,47.3182487487793,"{""type"":""MultiPoint"",""coordinates"":[]}"
20250618,2025-06-18,0.0,"{""type"":""MultiPoint"",""coordinates"":[]}"
20250619,2025-06-19,0.0,"{""type"":""MultiPoint"",""coordinates"":[]}"
20250620,2025-06-20,0.0,"{""type"":""MultiPoint"",""coordinates"":[]}"
20250621,2025-06-21,0.0,"{""type"":""MultiPoint"",""coordinates"":[]}"
20250622,2025-06-22,19.439512252807617,"{""type"":""MultiPoint"",""coordinates"":[]}"
20250623,2025-06-23,0.0,"{""type"":""MultiPoint"",""coordinates"":[]}"
20250624,2025-06-24,9.719756126403809,"{""type"":""MultiPoint"",""coordinates"":[]}"
20250625,2025-06-25,19.439512252807617,"{""type"":""MultiPoint"",""coordinates"":[]}"
20250626,2025-06-26,0.0,"{""type"":""MultiPoint"",""coordinates"":[]}"
20250627,2025-06-27,0.0,"{""type"":""MultiPoint"",""coordinates"":[]}"
20250628,2025-06-28,28.574655532836914,"{""type"":""MultiPoint"",""coordinates"":[]}"
20250629,2025-06-29,57.14931106567383,"{""type"":""MultiPoint"",""coordinates"":[]}"
20250630,2025-06-30,28.574655532836914,"{""type"":""MultiPoint"",""coordinates"":[]}"
20250701,2025-07-01,7.6453399658203125,"{""type"":""MultiPoint"",""coordinates"":[]}"
20250702,2025-07-02,1.0706439018249512,"{""type"":""MultiPoint"",""coordinates"":[]}"
20250703,2025-07-03,0.04520821571350098,"{""type"":""MultiPoint"",""coordinates"":[]}"
20250704,2025-07-04,1.8907852172851562,"{""type"":""MultiPoint"",""coordinates"":[]}"
20250705,2025-07-05,15.911114692687988,"{""type"":""MultiPoint"",""coordinates"":[]}"
20250706,2025-07-06,18.915889739990234,"{""type"":""MultiPoint"",""coordinates"":[]}"
20250707,2025-07-07,9.457944869995117,"{""type"":""MultiPoint"",""coordinates"":[]}"
20250708,2025-07-08,9.457944869995117,"{""type"":""MultiPoint"",""coordinates"":[]}"
20250709,2025-07-09,37.83177947998047,"{""type"":""MultiPoint"",""coordinates"":[]}"
20250710,2025-07-10,0.0,"{""type"":""MultiPoint"",""coordinates"":[]}"
20250711,2025-07-11,0.0,"{""type"":""MultiPoint"",""coordinates"":[]}"
20250712,2025-07-12,23.714670181274414,"{""type"":""MultiPoint"",""coordinates"":[]}"
20250713,2025-07-13,23.714670181274414,"{""type"":""MultiPoint"",""coordinates"":[]}"
20250714,2025-07-14,0.0,"{""type"":""MultiPoint"",""coordinates"":[]}"
20250715,2025-07-15,11.857335090637207,"{""type"":""MultiPoint"",""coordinates"":[]}"
20250716,2025-07-16,7.312979698181152,"{""type"":""MultiPoint"",""coordinates"":[]}"
20250717,2025-07-17,7.312979698181152,"{""type"":""MultiPoint"",""coordinates"":[]}"
20250718,2025-07-18,7.312979698181152,"{""type"":""MultiPoint"",""coordinates"":[]}"
20250719,2025-07-19,0.0,"{""type"":""MultiPoint"",""coordinates"":[]}"
20250720,2025-07-20,7.312979698181152,"{""type"":""MultiPoint"",""coordinates"":[]}"
20250721,2025-07-21,12.279200553894043,"{""type"":""MultiPoint"",""coordinates"":[]}"
20250722,2025-07-22,0.0,"{""type"":""MultiPoint"",""coordinates"":[]}"
20250723,2025-07-23,6.1396002769470215,"{""type"":""MultiPoint"",""coordinates"":[]}"
20250724,2025-07-24,0.0,"{""type"":""MultiPoint"",""coordinates"":[]}"
20250725,2025-07-25,12.279200553894043,"{""type"":""MultiPoint"",""coordinates"":[]}"
20250726,2025-07-26,0.0,"{""type"":""MultiPoint"",""coordinates"":[]}"
20250727,2025-07-27,0.0,"{""type"":""MultiPoint"",""coordinates"":[]}"
20250728,2025-07-28,0.0,"{""type"":""MultiPoint"",""coordinates"":[]}"
20250729,2025-07-29,12.75368595123291,"{""type"":""MultiPoint"",""coordinates"":[]}"
20250730,2025-07-30,12.75368595123291,"{""type"":""MultiPoint"",""coordinates"":[]}"
20250731,2025-07-31,25.50737190246582,"{""type"":""MultiPoint"",""coordinates"":[]}"
20250801,2025-08-01,0.0,"{""type"":""MultiPoint"",""coordinates"":[]}"
20250802,2025-08-02,0.0,"{""type"":""MultiPoint"",""coordinates"":[]}"
20250803,2025-08-03,50.41236114501953,"{""type"":""MultiPoint"",""coordinates"":[]}"
20250804,2025-08-04,30.24741554260254,"{""type"":""MultiPoint"",""coordinates"":[]}"
20250805,2025-08-05,10.082470893859863,"{""type"":""MultiPoint"",""coordinates"":[]}"
20250806,2025-08-06,10.851470947265625,"{""type"":""MultiPoint"",""coordinates"":[]}"
20250807,2025-08-07,0.0,"{""type"":""MultiPoint"",""coordinates"":[]}"
20250808,2025-08-08,10.851470947265625,"{""type"":""MultiPoint"",""coordinates"":[]}"
20250809,2025-08-09,21.70294189453125,"{""type"":""MultiPoint"",""coordinates"":[]}"
20250810,2025-08-10,10.851470947265625,"{""type"":""MultiPoint"",""coordinates"":[]}"
20250811,2025-08-11,42.08928298950195,"{""type"":""MultiPoint"",""coordinates"":[]}"
20250812,2025-08-12,0.0,"{""type"":""MultiPoint"",""coordinates"":[]}"
20250813,2025-08-13,28.05952262878418,"{""type"":""MultiPoint"",""coordinates"":[]}"
20250814,2025-08-14,14.02976131439209,"{""type"":""MultiPoint"",""coordinates"":[]}"
20250815,2025-08-15,0.0,"{""type"":""MultiPoint"",""coordinates"":[]}"
20250816,2025-08-16,0.0,"{""type"":""MultiPoint"",""coordinates"":[]}"
20250817,2025-08-17,24.789390563964844,"{""type"":""MultiPoint"",""coordinates"":[]}"
20250818,2025-08-18,0.0,"{""type"":""MultiPoint"",""coordinates"":[]}"
20250819,2025-08-19,8.263130187988281,"{""type"":""MultiPoint"",""coordinates"":[]}"
20250820,2025-08-20,0.0,"{""type"":""MultiPoint"",""coordinates"":[]}"
20250821,2025-08-21,0.0,"{""type"":""MultiPoint"",""coordinates"":[]}"
20250822,2025-08-22,7.725076198577881,"{""type"":""MultiPoint"",""coordinates"":[]}"
20250823,2025-08-23,7.725076198577881,"{""type"":""MultiPoint"",""coordinates"":[]}"
20250824,2025-08-24,15.450152397155762,"{""type"":""MultiPoint"",""coordinates"":[]}"
20250825,2025-08-25,0.0,"{""type"":""MultiPoint"",""coordinates"":[]}"
20250826,2025-08-26,0.0,"{""type"":""MultiPoint"",""coordinates"":[]}"
20250827,2025-08-27,0.0,"{""type"":""MultiPoint"",""coordinates"":[]}"
20250828,2025-08-28,0.0,"{""type"":""MultiPoint"",""coordinates"":[]}"
20250829,2025-08-29,44.039512634277344,"{""type"":""MultiPoint"",""coordinates"":[]}"
20250830,2025-08-30,0.0,"{""type"":""MultiPoint"",""coordinates"":[]}"
20250831,2025-08-31,22.019756317138672,"{""type"":""MultiPoint"",""coordinates"":[]}"
20250901,2025-09-01,37.73629379272461,"{""type"":""MultiPoint"",""coordinates"":[]}"
20250902,2025-09-02,37.73629379272461,"{""type"":""MultiPoint"",""coordinates"":[]}"
20250903,2025-09-03,75.47258758544922,"{""type"":""MultiPoint"",""coordinates"":[]}"
20250904,2025-09-04,0.0,"{""type"":""MultiPoint"",""coordinates"":[]}"
20250905,2025-09-05,0.0,"{""type"":""MultiPoint"",""coordinates"":[]}"
20250906,2025-09-06,0.0,"{""type"":""MultiPoint"",""coordinates"":[]}"
20250907,2025-09-07,39.67396545410156,"{""type"":""MultiPoint"",""coordinates"":[]}"
20250908,2025-09-08,0.0,"{""type"":""MultiPoint"",""coordinates"":[]}"
20250909,2025-09-09,0.0,"{""type"":""MultiPoint"",""coordinates"":[]}"
20250910,2025-09-10,0.0,"{""type"":""MultiPoint"",""coordinates"":[]}"
20250911,2025-09-11,0.0,"{""type"":""MultiPoint"",""coordinates"":[]}"
20250912,2025-09-12,0.0,"{""type"":""MultiPoint"",""coordinates"":[]}"
20250913,2025-09-13,0.0,"{""type"":""MultiPoint"",""coordinates"":[]}"
20250914,2025-09-14,0.0,"{""type"":""MultiPoint"",""coordinates"":[]}"
20250915,2025-09-15,0.0,"{""type"":""MultiPoint"",""coordinates"":[]}"
20250916,2025-09-16,0.0,"{""type"":""MultiPoint"",""coordinates"":[]}"
20250917,2025-09-17,0.0,"{""type"":""MultiPoint"",""coordinates"":[]}"
20250918,2025-09-18,0.0,"{""type"":""MultiPoint"",""coordinates"":[]}"
20250919,2025-09-19,0.0,"{""type"":""MultiPoint"",""coordinates"":[]}"
20250920,2025-09-20,0.0,"{""type"":""MultiPoint"",""coordinates"":[]}"
20250921,2025-09-21,0.0,"{""type"":""MultiPoint"",""coordinates"":[]}"
20250922,2025-09-22,0.0,"{""type"":""MultiPoint"",""coordinates"":[]}"
20250923,2025-09-23,0.0,"{""type"":""MultiPoint"",""coordinates"":[]}"
20250924,2025-09-24,0.0,"{""type"":""MultiPoint"",""coordinates"":[]}"
20250925,2025-09-25,0.0,"{""type"":""MultiPoint"",""coordinates"":[]}"
20250926,2025-09-26,0.0,"{""type"":""MultiPoint"",""coordinates"":[]}"
20250927,2025-09-27,0.0,"{""type"":""MultiPoint"",""coordinates"":[]}"
20250928,2025-09-28,0.0,"{""type"":""MultiPoint"",""coordinates"":[]}"
20250929,2025-09-29,0.0,"{""type"":""MultiPoint"",""coordinates"":[]}"
20250930,2025-09-30,43.266632080078125,"{""type"":""MultiPoint"",""coordinates"":[]}"
20251001,2025-10-01,0.0,"{""type"":""MultiPoint"",""coordinates"":[]}"
20251002,2025-10-02,65.31230926513672,"{""type"":""MultiPoint"",""coordinates"":[]}"
20251003,2025-10-03,0.0,"{""type"":""MultiPoint"",""coordinates"":[]}"
20251004,2025-10-04,0.0,"{""type"":""MultiPoint"",""coordinates"":[]}"
20251005,2025-10-05,0.0,"{""type"":""MultiPoint"",""coordinates"":[]}"
20251006,2025-10-06,2.3954598903656006,"{""type"":""MultiPoint"",""coordinates"":[]}"
20251007,2025-10-07,4.170350074768066,"{""type"":""MultiPoint"",""coordinates"":[]}"
20251008,2025-10-08,0.7141817212104797,"{""type"":""MultiPoint"",""coordinates"":[]}"
20251009,2025-10-09,0.05908095836639404,"{""type"":""MultiPoint"",""coordinates"":[]}"
20251010,2025-10-10,2.440558773741941E-6,"{""type"":""MultiPoint"",""coordinates"":[]}"
20251011,2025-10-11,0.0,"{""type"":""MultiPoint"",""coordinates"":[]}"
20251012,2025-10-12,0.0,"{""type"":""MultiPoint"",""coordinates"":[]}"
20251013,2025-10-13,0.0,"{""type"":""MultiPoint"",""coordinates"":[]}"
20251014,2025-10-14,0.0,"{""type"":""MultiPoint"",""coordinates"":[]}"
20251015,2025-10-15,0.0,"{""type"":""MultiPoint"",""coordinates"":[]}"
20251016,2025-10-16,0.0,"{""type"":""MultiPoint"",""coordinates"":[]}"
20251017,2025-10-17,0.0,"{""type"":""MultiPoint"",""coordinates"":[]}"
20251018,2025-10-18,0.0,"{""type"":""MultiPoint"",""coordinates"":[]}"
20251019,2025-10-19,0.0,"{""type"":""MultiPoint"",""coordinates"":[]}"
20251020,2025-10-20,0.0,"{""type"":""MultiPoint"",""coordinates"":[]}"
20251021,2025-10-21,0.0,"{""type"":""MultiPoint"",""coordinates"":[]}"
20251022,2025-10-22,0.0,"{""type"":""MultiPoint"",""coordinates"":[]}"
20251023,2025-10-23,0.0,"{""type"":""MultiPoint"",""coordinates"":[]}"
20251024,2025-10-24,0.0,"{""type"":""MultiPoint"",""coordinates"":[]}"
20251025,2025-10-25,0.0,"{""type"":""MultiPoint"",""coordinates"":[]}"
20251026,2025-10-26,0.0,"{""type"":""MultiPoint"",""coordinates"":[]}"
20251027,2025-10-27,0.0,"{""type"":""MultiPoint"",""coordinates"":[]}"
20251028,2025-10-28,27.419504165649414,"{""type"":""MultiPoint"",""coordinates"":[]}"
20251029,2025-10-29,0.0,"{""type"":""MultiPoint"",""coordinates"":[]}"
20251030,2025-10-30,0.0,"{""type"":""MultiPoint"",""coordinates"":[]}"
20251031,2025-10-31,0.0,"{""type"":""MultiPoint"",""coordinates"":[]}"
20251101,2025-11-01,0.0,"{""type"":""MultiPoint"",""coordinates"":[]}"
20251102,2025-11-02,0.0,"{""type"":""MultiPoint"",""coordinates"":[]}"
20251103,2025-11-03,0.0,"{""type"":""MultiPoint"",""coordinates"":[]}"
20251104,2025-11-04,0.0,"{""type"":""MultiPoint"",""coordinates"":[]}"
20251105,2025-11-05,0.0,"{""type"":""MultiPoint"",""coordinates"":[]}"
20251106,2025-11-06,0.0,"{""type"":""MultiPoint"",""coordinates"":[]}"
20251107,2025-11-07,0.0,"{""type"":""MultiPoint"",""coordinates"":[]}"
20251108,2025-11-08,0.0,"{""type"":""MultiPoint"",""coordinates"":[]}"
20251109,2025-11-09,0.0,"{""type"":""MultiPoint"",""coordinates"":[]}"
20251110,2025-11-10,0.0,"{""type"":""MultiPoint"",""coordinates"":[]}"
20251111,2025-11-11,0.0,"{""type"":""MultiPoint"",""coordinates"":[]}"
20251112,2025-11-12,0.0,"{""type"":""MultiPoint"",""coordinates"":[]}"
20251113,2025-11-13,0.0,"{""type"":""MultiPoint"",""coordinates"":[]}"
20251114,2025-11-14,0.0,"{""type"":""MultiPoint"",""coordinates"":[]}"
20251115,2025-11-15,0.0,"{""type"":""MultiPoint"",""coordinates"":[]}"
20251116,2025-11-16,0.0,"{""type"":""MultiPoint"",""coordinates"":[]}"
20251117,2025-11-17,0.0,"{""type"":""MultiPoint"",""coordinates"":[]}"
20251118,2025-11-18,0.0,"{""type"":""MultiPoint"",""coordinates"":[]}"
20251119,2025-11-19,0.0,"{""type"":""MultiPoint"",""coordinates"":[]}"
20251120,2025-11-20,0.0,"{""type"":""MultiPoint"",""coordinates"":[]}"
20251121,2025-11-21,0.18656067550182343,"{""type"":""MultiPoint"",""coordinates"":[]}"
20251122,2025-11-22,0.0,"{""type"":""MultiPoint"",""coordinates"":[]}"
20251123,2025-11-23,0.023911921307444572,"{""type"":""MultiPoint"",""coordinates"":[]}"
20251124,2025-11-24,0.7789840698242188,"{""type"":""MultiPoint"",""coordinates"":[]}"
20251125,2025-11-25,0.0,"{""type"":""MultiPoint"",""coordinates"":[]}"
20251126,2025-11-26,0.0,"{""type"":""MultiPoint"",""coordinates"":[]}"
20251127,2025-11-27,0.2176702320575714,"{""type"":""MultiPoint"",""coordinates"":[]}"
20251128,2025-11-28,0.0,"{""type"":""MultiPoint"",""coordinates"":[]}"
20251129,2025-11-29,0.0,"{""type"":""MultiPoint"",""coordinates"":[]}"
20251130,2025-11-30,1.4903610944747925,"{""type"":""MultiPoint"",""coordinates"":[]}"
20251201,2025-12-01,0.0,"{""type"":""MultiPoint"",""coordinates"":[]}"
20251202,2025-12-02,0.0,"{""type"":""MultiPoint"",""coordinates"":[]}"
20251203,2025-12-03,0.0,"{""type"":""MultiPoint"",""coordinates"":[]}"
20251204,2025-12-04,0.0,"{""type"":""MultiPoint"",""coordinates"":[]}"
20251205,2025-12-05,0.0,"{""type"":""MultiPoint"",""coordinates"":[]}"
20251206,2025-12-06,0.0,"{""type"":""MultiPoint"",""coordinates"":[]}"
20251207,2025-12-07,0.0,"{""type"":""MultiPoint"",""coordinates"":[]}"
20251208,2025-12-08,0.0,"{""type"":""MultiPoint"",""coordinates"":[]}"
20251209,2025-12-09,0.0,"{""type"":""MultiPoint"",""coordinates"":[]}"
20251210,2025-12-10,0.0,"{""type"":""MultiPoint"",""coordinates"":[]}"
20251211,2025-12-11,0.0,"{""type"":""MultiPoint"",""coordinates"":[]}"
20251212,2025-12-12,0.0,"{""type"":""MultiPoint"",""coordinates"":[]}"
20251213,2025-12-13,0.0,"{""type"":""MultiPoint"",""coordinates"":[]}"
20251214,2025-12-14,0.0,"{""type"":""MultiPoint"",""coordinates"":[]}"
20251215,2025-12-15,0.0,"{""type"":""MultiPoint"",""coordinates"":[]}"
20251216,2025-12-16,0.0,"{""type"":""MultiPoint"",""coordinates"":[]}"
20251217,2025-12-17,0.0,"{""type"":""MultiPoint"",""coordinates"":[]}"
20251218,2025-12-18,0.0,"{""type"":""MultiPoint"",""coordinates"":[]}"
20251219,2025-12-19,0.0,"{""type"":""MultiPoint"",""coordinates"":[]}"
20251220,2025-12-20,0.0,"{""type"":""MultiPoint"",""coordinates"":[]}"
20251221,2025-12-21,0.0,"{""type"":""MultiPoint"",""coordinates"":[]}"
20251222,2025-12-22,0.0,"{""type"":""MultiPoint"",""coordinates"":[]}"
20251223,2025-12-23,0.0,"{""type"":""MultiPoint"",""coordinates"":[]}"
20251224,2025-12-24,0.0,"{""type"":""MultiPoint"",""coordinates"":[]}"
20251225,2025-12-25,0.0,"{""type"":""MultiPoint"",""coordinates"":[]}"
20251226,2025-12-26,6.649565696716309,"{""type"":""MultiPoint"",""coordinates"":[]}"
20251227,2025-12-27,0.0,"{""type"":""MultiPoint"",""coordinates"":[]}"
20251228,2025-12-28,0.0,"{""type"":""MultiPoint"",""coordinates"":[]}"
20251229,2025-12-29,0.0,"{""type"":""MultiPoint"",""coordinates"":[]}"
20251230,2025-12-30,0.0,"{""type"":""MultiPoint"",""coordinates"":[]}"
20251231,2025-12-31,0.0,"{""type"":""MultiPoint"",""coordinates"":[]}"
