system:index,date,rainfall_mm,.geo
0,2021-01-01,0.03800000250339508,"{""type"":""MultiPoint"",""coordinates"":[]}"
1,2021-01-02,0.31499998178333044,"{""type"":""MultiPoint"",""coordinates"":[]}"
2,2021-01-03,17.109999649226665,"{""type"":""MultiPoint"",""coordinates"":[]}"
3,2021-01-04,14.299999684095383,"{""type"":""MultiPoint"",""coordinates"":[]}"
4,2021-01-05,3.34499990940094,"{""type"":""MultiPoint"",""coordinates"":[]}"
5,2021-01-06,1.3199999779462814,"{""type"":""MultiPoint"",""coordinates"":[]}"
6,2021-01-07,0.0,"{""type"":""MultiPoint"",""coordinates"":[]}"
7,2021-01-08,0.0,"{""type"":""MultiPoint"",""coordinates"":[]}"
8,2021-01-09,0.0,"{""type"":""MultiPoint"",""coordinates"":[]}"
9,2021-01-10,0.0,"{""type"":""MultiPoint"",""coordinates"":[]}"
10,2021-01-11,0.0,"{""type"":""MultiPoint"",""coordinates"":[]}"
11,2021-01-12,0.0,"{""type"":""MultiPoint"",""coordinates"":[]}"
12,2021-01-13,0.0,"{""type"":""MultiPoint"",""coordinates"":[]}"
13,2021-01-14,13.99499985575676,"{""type"":""MultiPoint"",""coordinates"":[]}"
14,2021-01-15,6.389999747276306,"{""type"":""MultiPoint"",""coordinates"":[]}"
15,2021-01-16,0.0,"{""type"":""MultiPoint"",""coordinates"":[]}"
16,2021-01-17,0.0,"{""type"":""MultiPoint"",""coordinates"":[]}"
17,2021-01-18,0.0,"{""type"":""MultiPoint"",""coordinates"":[]}"
18,2021-01-19,0.0,"{""type"":""MultiPoint"",""coordinates"":[]}"
19,2021-01-20,0.0,"{""type"":""MultiPoint"",""coordinates"":[]}"
20,2021-01-21,0.0,"{""type"":""MultiPoint"",""coordinates"":[]}"
21,2021-01-22,0.0,"{""type"":""MultiPoint"",""coordinates"":[]}"
22,2021-01-23,0.0,"{""type"":""MultiPoint"",""coordinates"":[]}"
23,2021-01-24,0.0,"{""type"":""MultiPoint"",""coordinates"":[]}"
24,2021-01-25,0.0,"{""type"":""MultiPoint"",""coordinates"":[]}"
25,2021-01-26,0.0,"{""type"":""MultiPoint"",""coordinates"":[]}"
26,2021-01-27,0.0,"{""type"":""MultiPoint"",""coordinates"":[]}"
27,2021-01-28,0.0,"{""type"":""MultiPoint"",""coordinates"":[]}"
28,2021-01-29,0.0,"{""type"":""MultiPoint"",""coordinates"":[]}"
29,2021-01-30,0.0,"{""type"":""MultiPoint"",""coordinates"":[]}"
30,2021-01-31,0.0,"{""type"":""MultiPoint"",""coordinates"":[]}"
31,2021-02-01,0.004000000189989805,"{""type"":""MultiPoint"",""coordinates"":[]}"
32,2021-02-02,0.0,"{""type"":""MultiPoint"",""coordinates"":[]}"
33,2021-02-03,1.1699999570846558,"{""type"":""MultiPoint"",""coordinates"":[]}"
34,2021-02-04,3.969999995082617,"{""type"":""MultiPoint"",""coordinates"":[]}"
35,2021-02-05,0.0,"{""type"":""MultiPoint"",""coordinates"":[]}"
36,2021-02-06,0.0,"{""type"":""MultiPoint"",""coordinates"":[]}"
37,2021-02-07,0.0,"{""type"":""MultiPoint"",""coordinates"":[]}"
38,2021-02-08,0.0,"{""type"":""MultiPoint"",""coordinates"":[]}"
39,2021-02-09,0.0,"{""type"":""MultiPoint"",""coordinates"":[]}"
40,2021-02-10,0.0,"{""type"":""MultiPoint"",""coordinates"":[]}"
41,2021-02-11,0.0,"{""type"":""MultiPoint"",""coordinates"":[]}"
42,2021-02-12,0.0,"{""type"":""MultiPoint"",""coordinates"":[]}"
43,2021-02-13,0.0,"{""type"":""MultiPoint"",""coordinates"":[]}"
44,2021-02-14,0.0,"{""type"":""MultiPoint"",""coordinates"":[]}"
45,2021-02-15,0.0,"{""type"":""MultiPoint"",""coordinates"":[]}"
46,2021-02-16,0.0,"{""type"":""MultiPoint"",""coordinates"":[]}"
47,2021-02-17,0.0,"{""type"":""MultiPoint"",""coordinates"":[]}"
48,2021-02-18,0.0,"{""type"":""MultiPoint"",""coordinates"":[]}"
49,2021-02-19,0.0,"{""type"":""MultiPoint"",""coordinates"":[]}"
50,2021-02-20,0.0,"{""type"":""MultiPoint"",""coordinates"":[]}"
51,2021-02-21,0.0,"{""type"":""MultiPoint"",""coordinates"":[]}"
52,2021-02-22,0.0,"{""type"":""MultiPoint"",""coordinates"":[]}"
53,2021-02-23,0.0,"{""type"":""MultiPoint"",""coordinates"":[]}"
54,2021-02-24,0.0,"{""type"":""MultiPoint"",""coordinates"":[]}"
55,2021-02-25,0.0,"{""type"":""MultiPoint"",""coordinates"":[]}"
56,2021-02-26,0.0,"{""type"":""MultiPoint"",""coordinates"":[]}"
57,2021-02-27,0.0,"{""type"":""MultiPoint"",""coordinates"":[]}"
58,2021-02-28,0.0,"{""type"":""MultiPoint"",""coordinates"":[]}"
59,2021-03-01,0.0020000000949949026,"{""type"":""MultiPoint"",""coordinates"":[]}"
60,2021-03-02,0.0,"{""type"":""MultiPoint"",""coordinates"":[]}"
61,2021-03-03,0.0,"{""type"":""MultiPoint"",""coordinates"":[]}"
62,2021-03-04,0.0,"{""type"":""MultiPoint"",""coordinates"":[]}"
63,2021-03-05,0.0,"{""type"":""MultiPoint"",""coordinates"":[]}"
64,2021-03-06,0.0,"{""type"":""MultiPoint"",""coordinates"":[]}"
65,2021-03-07,0.0,"{""type"":""MultiPoint"",""coordinates"":[]}"
66,2021-03-08,0.0,"{""type"":""MultiPoint"",""coordinates"":[]}"
67,2021-03-09,1.709999947808683,"{""type"":""MultiPoint"",""coordinates"":[]}"
68,2021-03-10,0.0,"{""type"":""MultiPoint"",""coordinates"":[]}"
69,2021-03-11,0.0,"{""type"":""MultiPoint"",""coordinates"":[]}"
70,2021-03-12,1.199999957345426,"{""type"":""MultiPoint"",""coordinates"":[]}"
71,2021-03-13,0.0,"{""type"":""MultiPoint"",""coordinates"":[]}"
72,2021-03-14,0.0,"{""type"":""MultiPoint"",""coordinates"":[]}"
73,2021-03-15,0.0,"{""type"":""MultiPoint"",""coordinates"":[]}"
74,2021-03-16,0.0,"{""type"":""MultiPoint"",""coordinates"":[]}"
75,2021-03-17,0.0,"{""type"":""MultiPoint"",""coordinates"":[]}"
76,2021-03-18,0.02499999850988388,"{""type"":""MultiPoint"",""coordinates"":[]}"
77,2021-03-19,0.0,"{""type"":""MultiPoint"",""coordinates"":[]}"
78,2021-03-20,0.0,"{""type"":""MultiPoint"",""coordinates"":[]}"
79,2021-03-21,0.0,"{""type"":""MultiPoint"",""coordinates"":[]}"
80,2021-03-22,0.7399999750778079,"{""type"":""MultiPoint"",""coordinates"":[]}"
81,2021-03-23,0.30499999411404133,"{""type"":""MultiPoint"",""coordinates"":[]}"
82,2021-03-24,0.0,"{""type"":""MultiPoint"",""coordinates"":[]}"
83,2021-03-25,0.03500000014901161,"{""type"":""MultiPoint"",""coordinates"":[]}"
84,2021-03-26,0.0,"{""type"":""MultiPoint"",""coordinates"":[]}"
85,2021-03-27,0.0,"{""type"":""MultiPoint"",""coordinates"":[]}"
86,2021-03-28,0.0,"{""type"":""MultiPoint"",""coordinates"":[]}"
87,2021-03-29,0.0,"{""type"":""MultiPoint"",""coordinates"":[]}"
88,2021-03-30,0.0,"{""type"":""MultiPoint"",""coordinates"":[]}"
89,2021-03-31,0.0,"{""type"":""MultiPoint"",""coordinates"":[]}"
90,2021-04-01,0.002500000176951289,"{""type"":""MultiPoint"",""coordinates"":[]}"
91,2021-04-02,0.0,"{""type"":""MultiPoint"",""coordinates"":[]}"
92,2021-04-03,0.0,"{""type"":""MultiPoint"",""coordinates"":[]}"
93,2021-04-04,0.0,"{""type"":""MultiPoint"",""coordinates"":[]}"
94,2021-04-05,0.02499999850988388,"{""type"":""MultiPoint"",""coordinates"":[]}"
95,2021-04-06,0.0,"{""type"":""MultiPoint"",""coordinates"":[]}"
96,2021-04-07,0.0,"{""type"":""MultiPoint"",""coordinates"":[]}"
97,2021-04-08,0.0,"{""type"":""MultiPoint"",""coordinates"":[]}"
98,2021-04-09,0.0,"{""type"":""MultiPoint"",""coordinates"":[]}"
99,2021-04-10,0.0,"{""type"":""MultiPoint"",""coordinates"":[]}"
100,2021-04-11,0.0,"{""type"":""MultiPoint"",""coordinates"":[]}"
101,2021-04-12,0.0,"{""type"":""MultiPoint"",""coordinates"":[]}"
102,2021-04-13,0.0,"{""type"":""MultiPoint"",""coordinates"":[]}"
103,2021-04-14,0.0,"{""type"":""MultiPoint"",""coordinates"":[]}"
104,2021-04-15,0.0,"{""type"":""MultiPoint"",""coordinates"":[]}"
105,2021-04-16,1.4699999764561653,"{""type"":""MultiPoint"",""coordinates"":[]}"
106,2021-04-17,0.0,"{""type"":""MultiPoint"",""coordinates"":[]}"
107,2021-04-18,0.0,"{""type"":""MultiPoint"",""coordinates"":[]}"
108,2021-04-19,0.0,"{""type"":""MultiPoint"",""coordinates"":[]}"
109,2021-04-20,1.5649999687448144,"{""type"":""MultiPoint"",""coordinates"":[]}"
110,2021-04-21,0.0,"{""type"":""MultiPoint"",""coordinates"":[]}"
111,2021-04-22,0.0,"{""type"":""MultiPoint"",""coordinates"":[]}"
112,2021-04-23,0.744999997317791,"{""type"":""MultiPoint"",""coordinates"":[]}"
113,2021-04-24,0.0,"{""type"":""MultiPoint"",""coordinates"":[]}"
114,2021-04-25,0.0,"{""type"":""MultiPoint"",""coordinates"":[]}"
115,2021-04-26,0.0,"{""type"":""MultiPoint"",""coordinates"":[]}"
116,2021-04-27,0.0,"{""type"":""MultiPoint"",""coordinates"":[]}"
117,2021-04-28,0.0,"{""type"":""MultiPoint"",""coordinates"":[]}"
118,2021-04-29,0.0,"{""type"":""MultiPoint"",""coordinates"":[]}"
119,2021-04-30,0.1999999936670065,"{""type"":""MultiPoint"",""coordinates"":[]}"
120,2021-05-01,1.1634999625384808,"{""type"":""MultiPoint"",""coordinates"":[]}"
121,2021-05-02,0.26499998569488525,"{""type"":""MultiPoint"",""coordinates"":[]}"
122,2021-05-03,0.0,"{""type"":""MultiPoint"",""coordinates"":[]}"
123,2021-05-04,0.03999999910593033,"{""type"":""MultiPoint"",""coordinates"":[]}"
124,2021-05-05,0.0,"{""type"":""MultiPoint"",""coordinates"":[]}"
125,2021-05-06,9.219999825581908,"{""type"":""MultiPoint"",""coordinates"":[]}"
126,2021-05-07,0.0,"{""type"":""MultiPoint"",""coordinates"":[]}"
127,2021-05-08,0.02499999850988388,"{""type"":""MultiPoint"",""coordinates"":[]}"
128,2021-05-09,9.34999968111515,"{""type"":""MultiPoint"",""coordinates"":[]}"
129,2021-05-10,0.3249999852851033,"{""type"":""MultiPoint"",""coordinates"":[]}"
130,2021-05-11,0.009999999776482582,"{""type"":""MultiPoint"",""coordinates"":[]}"
131,2021-05-12,8.849999889731407,"{""type"":""MultiPoint"",""coordinates"":[]}"
132,2021-05-13,2.894999947398901,"{""type"":""MultiPoint"",""coordinates"":[]}"
133,2021-05-14,0.0,"{""type"":""MultiPoint"",""coordinates"":[]}"
134,2021-05-15,0.0,"{""type"":""MultiPoint"",""coordinates"":[]}"
135,2021-05-16,0.0,"{""type"":""MultiPoint"",""coordinates"":[]}"
136,2021-05-17,6.3599998112767935,"{""type"":""MultiPoint"",""coordinates"":[]}"
137,2021-05-18,14.004999558441341,"{""type"":""MultiPoint"",""coordinates"":[]}"
138,2021-05-19,14.969999523833394,"{""type"":""MultiPoint"",""coordinates"":[]}"
139,2021-05-20,0.9449999891221523,"{""type"":""MultiPoint"",""coordinates"":[]}"
140,2021-05-21,43.18499915674329,"{""type"":""MultiPoint"",""coordinates"":[]}"
141,2021-05-22,1.0299999676644802,"{""type"":""MultiPoint"",""coordinates"":[]}"
142,2021-05-23,0.2799999890848994,"{""type"":""MultiPoint"",""coordinates"":[]}"
143,2021-05-24,0.0,"{""type"":""MultiPoint"",""coordinates"":[]}"
144,2021-05-25,0.0,"{""type"":""MultiPoint"",""coordinates"":[]}"
145,2021-05-26,0.0,"{""type"":""MultiPoint"",""coordinates"":[]}"
146,2021-05-27,0.0,"{""type"":""MultiPoint"",""coordinates"":[]}"
147,2021-05-28,0.0,"{""type"":""MultiPoint"",""coordinates"":[]}"
148,2021-05-29,0.16999999433755875,"{""type"":""MultiPoint"",""coordinates"":[]}"
149,2021-05-30,0.18999999295920134,"{""type"":""MultiPoint"",""coordinates"":[]}"
150,2021-05-31,11.154999732971191,"{""type"":""MultiPoint"",""coordinates"":[]}"
151,2021-06-01,1.4374999925494194,"{""type"":""MultiPoint"",""coordinates"":[]}"
152,2021-06-02,0.06499999761581421,"{""type"":""MultiPoint"",""coordinates"":[]}"
153,2021-06-03,0.0,"{""type"":""MultiPoint"",""coordinates"":[]}"
154,2021-06-04,3.554999865591526,"{""type"":""MultiPoint"",""coordinates"":[]}"
155,2021-06-05,0.439999982714653,"{""type"":""MultiPoint"",""coordinates"":[]}"
156,2021-06-06,0.0,"{""type"":""MultiPoint"",""coordinates"":[]}"
157,2021-06-07,0.0,"{""type"":""MultiPoint"",""coordinates"":[]}"
158,2021-06-08,0.0,"{""type"":""MultiPoint"",""coordinates"":[]}"
159,2021-06-09,0.0,"{""type"":""MultiPoint"",""coordinates"":[]}"
160,2021-06-10,8.799999848008156,"{""type"":""MultiPoint"",""coordinates"":[]}"
161,2021-06-11,0.12999999523162842,"{""type"":""MultiPoint"",""coordinates"":[]}"
162,2021-06-12,0.22499999403953552,"{""type"":""MultiPoint"",""coordinates"":[]}"
163,2021-06-13,0.0,"{""type"":""MultiPoint"",""coordinates"":[]}"
164,2021-06-14,0.0,"{""type"":""MultiPoint"",""coordinates"":[]}"
165,2021-06-15,2.674999915063381,"{""type"":""MultiPoint"",""coordinates"":[]}"
166,2021-06-16,3.6199998259544373,"{""type"":""MultiPoint"",""coordinates"":[]}"
167,2021-06-17,7.964999824762344,"{""type"":""MultiPoint"",""coordinates"":[]}"
168,2021-06-18,0.0,"{""type"":""MultiPoint"",""coordinates"":[]}"
169,2021-06-19,0.0,"{""type"":""MultiPoint"",""coordinates"":[]}"
170,2021-06-20,0.29499998688697815,"{""type"":""MultiPoint"",""coordinates"":[]}"
171,2021-06-21,0.0,"{""type"":""MultiPoint"",""coordinates"":[]}"
172,2021-06-22,0.0,"{""type"":""MultiPoint"",""coordinates"":[]}"
173,2021-06-23,0.0,"{""type"":""MultiPoint"",""coordinates"":[]}"
174,2021-06-24,0.0,"{""type"":""MultiPoint"",""coordinates"":[]}"
175,2021-06-25,3.574999898672104,"{""type"":""MultiPoint"",""coordinates"":[]}"
176,2021-06-26,0.0,"{""type"":""MultiPoint"",""coordinates"":[]}"
177,2021-06-27,0.0,"{""type"":""MultiPoint"",""coordinates"":[]}"
178,2021-06-28,0.0,"{""type"":""MultiPoint"",""coordinates"":[]}"
179,2021-06-29,0.0,"{""type"":""MultiPoint"",""coordinates"":[]}"
180,2021-06-30,0.0,"{""type"":""MultiPoint"",""coordinates"":[]}"
181,2021-07-01,0.2225000113248825,"{""type"":""MultiPoint"",""coordinates"":[]}"
182,2021-07-02,16.12499961256981,"{""type"":""MultiPoint"",""coordinates"":[]}"
183,2021-07-03,5.124999865889549,"{""type"":""MultiPoint"",""coordinates"":[]}"
184,2021-07-04,0.0,"{""type"":""MultiPoint"",""coordinates"":[]}"
185,2021-07-05,0.0,"{""type"":""MultiPoint"",""coordinates"":[]}"
186,2021-07-06,0.0,"{""type"":""MultiPoint"",""coordinates"":[]}"
187,2021-07-07,0.0,"{""type"":""MultiPoint"",""coordinates"":[]}"
188,2021-07-08,7.354999706149101,"{""type"":""MultiPoint"",""coordinates"":[]}"
189,2021-07-09,0.125,"{""type"":""MultiPoint"",""coordinates"":[]}"
190,2021-07-10,0.0,"{""type"":""MultiPoint"",""coordinates"":[]}"
191,2021-07-11,0.5799999721348286,"{""type"":""MultiPoint"",""coordinates"":[]}"
192,2021-07-12,1.9049999751150608,"{""type"":""MultiPoint"",""coordinates"":[]}"
193,2021-07-13,27.744999160058796,"{""type"":""MultiPoint"",""coordinates"":[]}"
194,2021-07-14,61.074999034404755,"{""type"":""MultiPoint"",""coordinates"":[]}"
195,2021-07-15,0.0,"{""type"":""MultiPoint"",""coordinates"":[]}"
196,2021-07-16,0.0,"{""type"":""MultiPoint"",""coordinates"":[]}"
197,2021-07-17,0.5199999958276749,"{""type"":""MultiPoint"",""coordinates"":[]}"
198,2021-07-18,4.8749999003484845,"{""type"":""MultiPoint"",""coordinates"":[]}"
199,2021-07-19,61.684998978860676,"{""type"":""MultiPoint"",""coordinates"":[]}"
200,2021-07-20,24.189999510534108,"{""type"":""MultiPoint"",""coordinates"":[]}"
201,2021-07-21,0.0,"{""type"":""MultiPoint"",""coordinates"":[]}"
202,2021-07-22,2.679999962449074,"{""type"":""MultiPoint"",""coordinates"":[]}"
203,2021-07-23,0.0,"{""type"":""MultiPoint"",""coordinates"":[]}"
204,2021-07-24,1.679999940097332,"{""type"":""MultiPoint"",""coordinates"":[]}"
205,2021-07-25,0.07000000029802322,"{""type"":""MultiPoint"",""coordinates"":[]}"
206,2021-07-26,13.219999609515071,"{""type"":""MultiPoint"",""coordinates"":[]}"
207,2021-07-27,10.069999739527702,"{""type"":""MultiPoint"",""coordinates"":[]}"
208,2021-07-28,65.58999858796597,"{""type"":""MultiPoint"",""coordinates"":[]}"
209,2021-07-29,17.154999613761902,"{""type"":""MultiPoint"",""coordinates"":[]}"
210,2021-07-30,9.179999654181302,"{""type"":""MultiPoint"",""coordinates"":[]}"
211,2021-07-31,0.1850000023841858,"{""type"":""MultiPoint"",""coordinates"":[]}"
212,2021-08-01,19.613499742001295,"{""type"":""MultiPoint"",""coordinates"":[]}"
213,2021-08-02,3.2549998983740807,"{""type"":""MultiPoint"",""coordinates"":[]}"
214,2021-08-03,0.0,"{""type"":""MultiPoint"",""coordinates"":[]}"
215,2021-08-04,0.0,"{""type"":""MultiPoint"",""coordinates"":[]}"
216,2021-08-05,0.0,"{""type"":""MultiPoint"",""coordinates"":[]}"
217,2021-08-06,0.0,"{""type"":""MultiPoint"",""coordinates"":[]}"
218,2021-08-07,4.314999930560589,"{""type"":""MultiPoint"",""coordinates"":[]}"
219,2021-08-08,22.964999444782734,"{""type"":""MultiPoint"",""coordinates"":[]}"
220,2021-08-09,1.5199999632313848,"{""type"":""MultiPoint"",""coordinates"":[]}"
221,2021-08-10,0.0,"{""type"":""MultiPoint"",""coordinates"":[]}"
222,2021-08-11,0.0,"{""type"":""MultiPoint"",""coordinates"":[]}"
223,2021-08-12,0.009999999776482582,"{""type"":""MultiPoint"",""coordinates"":[]}"
224,2021-08-13,0.0,"{""type"":""MultiPoint"",""coordinates"":[]}"
225,2021-08-14,0.0,"{""type"":""MultiPoint"",""coordinates"":[]}"
226,2021-08-15,0.0,"{""type"":""MultiPoint"",""coordinates"":[]}"
227,2021-08-16,0.0,"{""type"":""MultiPoint"",""coordinates"":[]}"
228,2021-08-17,0.0,"{""type"":""MultiPoint"",""coordinates"":[]}"
229,2021-08-18,0.0,"{""type"":""MultiPoint"",""coordinates"":[]}"
230,2021-08-19,7.694999784231186,"{""type"":""MultiPoint"",""coordinates"":[]}"
231,2021-08-20,32.42999941390008,"{""type"":""MultiPoint"",""coordinates"":[]}"
232,2021-08-21,35.73499912023544,"{""type"":""MultiPoint"",""coordinates"":[]}"
233,2021-08-22,7.664999812841415,"{""type"":""MultiPoint"",""coordinates"":[]}"
234,2021-08-23,11.569999560713768,"{""type"":""MultiPoint"",""coordinates"":[]}"
235,2021-08-24,0.4999999850988388,"{""type"":""MultiPoint"",""coordinates"":[]}"
236,2021-08-25,0.05999999865889549,"{""type"":""MultiPoint"",""coordinates"":[]}"
237,2021-08-26,0.0,"{""type"":""MultiPoint"",""coordinates"":[]}"
238,2021-08-27,0.0,"{""type"":""MultiPoint"",""coordinates"":[]}"
239,2021-08-28,0.0,"{""type"":""MultiPoint"",""coordinates"":[]}"
240,2021-08-29,0.0,"{""type"":""MultiPoint"",""coordinates"":[]}"
241,2021-08-30,0.0,"{""type"":""MultiPoint"",""coordinates"":[]}"
242,2021-08-31,21.23499943036586,"{""type"":""MultiPoint"",""coordinates"":[]}"
243,2021-09-01,65.42049816250801,"{""type"":""MultiPoint"",""coordinates"":[]}"
244,2021-09-02,36.79999898374081,"{""type"":""MultiPoint"",""coordinates"":[]}"
245,2021-09-03,15.749999564141035,"{""type"":""MultiPoint"",""coordinates"":[]}"
246,2021-09-04,7.88499965146184,"{""type"":""MultiPoint"",""coordinates"":[]}"
247,2021-09-05,0.0,"{""type"":""MultiPoint"",""coordinates"":[]}"
248,2021-09-06,0.0,"{""type"":""MultiPoint"",""coordinates"":[]}"
249,2021-09-07,2.7449998632073402,"{""type"":""MultiPoint"",""coordinates"":[]}"
250,2021-09-08,0.0,"{""type"":""MultiPoint"",""coordinates"":[]}"
251,2021-09-09,0.0,"{""type"":""MultiPoint"",""coordinates"":[]}"
252,2021-09-10,14.48499971628189,"{""type"":""MultiPoint"",""coordinates"":[]}"
253,2021-09-11,65.30999846290797,"{""type"":""MultiPoint"",""coordinates"":[]}"
254,2021-09-12,2.7849999517202377,"{""type"":""MultiPoint"",""coordinates"":[]}"
255,2021-09-13,19.384999811649323,"{""type"":""MultiPoint"",""coordinates"":[]}"
256,2021-09-14,0.6699999868869781,"{""type"":""MultiPoint"",""coordinates"":[]}"
257,2021-09-15,0.0,"{""type"":""MultiPoint"",""coordinates"":[]}"
258,2021-09-16,11.489999897778034,"{""type"":""MultiPoint"",""coordinates"":[]}"
259,2021-09-17,0.0,"{""type"":""MultiPoint"",""coordinates"":[]}"
260,2021-09-18,0.0,"{""type"":""MultiPoint"",""coordinates"":[]}"
261,2021-09-19,0.0,"{""type"":""MultiPoint"",""coordinates"":[]}"
262,2021-09-20,0.0,"{""type"":""MultiPoint"",""coordinates"":[]}"
263,2021-09-21,4.5849998742341995,"{""type"":""MultiPoint"",""coordinates"":[]}"
264,2021-09-22,29.99499960243702,"{""type"":""MultiPoint"",""coordinates"":[]}"
265,2021-09-23,13.629999831318855,"{""type"":""MultiPoint"",""coordinates"":[]}"
266,2021-09-24,0.2800000011920929,"{""type"":""MultiPoint"",""coordinates"":[]}"
267,2021-09-25,0.0,"{""type"":""MultiPoint"",""coordinates"":[]}"
268,2021-09-26,0.0,"{""type"":""MultiPoint"",""coordinates"":[]}"
269,2021-09-27,0.0,"{""type"":""MultiPoint"",""coordinates"":[]}"
270,2021-09-28,0.0,"{""type"":""MultiPoint"",""coordinates"":[]}"
271,2021-09-29,0.0,"{""type"":""MultiPoint"",""coordinates"":[]}"
272,2021-09-30,0.0,"{""type"":""MultiPoint"",""coordinates"":[]}"
273,2021-10-01,0.0755000039935112,"{""type"":""MultiPoint"",""coordinates"":[]}"
274,2021-10-02,0.0,"{""type"":""MultiPoint"",""coordinates"":[]}"
275,2021-10-03,0.0,"{""type"":""MultiPoint"",""coordinates"":[]}"
276,2021-10-04,0.2399999862536788,"{""type"":""MultiPoint"",""coordinates"":[]}"
277,2021-10-05,0.08500000089406967,"{""type"":""MultiPoint"",""coordinates"":[]}"
278,2021-10-06,0.0,"{""type"":""MultiPoint"",""coordinates"":[]}"
279,2021-10-07,0.0,"{""type"":""MultiPoint"",""coordinates"":[]}"
280,2021-10-08,0.0,"{""type"":""MultiPoint"",""coordinates"":[]}"
281,2021-10-09,0.0,"{""type"":""MultiPoint"",""coordinates"":[]}"
282,2021-10-10,0.0,"{""type"":""MultiPoint"",""coordinates"":[]}"
283,2021-10-11,0.0,"{""type"":""MultiPoint"",""coordinates"":[]}"
284,2021-10-12,0.0,"{""type"":""MultiPoint"",""coordinates"":[]}"
285,2021-10-13,0.0,"{""type"":""MultiPoint"",""coordinates"":[]}"
286,2021-10-14,0.0,"{""type"":""MultiPoint"",""coordinates"":[]}"
287,2021-10-15,0.0,"{""type"":""MultiPoint"",""coordinates"":[]}"
288,2021-10-16,0.924999974668026,"{""type"":""MultiPoint"",""coordinates"":[]}"
289,2021-10-17,84.73499820008874,"{""type"":""MultiPoint"",""coordinates"":[]}"
290,2021-10-18,9.179999677464366,"{""type"":""MultiPoint"",""coordinates"":[]}"
291,2021-10-19,0.0,"{""type"":""MultiPoint"",""coordinates"":[]}"
292,2021-10-20,0.0,"{""type"":""MultiPoint"",""coordinates"":[]}"
293,2021-10-21,0.0,"{""type"":""MultiPoint"",""coordinates"":[]}"
294,2021-10-22,0.0,"{""type"":""MultiPoint"",""coordinates"":[]}"
295,2021-10-23,0.0,"{""type"":""MultiPoint"",""coordinates"":[]}"
296,2021-10-24,17.22999968379736,"{""type"":""MultiPoint"",""coordinates"":[]}"
297,2021-10-25,0.0,"{""type"":""MultiPoint"",""coordinates"":[]}"
298,2021-10-26,0.0,"{""type"":""MultiPoint"",""coordinates"":[]}"
299,2021-10-27,0.0,"{""type"":""MultiPoint"",""coordinates"":[]}"
300,2021-10-28,0.0,"{""type"":""MultiPoint"",""coordinates"":[]}"
301,2021-10-29,0.0,"{""type"":""MultiPoint"",""coordinates"":[]}"
302,2021-10-30,0.0,"{""type"":""MultiPoint"",""coordinates"":[]}"
303,2021-10-31,0.0,"{""type"":""MultiPoint"",""coordinates"":[]}"
304,2021-11-01,0.0,"{""type"":""MultiPoint"",""coordinates"":[]}"
305,2021-11-02,0.0,"{""type"":""MultiPoint"",""coordinates"":[]}"
306,2021-11-03,0.0,"{""type"":""MultiPoint"",""coordinates"":[]}"
307,2021-11-04,0.0,"{""type"":""MultiPoint"",""coordinates"":[]}"
308,2021-11-05,0.0,"{""type"":""MultiPoint"",""coordinates"":[]}"
309,2021-11-06,0.0,"{""type"":""MultiPoint"",""coordinates"":[]}"
310,2021-11-07,0.0,"{""type"":""MultiPoint"",""coordinates"":[]}"
311,2021-11-08,0.0,"{""type"":""MultiPoint"",""coordinates"":[]}"
312,2021-11-09,0.0,"{""type"":""MultiPoint"",""coordinates"":[]}"
313,2021-11-10,0.0,"{""type"":""MultiPoint"",""coordinates"":[]}"
314,2021-11-11,0.0,"{""type"":""MultiPoint"",""coordinates"":[]}"
315,2021-11-12,0.0,"{""type"":""MultiPoint"",""coordinates"":[]}"
316,2021-11-13,0.0,"{""type"":""MultiPoint"",""coordinates"":[]}"
317,2021-11-14,0.0,"{""type"":""MultiPoint"",""coordinates"":[]}"
318,2021-11-15,0.0,"{""type"":""MultiPoint"",""coordinates"":[]}"
319,2021-11-16,0.0,"{""type"":""MultiPoint"",""coordinates"":[]}"
320,2021-11-17,0.0,"{""type"":""MultiPoint"",""coordinates"":[]}"
321,2021-11-18,0.0,"{""type"":""MultiPoint"",""coordinates"":[]}"
322,2021-11-19,0.0,"{""type"":""MultiPoint"",""coordinates"":[]}"
323,2021-11-20,0.0,"{""type"":""MultiPoint"",""coordinates"":[]}"
324,2021-11-21,0.0,"{""type"":""MultiPoint"",""coordinates"":[]}"
325,2021-11-22,0.0,"{""type"":""MultiPoint"",""coordinates"":[]}"
326,2021-11-23,0.0,"{""type"":""MultiPoint"",""coordinates"":[]}"
327,2021-11-24,0.0,"{""type"":""MultiPoint"",""coordinates"":[]}"
328,2021-11-25,0.0,"{""type"":""MultiPoint"",""coordinates"":[]}"
329,2021-11-26,0.0,"{""type"":""MultiPoint"",""coordinates"":[]}"
330,2021-11-27,0.0,"{""type"":""MultiPoint"",""coordinates"":[]}"
331,2021-11-28,0.0,"{""type"":""MultiPoint"",""coordinates"":[]}"
332,2021-11-29,0.0,"{""type"":""MultiPoint"",""coordinates"":[]}"
333,2021-11-30,0.0,"{""type"":""MultiPoint"",""coordinates"":[]}"
334,2021-12-01,0.022499999729916453,"{""type"":""MultiPoint"",""coordinates"":[]}"
335,2021-12-02,1.2299999799579382,"{""type"":""MultiPoint"",""coordinates"":[]}"
336,2021-12-03,0.0,"{""type"":""MultiPoint"",""coordinates"":[]}"
337,2021-12-04,0.0,"{""type"":""MultiPoint"",""coordinates"":[]}"
338,2021-12-05,0.004999999888241291,"{""type"":""MultiPoint"",""coordinates"":[]}"
339,2021-12-06,0.0,"{""type"":""MultiPoint"",""coordinates"":[]}"
340,2021-12-07,0.0,"{""type"":""MultiPoint"",""coordinates"":[]}"
341,2021-12-08,0.0,"{""type"":""MultiPoint"",""coordinates"":[]}"
342,2021-12-09,0.0,"{""type"":""MultiPoint"",""coordinates"":[]}"
343,2021-12-10,0.0,"{""type"":""MultiPoint"",""coordinates"":[]}"
344,2021-12-11,0.0,"{""type"":""MultiPoint"",""coordinates"":[]}"
345,2021-12-12,0.0,"{""type"":""MultiPoint"",""coordinates"":[]}"
346,2021-12-13,0.0,"{""type"":""MultiPoint"",""coordinates"":[]}"
347,2021-12-14,0.0,"{""type"":""MultiPoint"",""coordinates"":[]}"
348,2021-12-15,0.0,"{""type"":""MultiPoint"",""coordinates"":[]}"
349,2021-12-16,0.0,"{""type"":""MultiPoint"",""coordinates"":[]}"
350,2021-12-17,0.0,"{""type"":""MultiPoint"",""coordinates"":[]}"
351,2021-12-18,0.0,"{""type"":""MultiPoint"",""coordinates"":[]}"
352,2021-12-19,0.0,"{""type"":""MultiPoint"",""coordinates"":[]}"
353,2021-12-20,0.0,"{""type"":""MultiPoint"",""coordinates"":[]}"
354,2021-12-21,0.0,"{""type"":""MultiPoint"",""coordinates"":[]}"
355,2021-12-22,0.0,"{""type"":""MultiPoint"",""coordinates"":[]}"
356,2021-12-23,0.0,"{""type"":""MultiPoint"",""coordinates"":[]}"
357,2021-12-24,0.0,"{""type"":""MultiPoint"",""coordinates"":[]}"
358,2021-12-25,0.009999999776482582,"{""type"":""MultiPoint"",""coordinates"":[]}"
359,2021-12-26,2.2399999098852277,"{""type"":""MultiPoint"",""coordinates"":[]}"
360,2021-12-27,0.02499999850988388,"{""type"":""MultiPoint"",""coordinates"":[]}"
361,2021-12-28,0.4749999875202775,"{""type"":""MultiPoint"",""coordinates"":[]}"
362,2021-12-29,0.0,"{""type"":""MultiPoint"",""coordinates"":[]}"
363,2021-12-30,0.0,"{""type"":""MultiPoint"",""coordinates"":[]}"
364,2021-12-31,0.0,"{""type"":""MultiPoint"",""coordinates"":[]}"
365,2022-01-01,0.06800000369548798,"{""type"":""MultiPoint"",""coordinates"":[]}"
366,2022-01-02,0.0,"{""type"":""MultiPoint"",""coordinates"":[]}"
367,2022-01-03,0.054999999701976776,"{""type"":""MultiPoint"",""coordinates"":[]}"
368,2022-01-04,0.05999999772757292,"{""type"":""MultiPoint"",""coordinates"":[]}"
369,2022-01-05,26.934999354183674,"{""type"":""MultiPoint"",""coordinates"":[]}"
370,2022-01-06,0.0,"{""type"":""MultiPoint"",""coordinates"":[]}"
371,2022-01-07,22.67499957885593,"{""type"":""MultiPoint"",""coordinates"":[]}"
372,2022-01-08,39.70999861508608,"{""type"":""MultiPoint"",""coordinates"":[]}"
373,2022-01-09,0.0,"{""type"":""MultiPoint"",""coordinates"":[]}"
374,2022-01-10,0.0,"{""type"":""MultiPoint"",""coordinates"":[]}"
375,2022-01-11,0.0,"{""type"":""MultiPoint"",""coordinates"":[]}"
376,2022-01-12,0.0,"{""type"":""MultiPoint"",""coordinates"":[]}"
377,2022-01-13,0.0,"{""type"":""MultiPoint"",""coordinates"":[]}"
378,2022-01-14,0.0,"{""type"":""MultiPoint"",""coordinates"":[]}"
379,2022-01-15,0.0,"{""type"":""MultiPoint"",""coordinates"":[]}"
380,2022-01-16,0.0,"{""type"":""MultiPoint"",""coordinates"":[]}"
381,2022-01-17,0.0,"{""type"":""MultiPoint"",""coordinates"":[]}"
382,2022-01-18,0.0,"{""type"":""MultiPoint"",""coordinates"":[]}"
383,2022-01-19,0.2549999952316284,"{""type"":""MultiPoint"",""coordinates"":[]}"
384,2022-01-20,0.0,"{""type"":""MultiPoint"",""coordinates"":[]}"
385,2022-01-21,2.5149999298155308,"{""type"":""MultiPoint"",""coordinates"":[]}"
386,2022-01-22,8.799999874085188,"{""type"":""MultiPoint"",""coordinates"":[]}"
387,2022-01-23,0.0,"{""type"":""MultiPoint"",""coordinates"":[]}"
388,2022-01-24,0.0,"{""type"":""MultiPoint"",""coordinates"":[]}"
389,2022-01-25,0.0,"{""type"":""MultiPoint"",""coordinates"":[]}"
390,2022-01-26,0.0,"{""type"":""MultiPoint"",""coordinates"":[]}"
391,2022-01-27,0.0,"{""type"":""MultiPoint"",""coordinates"":[]}"
392,2022-01-28,0.0,"{""type"":""MultiPoint"",""coordinates"":[]}"
393,2022-01-29,0.0,"{""type"":""MultiPoint"",""coordinates"":[]}"
394,2022-01-30,0.0,"{""type"":""MultiPoint"",""coordinates"":[]}"
395,2022-01-31,0.0,"{""type"":""MultiPoint"",""coordinates"":[]}"
396,2022-02-01,0.01850000023841858,"{""type"":""MultiPoint"",""coordinates"":[]}"
397,2022-02-02,0.20999999344348907,"{""type"":""MultiPoint"",""coordinates"":[]}"
398,2022-02-03,5.469999812543392,"{""type"":""MultiPoint"",""coordinates"":[]}"
399,2022-02-04,0.0,"{""type"":""MultiPoint"",""coordinates"":[]}"
400,2022-02-05,0.0,"{""type"":""MultiPoint"",""coordinates"":[]}"
401,2022-02-06,0.0,"{""type"":""MultiPoint"",""coordinates"":[]}"
402,2022-02-07,0.0,"{""type"":""MultiPoint"",""coordinates"":[]}"
403,2022-02-08,9.80499967187643,"{""type"":""MultiPoint"",""coordinates"":[]}"
404,2022-02-09,6.419999793171883,"{""type"":""MultiPoint"",""coordinates"":[]}"
405,2022-02-10,0.0,"{""type"":""MultiPoint"",""coordinates"":[]}"
406,2022-02-11,0.0,"{""type"":""MultiPoint"",""coordinates"":[]}"
407,2022-02-12,0.0,"{""type"":""MultiPoint"",""coordinates"":[]}"
408,2022-02-13,0.0,"{""type"":""MultiPoint"",""coordinates"":[]}"
409,2022-02-14,0.0,"{""type"":""MultiPoint"",""coordinates"":[]}"
410,2022-02-15,0.0,"{""type"":""MultiPoint"",""coordinates"":[]}"
411,2022-02-16,0.0,"{""type"":""MultiPoint"",""coordinates"":[]}"
412,2022-02-17,0.0,"{""type"":""MultiPoint"",""coordinates"":[]}"
413,2022-02-18,0.0,"{""type"":""MultiPoint"",""coordinates"":[]}"
414,2022-02-19,0.0,"{""type"":""MultiPoint"",""coordinates"":[]}"
415,2022-02-20,0.0,"{""type"":""MultiPoint"",""coordinates"":[]}"
416,2022-02-21,0.0,"{""type"":""MultiPoint"",""coordinates"":[]}"
417,2022-02-22,0.0,"{""type"":""MultiPoint"",""coordinates"":[]}"
418,2022-02-23,0.0,"{""type"":""MultiPoint"",""coordinates"":[]}"
419,2022-02-24,0.0,"{""type"":""MultiPoint"",""coordinates"":[]}"
420,2022-02-25,2.5699999015778303,"{""type"":""MultiPoint"",""coordinates"":[]}"
421,2022-02-26,0.529999990016222,"{""type"":""MultiPoint"",""coordinates"":[]}"
422,2022-02-27,0.0,"{""type"":""MultiPoint"",""coordinates"":[]}"
423,2022-02-28,0.0,"{""type"":""MultiPoint"",""coordinates"":[]}"
424,2022-03-01,0.0,"{""type"":""MultiPoint"",""coordinates"":[]}"
425,2022-03-02,0.004999999888241291,"{""type"":""MultiPoint"",""coordinates"":[]}"
426,2022-03-03,0.0,"{""type"":""MultiPoint"",""coordinates"":[]}"
427,2022-03-04,0.0,"{""type"":""MultiPoint"",""coordinates"":[]}"
428,2022-03-05,0.08999999612569809,"{""type"":""MultiPoint"",""coordinates"":[]}"
429,2022-03-06,0.004999999888241291,"{""type"":""MultiPoint"",""coordinates"":[]}"
430,2022-03-07,0.0,"{""type"":""MultiPoint"",""coordinates"":[]}"
431,2022-03-08,0.0,"{""type"":""MultiPoint"",""coordinates"":[]}"
432,2022-03-09,0.11999999638646841,"{""type"":""MultiPoint"",""coordinates"":[]}"
433,2022-03-10,0.0,"{""type"":""MultiPoint"",""coordinates"":[]}"
434,2022-03-11,0.0,"{""type"":""MultiPoint"",""coordinates"":[]}"
435,2022-03-12,0.0,"{""type"":""MultiPoint"",""coordinates"":[]}"
436,2022-03-13,0.0,"{""type"":""MultiPoint"",""coordinates"":[]}"
437,2022-03-14,0.0,"{""type"":""MultiPoint"",""coordinates"":[]}"
438,2022-03-15,0.0,"{""type"":""MultiPoint"",""coordinates"":[]}"
439,2022-03-16,0.0,"{""type"":""MultiPoint"",""coordinates"":[]}"
440,2022-03-17,0.0,"{""type"":""MultiPoint"",""coordinates"":[]}"
441,2022-03-18,0.0,"{""type"":""MultiPoint"",""coordinates"":[]}"
442,2022-03-19,0.0,"{""type"":""MultiPoint"",""coordinates"":[]}"
443,2022-03-20,0.0,"{""type"":""MultiPoint"",""coordinates"":[]}"
444,2022-03-21,0.0,"{""type"":""MultiPoint"",""coordinates"":[]}"
445,2022-03-22,0.0,"{""type"":""MultiPoint"",""coordinates"":[]}"
446,2022-03-23,0.0,"{""type"":""MultiPoint"",""coordinates"":[]}"
447,2022-03-24,0.0,"{""type"":""MultiPoint"",""coordinates"":[]}"
448,2022-03-25,0.0,"{""type"":""MultiPoint"",""coordinates"":[]}"
449,2022-03-26,0.0,"{""type"":""MultiPoint"",""coordinates"":[]}"
450,2022-03-27,0.0,"{""type"":""MultiPoint"",""coordinates"":[]}"
451,2022-03-28,0.0,"{""type"":""MultiPoint"",""coordinates"":[]}"
452,2022-03-29,0.0,"{""type"":""MultiPoint"",""coordinates"":[]}"
453,2022-03-30,0.0,"{""type"":""MultiPoint"",""coordinates"":[]}"
454,2022-03-31,0.0,"{""type"":""MultiPoint"",""coordinates"":[]}"
455,2022-04-01,5.000000237487257E-4,"{""type"":""MultiPoint"",""coordinates"":[]}"
456,2022-04-02,0.0,"{""type"":""MultiPoint"",""coordinates"":[]}"
457,2022-04-03,0.0,"{""type"":""MultiPoint"",""coordinates"":[]}"
458,2022-04-04,0.0,"{""type"":""MultiPoint"",""coordinates"":[]}"
459,2022-04-05,0.0,"{""type"":""MultiPoint"",""coordinates"":[]}"
460,2022-04-06,0.0,"{""type"":""MultiPoint"",""coordinates"":[]}"
461,2022-04-07,0.0,"{""type"":""MultiPoint"",""coordinates"":[]}"
462,2022-04-08,0.0,"{""type"":""MultiPoint"",""coordinates"":[]}"
463,2022-04-09,0.0,"{""type"":""MultiPoint"",""coordinates"":[]}"
464,2022-04-10,0.0,"{""type"":""MultiPoint"",""coordinates"":[]}"
465,2022-04-11,0.0,"{""type"":""MultiPoint"",""coordinates"":[]}"
466,2022-04-12,0.039999998174607754,"{""type"":""MultiPoint"",""coordinates"":[]}"
467,2022-04-13,0.02499999850988388,"{""type"":""MultiPoint"",""coordinates"":[]}"
468,2022-04-14,0.0,"{""type"":""MultiPoint"",""coordinates"":[]}"
469,2022-04-15,0.0,"{""type"":""MultiPoint"",""coordinates"":[]}"
470,2022-04-16,0.0,"{""type"":""MultiPoint"",""coordinates"":[]}"
471,2022-04-17,0.0,"{""type"":""MultiPoint"",""coordinates"":[]}"
472,2022-04-18,0.0,"{""type"":""MultiPoint"",""coordinates"":[]}"
473,2022-04-19,0.0,"{""type"":""MultiPoint"",""coordinates"":[]}"
474,2022-04-20,0.0,"{""type"":""MultiPoint"",""coordinates"":[]}"
475,2022-04-21,1.8099999446421862,"{""type"":""MultiPoint"",""coordinates"":[]}"
476,2022-04-22,0.0,"{""type"":""MultiPoint"",""coordinates"":[]}"
477,2022-04-23,0.0,"{""type"":""MultiPoint"",""coordinates"":[]}"
478,2022-04-24,0.0,"{""type"":""MultiPoint"",""coordinates"":[]}"
479,2022-04-25,0.7099999915808439,"{""type"":""MultiPoint"",""coordinates"":[]}"
480,2022-04-26,0.0,"{""type"":""MultiPoint"",""coordinates"":[]}"
481,2022-04-27,0.0,"{""type"":""MultiPoint"",""coordinates"":[]}"
482,2022-04-28,0.0,"{""type"":""MultiPoint"",""coordinates"":[]}"
483,2022-04-29,0.0,"{""type"":""MultiPoint"",""coordinates"":[]}"
484,2022-04-30,0.0,"{""type"":""MultiPoint"",""coordinates"":[]}"
485,2022-05-01,0.03200000151991844,"{""type"":""MultiPoint"",""coordinates"":[]}"
486,2022-05-02,0.0,"{""type"":""MultiPoint"",""coordinates"":[]}"
487,2022-05-03,0.0,"{""type"":""MultiPoint"",""coordinates"":[]}"
488,2022-05-04,5.514999909326434,"{""type"":""MultiPoint"",""coordinates"":[]}"
489,2022-05-05,0.0,"{""type"":""MultiPoint"",""coordinates"":[]}"
490,2022-05-06,0.0,"{""type"":""MultiPoint"",""coordinates"":[]}"
491,2022-05-07,0.0,"{""type"":""MultiPoint"",""coordinates"":[]}"
492,2022-05-08,0.0,"{""type"":""MultiPoint"",""coordinates"":[]}"
493,2022-05-09,0.0,"{""type"":""MultiPoint"",""coordinates"":[]}"
494,2022-05-10,0.0,"{""type"":""MultiPoint"",""coordinates"":[]}"
495,2022-05-11,0.0,"{""type"":""MultiPoint"",""coordinates"":[]}"
496,2022-05-12,0.0,"{""type"":""MultiPoint"",""coordinates"":[]}"
497,2022-05-13,0.0,"{""type"":""MultiPoint"",""coordinates"":[]}"
498,2022-05-14,0.0,"{""type"":""MultiPoint"",""coordinates"":[]}"
499,2022-05-15,0.0,"{""type"":""MultiPoint"",""coordinates"":[]}"
500,2022-05-16,0.0,"{""type"":""MultiPoint"",""coordinates"":[]}"
501,2022-05-17,0.0,"{""type"":""MultiPoint"",""coordinates"":[]}"
502,2022-05-18,0.0,"{""type"":""MultiPoint"",""coordinates"":[]}"
503,2022-05-19,0.0,"{""type"":""MultiPoint"",""coordinates"":[]}"
504,2022-05-20,4.984999969601631,"{""type"":""MultiPoint"",""coordinates"":[]}"
505,2022-05-21,2.1549999229609966,"{""type"":""MultiPoint"",""coordinates"":[]}"
506,2022-05-22,4.374999903142452,"{""type"":""MultiPoint"",""coordinates"":[]}"
507,2022-05-23,23.88499948568642,"{""type"":""MultiPoint"",""coordinates"":[]}"
508,2022-05-24,0.0,"{""type"":""MultiPoint"",""coordinates"":[]}"
509,2022-05-25,0.0,"{""type"":""MultiPoint"",""coordinates"":[]}"
510,2022-05-26,0.0,"{""type"":""MultiPoint"",""coordinates"":[]}"
511,2022-05-27,0.7899999767541885,"{""type"":""MultiPoint"",""coordinates"":[]}"
512,2022-05-28,0.03499999921768904,"{""type"":""MultiPoint"",""coordinates"":[]}"
513,2022-05-29,2.0549999475479126,"{""type"":""MultiPoint"",""coordinates"":[]}"
514,2022-05-30,4.044999897480011,"{""type"":""MultiPoint"",""coordinates"":[]}"
515,2022-05-31,0.0,"{""type"":""MultiPoint"",""coordinates"":[]}"
516,2022-06-01,0.020500000566244125,"{""type"":""MultiPoint"",""coordinates"":[]}"
517,2022-06-02,0.0,"{""type"":""MultiPoint"",""coordinates"":[]}"
518,2022-06-03,0.0,"{""type"":""MultiPoint"",""coordinates"":[]}"
519,2022-06-04,0.0,"{""type"":""MultiPoint"",""coordinates"":[]}"
520,2022-06-05,0.0,"{""type"":""MultiPoint"",""coordinates"":[]}"
521,2022-06-06,0.0,"{""type"":""MultiPoint"",""coordinates"":[]}"
522,2022-06-07,0.0,"{""type"":""MultiPoint"",""coordinates"":[]}"
523,2022-06-08,0.0,"{""type"":""MultiPoint"",""coordinates"":[]}"
524,2022-06-09,0.0,"{""type"":""MultiPoint"",""coordinates"":[]}"
525,2022-06-10,0.0,"{""type"":""MultiPoint"",""coordinates"":[]}"
526,2022-06-11,0.0,"{""type"":""MultiPoint"",""coordinates"":[]}"
527,2022-06-12,0.0,"{""type"":""MultiPoint"",""coordinates"":[]}"
528,2022-06-13,0.0,"{""type"":""MultiPoint"",""coordinates"":[]}"
529,2022-06-14,1.1299999579787254,"{""type"":""MultiPoint"",""coordinates"":[]}"
530,2022-06-15,5.959999889135361,"{""type"":""MultiPoint"",""coordinates"":[]}"
531,2022-06-16,2.2899999618530273,"{""type"":""MultiPoint"",""coordinates"":[]}"
532,2022-06-17,6.549999758601189,"{""type"":""MultiPoint"",""coordinates"":[]}"
533,2022-06-18,0.17000000178813934,"{""type"":""MultiPoint"",""coordinates"":[]}"
534,2022-06-19,1.5999999344348907,"{""type"":""MultiPoint"",""coordinates"":[]}"
535,2022-06-20,0.9600000008940697,"{""type"":""MultiPoint"",""coordinates"":[]}"
536,2022-06-21,0.39499999582767487,"{""type"":""MultiPoint"",""coordinates"":[]}"
537,2022-06-22,0.0,"{""type"":""MultiPoint"",""coordinates"":[]}"
538,2022-06-23,0.0,"{""type"":""MultiPoint"",""coordinates"":[]}"
539,2022-06-24,0.0,"{""type"":""MultiPoint"",""coordinates"":[]}"
540,2022-06-25,0.0,"{""type"":""MultiPoint"",""coordinates"":[]}"
541,2022-06-26,0.0,"{""type"":""MultiPoint"",""coordinates"":[]}"
542,2022-06-27,0.0,"{""type"":""MultiPoint"",""coordinates"":[]}"
543,2022-06-28,0.0,"{""type"":""MultiPoint"",""coordinates"":[]}"
544,2022-06-29,0.0,"{""type"":""MultiPoint"",""coordinates"":[]}"
545,2022-06-30,10.729999527335167,"{""type"":""MultiPoint"",""coordinates"":[]}"
546,2022-07-01,5.80249993968755,"{""type"":""MultiPoint"",""coordinates"":[]}"
547,2022-07-02,7.5200000293552876,"{""type"":""MultiPoint"",""coordinates"":[]}"
548,2022-07-03,2.934999905526638,"{""type"":""MultiPoint"",""coordinates"":[]}"
549,2022-07-04,0.3649999871850014,"{""type"":""MultiPoint"",""coordinates"":[]}"
550,2022-07-05,0.07000000029802322,"{""type"":""MultiPoint"",""coordinates"":[]}"
551,2022-07-06,0.0,"{""type"":""MultiPoint"",""coordinates"":[]}"
552,2022-07-07,0.0,"{""type"":""MultiPoint"",""coordinates"":[]}"
553,2022-07-08,0.0,"{""type"":""MultiPoint"",""coordinates"":[]}"
554,2022-07-09,0.9749999642372131,"{""type"":""MultiPoint"",""coordinates"":[]}"
555,2022-07-10,2.119999973103404,"{""type"":""MultiPoint"",""coordinates"":[]}"
556,2022-07-11,0.10999999940395355,"{""type"":""MultiPoint"",""coordinates"":[]}"
557,2022-07-12,17.74499971792102,"{""type"":""MultiPoint"",""coordinates"":[]}"
558,2022-07-13,19.714999459683895,"{""type"":""MultiPoint"",""coordinates"":[]}"
559,2022-07-14,0.7899999618530273,"{""type"":""MultiPoint"",""coordinates"":[]}"
560,2022-07-15,0.0,"{""type"":""MultiPoint"",""coordinates"":[]}"
561,2022-07-16,63.94499894976616,"{""type"":""MultiPoint"",""coordinates"":[]}"
562,2022-07-17,5.80999992787838,"{""type"":""MultiPoint"",""coordinates"":[]}"
563,2022-07-18,0.0,"{""type"":""MultiPoint"",""coordinates"":[]}"
564,2022-07-19,10.18499981611967,"{""type"":""MultiPoint"",""coordinates"":[]}"
565,2022-07-20,23.789999692700803,"{""type"":""MultiPoint"",""coordinates"":[]}"
566,2022-07-21,4.549999937415123,"{""type"":""MultiPoint"",""coordinates"":[]}"
567,2022-07-22,6.699999824166298,"{""type"":""MultiPoint"",""coordinates"":[]}"
568,2022-07-23,2.6499999035149813,"{""type"":""MultiPoint"",""coordinates"":[]}"
569,2022-07-24,0.9949999544769526,"{""type"":""MultiPoint"",""coordinates"":[]}"
570,2022-07-25,0.0,"{""type"":""MultiPoint"",""coordinates"":[]}"
571,2022-07-26,0.9649999737739563,"{""type"":""MultiPoint"",""coordinates"":[]}"
572,2022-07-27,2.4899999098852277,"{""type"":""MultiPoint"",""coordinates"":[]}"
573,2022-07-28,6.674999877810478,"{""type"":""MultiPoint"",""coordinates"":[]}"
574,2022-07-29,10.899999764747918,"{""type"":""MultiPoint"",""coordinates"":[]}"
575,2022-07-30,10.499999724328518,"{""type"":""MultiPoint"",""coordinates"":[]}"
576,2022-07-31,3.7549998238682747,"{""type"":""MultiPoint"",""coordinates"":[]}"
577,2022-08-01,0.11450000293552876,"{""type"":""MultiPoint"",""coordinates"":[]}"
578,2022-08-02,0.0,"{""type"":""MultiPoint"",""coordinates"":[]}"
579,2022-08-03,0.5049999952316284,"{""type"":""MultiPoint"",""coordinates"":[]}"
580,2022-08-04,3.8899998255074024,"{""type"":""MultiPoint"",""coordinates"":[]}"
581,2022-08-05,0.7299999892711639,"{""type"":""MultiPoint"",""coordinates"":[]}"
582,2022-08-06,1.5599999856203794,"{""type"":""MultiPoint"",""coordinates"":[]}"
583,2022-08-07,14.964999534189701,"{""type"":""MultiPoint"",""coordinates"":[]}"
584,2022-08-08,0.0,"{""type"":""MultiPoint"",""coordinates"":[]}"
585,2022-08-09,0.0,"{""type"":""MultiPoint"",""coordinates"":[]}"
586,2022-08-10,0.0,"{""type"":""MultiPoint"",""coordinates"":[]}"
587,2022-08-11,7.124999791383743,"{""type"":""MultiPoint"",""coordinates"":[]}"
588,2022-08-12,0.0,"{""type"":""MultiPoint"",""coordinates"":[]}"
589,2022-08-13,0.0,"{""type"":""MultiPoint"",""coordinates"":[]}"
590,2022-08-14,7.820000030100346,"{""type"":""MultiPoint"",""coordinates"":[]}"
591,2022-08-15,2.144999979995191,"{""type"":""MultiPoint"",""coordinates"":[]}"
592,2022-08-16,0.18499999213963747,"{""type"":""MultiPoint"",""coordinates"":[]}"
593,2022-08-17,0.0,"{""type"":""MultiPoint"",""coordinates"":[]}"
594,2022-08-18,0.0,"{""type"":""MultiPoint"",""coordinates"":[]}"
595,2022-08-19,0.32999998703598976,"{""type"":""MultiPoint"",""coordinates"":[]}"
596,2022-08-20,2.4049999564886093,"{""type"":""MultiPoint"",""coordinates"":[]}"
597,2022-08-21,1.5749999694526196,"{""type"":""MultiPoint"",""coordinates"":[]}"
598,2022-08-22,0.0,"{""type"":""MultiPoint"",""coordinates"":[]}"
599,2022-08-23,0.0,"{""type"":""MultiPoint"",""coordinates"":[]}"
600,2022-08-24,0.09999999590218067,"{""type"":""MultiPoint"",""coordinates"":[]}"
601,2022-08-25,0.0,"{""type"":""MultiPoint"",""coordinates"":[]}"
602,2022-08-26,0.0,"{""type"":""MultiPoint"",""coordinates"":[]}"
603,2022-08-27,0.0,"{""type"":""MultiPoint"",""coordinates"":[]}"
604,2022-08-28,0.1099999938160181,"{""type"":""MultiPoint"",""coordinates"":[]}"
605,2022-08-29,0.0949999988079071,"{""type"":""MultiPoint"",""coordinates"":[]}"
606,2022-08-30,0.26500000059604645,"{""type"":""MultiPoint"",""coordinates"":[]}"
607,2022-08-31,0.24499999731779099,"{""type"":""MultiPoint"",""coordinates"":[]}"
608,2022-09-01,2.4429999832063913,"{""type"":""MultiPoint"",""coordinates"":[]}"
609,2022-09-02,4.0149998646229506,"{""type"":""MultiPoint"",""coordinates"":[]}"
610,2022-09-03,0.0,"{""type"":""MultiPoint"",""coordinates"":[]}"
611,2022-09-04,0.0,"{""type"":""MultiPoint"",""coordinates"":[]}"
612,2022-09-05,0.0,"{""type"":""MultiPoint"",""coordinates"":[]}"
613,2022-09-06,0.0,"{""type"":""MultiPoint"",""coordinates"":[]}"
614,2022-09-07,0.0,"{""type"":""MultiPoint"",""coordinates"":[]}"
615,2022-09-08,0.0,"{""type"":""MultiPoint"",""coordinates"":[]}"
616,2022-09-09,0.0,"{""type"":""MultiPoint"",""coordinates"":[]}"
617,2022-09-10,0.0,"{""type"":""MultiPoint"",""coordinates"":[]}"
618,2022-09-11,0.0,"{""type"":""MultiPoint"",""coordinates"":[]}"
619,2022-09-12,10.639999836683273,"{""type"":""MultiPoint"",""coordinates"":[]}"
620,2022-09-13,0.0,"{""type"":""MultiPoint"",""coordinates"":[]}"
621,2022-09-14,0.0,"{""type"":""MultiPoint"",""coordinates"":[]}"
622,2022-09-15,4.029999911785126,"{""type"":""MultiPoint"",""coordinates"":[]}"
623,2022-09-16,0.10999999940395355,"{""type"":""MultiPoint"",""coordinates"":[]}"
624,2022-09-17,0.0,"{""type"":""MultiPoint"",""coordinates"":[]}"
625,2022-09-18,0.0,"{""type"":""MultiPoint"",""coordinates"":[]}"
626,2022-09-19,0.0,"{""type"":""MultiPoint"",""coordinates"":[]}"
627,2022-09-20,0.0,"{""type"":""MultiPoint"",""coordinates"":[]}"
628,2022-09-21,23.7049992531538,"{""type"":""MultiPoint"",""coordinates"":[]}"
629,2022-09-22,110.82999858260155,"{""type"":""MultiPoint"",""coordinates"":[]}"
630,2022-09-23,56.124998619779944,"{""type"":""MultiPoint"",""coordinates"":[]}"
631,2022-09-24,29.434999235905707,"{""type"":""MultiPoint"",""coordinates"":[]}"
632,2022-09-25,0.0,"{""type"":""MultiPoint"",""coordinates"":[]}"
633,2022-09-26,0.0,"{""type"":""MultiPoint"",""coordinates"":[]}"
634,2022-09-27,0.0,"{""type"":""MultiPoint"",""coordinates"":[]}"
635,2022-09-28,0.0,"{""type"":""MultiPoint"",""coordinates"":[]}"
636,2022-09-29,0.0,"{""type"":""MultiPoint"",""coordinates"":[]}"
637,2022-09-30,0.0,"{""type"":""MultiPoint"",""coordinates"":[]}"
638,2022-10-01,0.07650000602006912,"{""type"":""MultiPoint"",""coordinates"":[]}"
639,2022-10-02,0.10499999672174454,"{""type"":""MultiPoint"",""coordinates"":[]}"
640,2022-10-03,0.0,"{""type"":""MultiPoint"",""coordinates"":[]}"
641,2022-10-04,0.0,"{""type"":""MultiPoint"",""coordinates"":[]}"
642,2022-10-05,0.21000000089406967,"{""type"":""MultiPoint"",""coordinates"":[]}"
643,2022-10-06,0.0,"{""type"":""MultiPoint"",""coordinates"":[]}"
644,2022-10-07,15.249999664723873,"{""type"":""MultiPoint"",""coordinates"":[]}"
645,2022-10-08,98.57999768480659,"{""type"":""MultiPoint"",""coordinates"":[]}"
646,2022-10-09,0.08999999612569809,"{""type"":""MultiPoint"",""coordinates"":[]}"
647,2022-10-10,0.25999999046325684,"{""type"":""MultiPoint"",""coordinates"":[]}"
648,2022-10-11,0.0,"{""type"":""MultiPoint"",""coordinates"":[]}"
649,2022-10-12,0.0,"{""type"":""MultiPoint"",""coordinates"":[]}"
650,2022-10-13,0.0,"{""type"":""MultiPoint"",""coordinates"":[]}"
651,2022-10-14,0.0,"{""type"":""MultiPoint"",""coordinates"":[]}"
652,2022-10-15,0.0,"{""type"":""MultiPoint"",""coordinates"":[]}"
653,2022-10-16,0.0,"{""type"":""MultiPoint"",""coordinates"":[]}"
654,2022-10-17,0.0,"{""type"":""MultiPoint"",""coordinates"":[]}"
655,2022-10-18,0.0,"{""type"":""MultiPoint"",""coordinates"":[]}"
656,2022-10-19,0.0,"{""type"":""MultiPoint"",""coordinates"":[]}"
657,2022-10-20,0.0,"{""type"":""MultiPoint"",""coordinates"":[]}"
658,2022-10-21,0.0,"{""type"":""MultiPoint"",""coordinates"":[]}"
659,2022-10-22,0.0,"{""type"":""MultiPoint"",""coordinates"":[]}"
660,2022-10-23,0.0,"{""type"":""MultiPoint"",""coordinates"":[]}"
661,2022-10-24,0.0,"{""type"":""MultiPoint"",""coordinates"":[]}"
662,2022-10-25,0.0,"{""type"":""MultiPoint"",""coordinates"":[]}"
663,2022-10-26,0.0,"{""type"":""MultiPoint"",""coordinates"":[]}"
664,2022-10-27,0.0,"{""type"":""MultiPoint"",""coordinates"":[]}"
665,2022-10-28,0.0,"{""type"":""MultiPoint"",""coordinates"":[]}"
666,2022-10-29,0.0,"{""type"":""MultiPoint"",""coordinates"":[]}"
667,2022-10-30,0.0,"{""type"":""MultiPoint"",""coordinates"":[]}"
668,2022-10-31,0.0,"{""type"":""MultiPoint"",""coordinates"":[]}"
669,2022-11-01,0.0,"{""type"":""MultiPoint"",""coordinates"":[]}"
670,2022-11-02,0.0,"{""type"":""MultiPoint"",""coordinates"":[]}"
671,2022-11-03,0.0,"{""type"":""MultiPoint"",""coordinates"":[]}"
672,2022-11-04,0.0,"{""type"":""MultiPoint"",""coordinates"":[]}"
673,2022-11-05,0.0,"{""type"":""MultiPoint"",""coordinates"":[]}"
674,2022-11-06,0.004999999888241291,"{""type"":""MultiPoint"",""coordinates"":[]}"
675,2022-11-07,0.0,"{""type"":""MultiPoint"",""coordinates"":[]}"
676,2022-11-08,0.05999999865889549,"{""type"":""MultiPoint"",""coordinates"":[]}"
677,2022-11-09,0.0,"{""type"":""MultiPoint"",""coordinates"":[]}"
678,2022-11-10,0.0,"{""type"":""MultiPoint"",""coordinates"":[]}"
679,2022-11-11,0.0,"{""type"":""MultiPoint"",""coordinates"":[]}"
680,2022-11-12,0.0,"{""type"":""MultiPoint"",""coordinates"":[]}"
681,2022-11-13,0.0,"{""type"":""MultiPoint"",""coordinates"":[]}"
682,2022-11-14,0.004999999888241291,"{""type"":""MultiPoint"",""coordinates"":[]}"
683,2022-11-15,0.019999999552965164,"{""type"":""MultiPoint"",""coordinates"":[]}"
684,2022-11-16,0.0,"{""type"":""MultiPoint"",""coordinates"":[]}"
685,2022-11-17,0.0,"{""type"":""MultiPoint"",""coordinates"":[]}"
686,2022-11-18,0.0,"{""type"":""MultiPoint"",""coordinates"":[]}"
687,2022-11-19,0.0,"{""type"":""MultiPoint"",""coordinates"":[]}"
688,2022-11-20,0.0,"{""type"":""MultiPoint"",""coordinates"":[]}"
689,2022-11-21,0.0,"{""type"":""MultiPoint"",""coordinates"":[]}"
690,2022-11-22,0.0,"{""type"":""MultiPoint"",""coordinates"":[]}"
691,2022-11-23,0.0,"{""type"":""MultiPoint"",""coordinates"":[]}"
692,2022-11-24,0.0,"{""type"":""MultiPoint"",""coordinates"":[]}"
693,2022-11-25,0.0,"{""type"":""MultiPoint"",""coordinates"":[]}"
694,2022-11-26,0.0,"{""type"":""MultiPoint"",""coordinates"":[]}"
695,2022-11-27,0.0,"{""type"":""MultiPoint"",""coordinates"":[]}"
696,2022-11-28,0.0,"{""type"":""MultiPoint"",""coordinates"":[]}"
697,2022-11-29,0.0,"{""type"":""MultiPoint"",""coordinates"":[]}"
698,2022-11-30,0.0,"{""type"":""MultiPoint"",""coordinates"":[]}"
699,2022-12-01,0.0,"{""type"":""MultiPoint"",""coordinates"":[]}"
700,2022-12-02,0.0,"{""type"":""MultiPoint"",""coordinates"":[]}"
701,2022-12-03,0.0,"{""type"":""MultiPoint"",""coordinates"":[]}"
702,2022-12-04,0.0,"{""type"":""MultiPoint"",""coordinates"":[]}"
703,2022-12-05,0.0,"{""type"":""MultiPoint"",""coordinates"":[]}"
704,2022-12-06,0.0,"{""type"":""MultiPoint"",""coordinates"":[]}"
705,2022-12-07,0.0,"{""type"":""MultiPoint"",""coordinates"":[]}"
706,2022-12-08,0.0,"{""type"":""MultiPoint"",""coordinates"":[]}"
707,2022-12-09,0.0,"{""type"":""MultiPoint"",""coordinates"":[]}"
708,2022-12-10,0.0,"{""type"":""MultiPoint"",""coordinates"":[]}"
709,2022-12-11,0.0,"{""type"":""MultiPoint"",""coordinates"":[]}"
710,2022-12-12,0.0,"{""type"":""MultiPoint"",""coordinates"":[]}"
711,2022-12-13,0.0,"{""type"":""MultiPoint"",""coordinates"":[]}"
712,2022-12-14,0.0,"{""type"":""MultiPoint"",""coordinates"":[]}"
713,2022-12-15,0.0,"{""type"":""MultiPoint"",""coordinates"":[]}"
714,2022-12-16,0.0,"{""type"":""MultiPoint"",""coordinates"":[]}"
715,2022-12-17,0.0,"{""type"":""MultiPoint"",""coordinates"":[]}"
716,2022-12-18,0.0,"{""type"":""MultiPoint"",""coordinates"":[]}"
717,2022-12-19,0.0,"{""type"":""MultiPoint"",""coordinates"":[]}"
718,2022-12-20,0.0,"{""type"":""MultiPoint"",""coordinates"":[]}"
719,2022-12-21,0.0,"{""type"":""MultiPoint"",""coordinates"":[]}"
720,2022-12-22,0.0,"{""type"":""MultiPoint"",""coordinates"":[]}"
721,2022-12-23,0.0,"{""type"":""MultiPoint"",""coordinates"":[]}"
722,2022-12-24,0.0,"{""type"":""MultiPoint"",""coordinates"":[]}"
723,2022-12-25,0.0,"{""type"":""MultiPoint"",""coordinates"":[]}"
724,2022-12-26,0.0,"{""type"":""MultiPoint"",""coordinates"":[]}"
725,2022-12-27,0.0,"{""type"":""MultiPoint"",""coordinates"":[]}"
726,2022-12-28,0.0,"{""type"":""MultiPoint"",""coordinates"":[]}"
727,2022-12-29,0.0,"{""type"":""MultiPoint"",""coordinates"":[]}"
728,2022-12-30,0.0,"{""type"":""MultiPoint"",""coordinates"":[]}"
729,2022-12-31,0.0,"{""type"":""MultiPoint"",""coordinates"":[]}"
730,2023-01-01,0.020000001415610313,"{""type"":""MultiPoint"",""coordinates"":[]}"
731,2023-01-02,0.0,"{""type"":""MultiPoint"",""coordinates"":[]}"
732,2023-01-03,0.0,"{""type"":""MultiPoint"",""coordinates"":[]}"
733,2023-01-04,0.0,"{""type"":""MultiPoint"",""coordinates"":[]}"
734,2023-01-05,0.0,"{""type"":""MultiPoint"",""coordinates"":[]}"
735,2023-01-06,0.0,"{""type"":""MultiPoint"",""coordinates"":[]}"
736,2023-01-07,0.0,"{""type"":""MultiPoint"",""coordinates"":[]}"
737,2023-01-08,0.0,"{""type"":""MultiPoint"",""coordinates"":[]}"
738,2023-01-09,0.004999999888241291,"{""type"":""MultiPoint"",""coordinates"":[]}"
739,2023-01-10,0.0,"{""type"":""MultiPoint"",""coordinates"":[]}"
740,2023-01-11,0.0,"{""type"":""MultiPoint"",""coordinates"":[]}"
741,2023-01-12,0.0,"{""type"":""MultiPoint"",""coordinates"":[]}"
742,2023-01-13,0.0,"{""type"":""MultiPoint"",""coordinates"":[]}"
743,2023-01-14,0.0,"{""type"":""MultiPoint"",""coordinates"":[]}"
744,2023-01-15,0.0,"{""type"":""MultiPoint"",""coordinates"":[]}"
745,2023-01-16,0.0,"{""type"":""MultiPoint"",""coordinates"":[]}"
746,2023-01-17,0.0,"{""type"":""MultiPoint"",""coordinates"":[]}"
747,2023-01-18,0.0,"{""type"":""MultiPoint"",""coordinates"":[]}"
748,2023-01-19,3.8549999594688416,"{""type"":""MultiPoint"",""coordinates"":[]}"
749,2023-01-20,0.0,"{""type"":""MultiPoint"",""coordinates"":[]}"
750,2023-01-21,0.0,"{""type"":""MultiPoint"",""coordinates"":[]}"
751,2023-01-22,0.0,"{""type"":""MultiPoint"",""coordinates"":[]}"
752,2023-01-23,0.0,"{""type"":""MultiPoint"",""coordinates"":[]}"
753,2023-01-24,0.0,"{""type"":""MultiPoint"",""coordinates"":[]}"
754,2023-01-25,0.0,"{""type"":""MultiPoint"",""coordinates"":[]}"
755,2023-01-26,0.0,"{""type"":""MultiPoint"",""coordinates"":[]}"
756,2023-01-27,0.0,"{""type"":""MultiPoint"",""coordinates"":[]}"
757,2023-01-28,0.014999999664723873,"{""type"":""MultiPoint"",""coordinates"":[]}"
758,2023-01-29,24.624999405816197,"{""type"":""MultiPoint"",""coordinates"":[]}"
759,2023-01-30,1.0649999575689435,"{""type"":""MultiPoint"",""coordinates"":[]}"
760,2023-01-31,0.0,"{""type"":""MultiPoint"",""coordinates"":[]}"
761,2023-02-01,0.001500000013038516,"{""type"":""MultiPoint"",""coordinates"":[]}"
762,2023-02-02,0.0,"{""type"":""MultiPoint"",""coordinates"":[]}"
763,2023-02-03,0.0,"{""type"":""MultiPoint"",""coordinates"":[]}"
764,2023-02-04,0.0,"{""type"":""MultiPoint"",""coordinates"":[]}"
765,2023-02-05,0.0,"{""type"":""MultiPoint"",""coordinates"":[]}"
766,2023-02-06,0.0,"{""type"":""MultiPoint"",""coordinates"":[]}"
767,2023-02-07,0.0,"{""type"":""MultiPoint"",""coordinates"":[]}"
768,2023-02-08,0.019999999552965164,"{""type"":""MultiPoint"",""coordinates"":[]}"
769,2023-02-09,0.0,"{""type"":""MultiPoint"",""coordinates"":[]}"
770,2023-02-10,0.0,"{""type"":""MultiPoint"",""coordinates"":[]}"
771,2023-02-11,0.0,"{""type"":""MultiPoint"",""coordinates"":[]}"
772,2023-02-12,0.0,"{""type"":""MultiPoint"",""coordinates"":[]}"
773,2023-02-13,0.0,"{""type"":""MultiPoint"",""coordinates"":[]}"
774,2023-02-14,0.0,"{""type"":""MultiPoint"",""coordinates"":[]}"
775,2023-02-15,0.0,"{""type"":""MultiPoint"",""coordinates"":[]}"
776,2023-02-16,0.7849999777972698,"{""type"":""MultiPoint"",""coordinates"":[]}"
777,2023-02-17,0.9799999892711639,"{""type"":""MultiPoint"",""coordinates"":[]}"
778,2023-02-18,0.0,"{""type"":""MultiPoint"",""coordinates"":[]}"
779,2023-02-19,0.0,"{""type"":""MultiPoint"",""coordinates"":[]}"
780,2023-02-20,0.08500000089406967,"{""type"":""MultiPoint"",""coordinates"":[]}"
781,2023-02-21,0.0,"{""type"":""MultiPoint"",""coordinates"":[]}"
782,2023-02-22,0.0,"{""type"":""MultiPoint"",""coordinates"":[]}"
783,2023-02-23,0.0,"{""type"":""MultiPoint"",""coordinates"":[]}"
784,2023-02-24,0.0,"{""type"":""MultiPoint"",""coordinates"":[]}"
785,2023-02-25,0.0,"{""type"":""MultiPoint"",""coordinates"":[]}"
786,2023-02-26,0.0,"{""type"":""MultiPoint"",""coordinates"":[]}"
787,2023-02-27,0.0,"{""type"":""MultiPoint"",""coordinates"":[]}"
788,2023-02-28,1.544999934732914,"{""type"":""MultiPoint"",""coordinates"":[]}"
789,2023-03-01,3.714499980211258,"{""type"":""MultiPoint"",""coordinates"":[]}"
790,2023-03-02,0.0,"{""type"":""MultiPoint"",""coordinates"":[]}"
791,2023-03-03,0.0,"{""type"":""MultiPoint"",""coordinates"":[]}"
792,2023-03-04,0.0,"{""type"":""MultiPoint"",""coordinates"":[]}"
793,2023-03-05,0.0,"{""type"":""MultiPoint"",""coordinates"":[]}"
794,2023-03-06,0.0,"{""type"":""MultiPoint"",""coordinates"":[]}"
795,2023-03-07,0.0,"{""type"":""MultiPoint"",""coordinates"":[]}"
796,2023-03-08,0.7799999937415123,"{""type"":""MultiPoint"",""coordinates"":[]}"
797,2023-03-09,0.0,"{""type"":""MultiPoint"",""coordinates"":[]}"
798,2023-03-10,0.0,"{""type"":""MultiPoint"",""coordinates"":[]}"
799,2023-03-11,0.0,"{""type"":""MultiPoint"",""coordinates"":[]}"
800,2023-03-12,0.0,"{""type"":""MultiPoint"",""coordinates"":[]}"
801,2023-03-13,0.0,"{""type"":""MultiPoint"",""coordinates"":[]}"
802,2023-03-14,0.0,"{""type"":""MultiPoint"",""coordinates"":[]}"
803,2023-03-15,0.08500000089406967,"{""type"":""MultiPoint"",""coordinates"":[]}"
804,2023-03-16,0.0,"{""type"":""MultiPoint"",""coordinates"":[]}"
805,2023-03-17,1.1449999595060945,"{""type"":""MultiPoint"",""coordinates"":[]}"
806,2023-03-18,25.259999360889196,"{""type"":""MultiPoint"",""coordinates"":[]}"
807,2023-03-19,2.279999948106706,"{""type"":""MultiPoint"",""coordinates"":[]}"
808,2023-03-20,11.914999756962061,"{""type"":""MultiPoint"",""coordinates"":[]}"
809,2023-03-21,0.0,"{""type"":""MultiPoint"",""coordinates"":[]}"
810,2023-03-22,0.0,"{""type"":""MultiPoint"",""coordinates"":[]}"
811,2023-03-23,0.0,"{""type"":""MultiPoint"",""coordinates"":[]}"
812,2023-03-24,13.604999579489231,"{""type"":""MultiPoint"",""coordinates"":[]}"
813,2023-03-25,0.0,"{""type"":""MultiPoint"",""coordinates"":[]}"
814,2023-03-26,0.0,"{""type"":""MultiPoint"",""coordinates"":[]}"
815,2023-03-27,0.0,"{""type"":""MultiPoint"",""coordinates"":[]}"
816,2023-03-28,0.0,"{""type"":""MultiPoint"",""coordinates"":[]}"
817,2023-03-29,0.8599999770522118,"{""type"":""MultiPoint"",""coordinates"":[]}"
818,2023-03-30,20.45999938249588,"{""type"":""MultiPoint"",""coordinates"":[]}"
819,2023-03-31,8.929999813437462,"{""type"":""MultiPoint"",""coordinates"":[]}"
820,2023-04-01,3.111499920487404,"{""type"":""MultiPoint"",""coordinates"":[]}"
821,2023-04-02,0.2149999886751175,"{""type"":""MultiPoint"",""coordinates"":[]}"
822,2023-04-03,3.144999846816063,"{""type"":""MultiPoint"",""coordinates"":[]}"
823,2023-04-04,2.4399999510496855,"{""type"":""MultiPoint"",""coordinates"":[]}"
824,2023-04-05,0.0,"{""type"":""MultiPoint"",""coordinates"":[]}"
825,2023-04-06,0.0,"{""type"":""MultiPoint"",""coordinates"":[]}"
826,2023-04-07,0.0,"{""type"":""MultiPoint"",""coordinates"":[]}"
827,2023-04-08,0.0,"{""type"":""MultiPoint"",""coordinates"":[]}"
828,2023-04-09,0.0,"{""type"":""MultiPoint"",""coordinates"":[]}"
829,2023-04-10,0.0,"{""type"":""MultiPoint"",""coordinates"":[]}"
830,2023-04-11,0.0,"{""type"":""MultiPoint"",""coordinates"":[]}"
831,2023-04-12,0.0,"{""type"":""MultiPoint"",""coordinates"":[]}"
832,2023-04-13,0.0,"{""type"":""MultiPoint"",""coordinates"":[]}"
833,2023-04-14,0.0,"{""type"":""MultiPoint"",""coordinates"":[]}"
834,2023-04-15,0.0,"{""type"":""MultiPoint"",""coordinates"":[]}"
835,2023-04-16,0.0,"{""type"":""MultiPoint"",""coordinates"":[]}"
836,2023-04-17,0.0,"{""type"":""MultiPoint"",""coordinates"":[]}"
837,2023-04-18,0.0,"{""type"":""MultiPoint"",""coordinates"":[]}"
838,2023-04-19,0.0,"{""type"":""MultiPoint"",""coordinates"":[]}"
839,2023-04-20,2.4749999418854713,"{""type"":""MultiPoint"",""coordinates"":[]}"
840,2023-04-21,0.0,"{""type"":""MultiPoint"",""coordinates"":[]}"
841,2023-04-22,0.024999999441206455,"{""type"":""MultiPoint"",""coordinates"":[]}"
842,2023-04-23,0.6699999934062362,"{""type"":""MultiPoint"",""coordinates"":[]}"
843,2023-04-24,0.039999998174607754,"{""type"":""MultiPoint"",""coordinates"":[]}"
844,2023-04-25,0.0,"{""type"":""MultiPoint"",""coordinates"":[]}"
845,2023-04-26,0.019999999552965164,"{""type"":""MultiPoint"",""coordinates"":[]}"
846,2023-04-27,1.6349999587982893,"{""type"":""MultiPoint"",""coordinates"":[]}"
847,2023-04-28,0.16999999526888132,"{""type"":""MultiPoint"",""coordinates"":[]}"
848,2023-04-29,2.7399999480694532,"{""type"":""MultiPoint"",""coordinates"":[]}"
849,2023-04-30,0.35499998927116394,"{""type"":""MultiPoint"",""coordinates"":[]}"
850,2023-05-01,12.450999740511179,"{""type"":""MultiPoint"",""coordinates"":[]}"
851,2023-05-02,0.1149999974295497,"{""type"":""MultiPoint"",""coordinates"":[]}"
852,2023-05-03,10.414999816566706,"{""type"":""MultiPoint"",""coordinates"":[]}"
853,2023-05-04,0.0,"{""type"":""MultiPoint"",""coordinates"":[]}"
854,2023-05-05,0.0,"{""type"":""MultiPoint"",""coordinates"":[]}"
855,2023-05-06,4.724999882280827,"{""type"":""MultiPoint"",""coordinates"":[]}"
856,2023-05-07,2.03499994892627,"{""type"":""MultiPoint"",""coordinates"":[]}"
857,2023-05-08,0.9249999858438969,"{""type"":""MultiPoint"",""coordinates"":[]}"
858,2023-05-09,0.0,"{""type"":""MultiPoint"",""coordinates"":[]}"
859,2023-05-10,0.0,"{""type"":""MultiPoint"",""coordinates"":[]}"
860,2023-05-11,0.0,"{""type"":""MultiPoint"",""coordinates"":[]}"
861,2023-05-12,0.0,"{""type"":""MultiPoint"",""coordinates"":[]}"
862,2023-05-13,0.0,"{""type"":""MultiPoint"",""coordinates"":[]}"
863,2023-05-14,0.27000000327825546,"{""type"":""MultiPoint"",""coordinates"":[]}"
864,2023-05-15,0.0,"{""type"":""MultiPoint"",""coordinates"":[]}"
865,2023-05-16,0.0,"{""type"":""MultiPoint"",""coordinates"":[]}"
866,2023-05-17,23.834999047219753,"{""type"":""MultiPoint"",""coordinates"":[]}"
867,2023-05-18,0.28999999165534973,"{""type"":""MultiPoint"",""coordinates"":[]}"
868,2023-05-19,0.0,"{""type"":""MultiPoint"",""coordinates"":[]}"
869,2023-05-20,0.0,"{""type"":""MultiPoint"",""coordinates"":[]}"
870,2023-05-21,0.0,"{""type"":""MultiPoint"",""coordinates"":[]}"
871,2023-05-22,0.0,"{""type"":""MultiPoint"",""coordinates"":[]}"
872,2023-05-23,0.39499999582767487,"{""type"":""MultiPoint"",""coordinates"":[]}"
873,2023-05-24,0.22499999310821295,"{""type"":""MultiPoint"",""coordinates"":[]}"
874,2023-05-25,1.3049999885261059,"{""type"":""MultiPoint"",""coordinates"":[]}"
875,2023-05-26,0.07499999552965164,"{""type"":""MultiPoint"",""coordinates"":[]}"
876,2023-05-27,6.3099997555837035,"{""type"":""MultiPoint"",""coordinates"":[]}"
877,2023-05-28,1.444999923929572,"{""type"":""MultiPoint"",""coordinates"":[]}"
878,2023-05-29,0.859999961219728,"{""type"":""MultiPoint"",""coordinates"":[]}"
879,2023-05-30,1.0099999941885471,"{""type"":""MultiPoint"",""coordinates"":[]}"
880,2023-05-31,1.744999960064888,"{""type"":""MultiPoint"",""coordinates"":[]}"
881,2023-06-01,2.5054999431595206,"{""type"":""MultiPoint"",""coordinates"":[]}"
882,2023-06-02,0.0,"{""type"":""MultiPoint"",""coordinates"":[]}"
883,2023-06-03,0.14499999582767487,"{""type"":""MultiPoint"",""coordinates"":[]}"
884,2023-06-04,7.194999702274799,"{""type"":""MultiPoint"",""coordinates"":[]}"
885,2023-06-05,1.114999983459711,"{""type"":""MultiPoint"",""coordinates"":[]}"
886,2023-06-06,0.0,"{""type"":""MultiPoint"",""coordinates"":[]}"
887,2023-06-07,0.0,"{""type"":""MultiPoint"",""coordinates"":[]}"
888,2023-06-08,0.0,"{""type"":""MultiPoint"",""coordinates"":[]}"
889,2023-06-09,0.0,"{""type"":""MultiPoint"",""coordinates"":[]}"
890,2023-06-10,1.2000000029802322,"{""type"":""MultiPoint"",""coordinates"":[]}"
891,2023-06-11,0.0949999950826168,"{""type"":""MultiPoint"",""coordinates"":[]}"
892,2023-06-12,0.0,"{""type"":""MultiPoint"",""coordinates"":[]}"
893,2023-06-13,0.0,"{""type"":""MultiPoint"",""coordinates"":[]}"
894,2023-06-14,9.909999869763851,"{""type"":""MultiPoint"",""coordinates"":[]}"
895,2023-06-15,0.0,"{""type"":""MultiPoint"",""coordinates"":[]}"
896,2023-06-16,2.4649999029934406,"{""type"":""MultiPoint"",""coordinates"":[]}"
897,2023-06-17,6.234999919310212,"{""type"":""MultiPoint"",""coordinates"":[]}"
898,2023-06-18,0.044999998062849045,"{""type"":""MultiPoint"",""coordinates"":[]}"
899,2023-06-19,7.754999704658985,"{""type"":""MultiPoint"",""coordinates"":[]}"
900,2023-06-20,0.0949999988079071,"{""type"":""MultiPoint"",""coordinates"":[]}"
901,2023-06-21,0.0,"{""type"":""MultiPoint"",""coordinates"":[]}"
902,2023-06-22,0.47999997809529305,"{""type"":""MultiPoint"",""coordinates"":[]}"
903,2023-06-23,1.1299999952316284,"{""type"":""MultiPoint"",""coordinates"":[]}"
904,2023-06-24,29.764999015256763,"{""type"":""MultiPoint"",""coordinates"":[]}"
905,2023-06-25,22.59999928250909,"{""type"":""MultiPoint"",""coordinates"":[]}"
906,2023-06-26,3.010000005364418,"{""type"":""MultiPoint"",""coordinates"":[]}"
907,2023-06-27,6.889999859035015,"{""type"":""MultiPoint"",""coordinates"":[]}"
908,2023-06-28,0.7449999861419201,"{""type"":""MultiPoint"",""coordinates"":[]}"
909,2023-06-29,11.24999978300184,"{""type"":""MultiPoint"",""coordinates"":[]}"
910,2023-06-30,1.4949999898672104,"{""type"":""MultiPoint"",""coordinates"":[]}"
911,2023-07-01,0.1925000101327896,"{""type"":""MultiPoint"",""coordinates"":[]}"
912,2023-07-02,0.0,"{""type"":""MultiPoint"",""coordinates"":[]}"
913,2023-07-03,0.0,"{""type"":""MultiPoint"",""coordinates"":[]}"
914,2023-07-04,3.384999917820096,"{""type"":""MultiPoint"",""coordinates"":[]}"
915,2023-07-05,8.119999792426825,"{""type"":""MultiPoint"",""coordinates"":[]}"
916,2023-07-06,31.719999491237104,"{""type"":""MultiPoint"",""coordinates"":[]}"
917,2023-07-07,14.429999753832817,"{""type"":""MultiPoint"",""coordinates"":[]}"
918,2023-07-08,29.17499977350235,"{""type"":""MultiPoint"",""coordinates"":[]}"
919,2023-07-09,55.4899979531765,"{""type"":""MultiPoint"",""coordinates"":[]}"
920,2023-07-10,6.759999819099903,"{""type"":""MultiPoint"",""coordinates"":[]}"
921,2023-07-11,6.57499981392175,"{""type"":""MultiPoint"",""coordinates"":[]}"
922,2023-07-12,0.22499999403953552,"{""type"":""MultiPoint"",""coordinates"":[]}"
923,2023-07-13,0.0,"{""type"":""MultiPoint"",""coordinates"":[]}"
924,2023-07-14,1.2449999451637268,"{""type"":""MultiPoint"",""coordinates"":[]}"
925,2023-07-15,2.6649999544024467,"{""type"":""MultiPoint"",""coordinates"":[]}"
926,2023-07-16,0.3149999901652336,"{""type"":""MultiPoint"",""coordinates"":[]}"
927,2023-07-17,15.69999957550317,"{""type"":""MultiPoint"",""coordinates"":[]}"
928,2023-07-18,18.354999765753746,"{""type"":""MultiPoint"",""coordinates"":[]}"
929,2023-07-19,0.0,"{""type"":""MultiPoint"",""coordinates"":[]}"
930,2023-07-20,0.0,"{""type"":""MultiPoint"",""coordinates"":[]}"
931,2023-07-21,1.2799999807029963,"{""type"":""MultiPoint"",""coordinates"":[]}"
932,2023-07-22,0.21000000089406967,"{""type"":""MultiPoint"",""coordinates"":[]}"
933,2023-07-23,0.0,"{""type"":""MultiPoint"",""coordinates"":[]}"
934,2023-07-24,0.0,"{""type"":""MultiPoint"",""coordinates"":[]}"
935,2023-07-25,8.329999768175185,"{""type"":""MultiPoint"",""coordinates"":[]}"
936,2023-07-26,39.744999296963215,"{""type"":""MultiPoint"",""coordinates"":[]}"
937,2023-07-27,1.4649999486282468,"{""type"":""MultiPoint"",""coordinates"":[]}"
938,2023-07-28,40.939999368041754,"{""type"":""MultiPoint"",""coordinates"":[]}"
939,2023-07-29,0.6899999976158142,"{""type"":""MultiPoint"",""coordinates"":[]}"
940,2023-07-30,0.0,"{""type"":""MultiPoint"",""coordinates"":[]}"
941,2023-07-31,0.0,"{""type"":""MultiPoint"",""coordinates"":[]}"
942,2023-08-01,0.07050000131130219,"{""type"":""MultiPoint"",""coordinates"":[]}"
943,2023-08-02,0.07999999821186066,"{""type"":""MultiPoint"",""coordinates"":[]}"
944,2023-08-03,6.91999988257885,"{""type"":""MultiPoint"",""coordinates"":[]}"
945,2023-08-04,6.684999845921993,"{""type"":""MultiPoint"",""coordinates"":[]}"
946,2023-08-05,5.714999889023602,"{""type"":""MultiPoint"",""coordinates"":[]}"
947,2023-08-06,0.18000000156462193,"{""type"":""MultiPoint"",""coordinates"":[]}"
948,2023-08-07,0.0,"{""type"":""MultiPoint"",""coordinates"":[]}"
949,2023-08-08,0.12999999523162842,"{""type"":""MultiPoint"",""coordinates"":[]}"
950,2023-08-09,0.0,"{""type"":""MultiPoint"",""coordinates"":[]}"
951,2023-08-10,9.789999760687351,"{""type"":""MultiPoint"",""coordinates"":[]}"
952,2023-08-11,0.0,"{""type"":""MultiPoint"",""coordinates"":[]}"
953,2023-08-12,0.0,"{""type"":""MultiPoint"",""coordinates"":[]}"
954,2023-08-13,0.5499999783933163,"{""type"":""MultiPoint"",""coordinates"":[]}"
955,2023-08-14,0.0,"{""type"":""MultiPoint"",""coordinates"":[]}"
956,2023-08-15,0.26999998092651367,"{""type"":""MultiPoint"",""coordinates"":[]}"
957,2023-08-16,0.0,"{""type"":""MultiPoint"",""coordinates"":[]}"
958,2023-08-17,0.004999999888241291,"{""type"":""MultiPoint"",""coordinates"":[]}"
959,2023-08-18,0.7899999506771564,"{""type"":""MultiPoint"",""coordinates"":[]}"
960,2023-08-19,3.249999925494194,"{""type"":""MultiPoint"",""coordinates"":[]}"
961,2023-08-20,0.0,"{""type"":""MultiPoint"",""coordinates"":[]}"
962,2023-08-21,0.4949999898672104,"{""type"":""MultiPoint"",""coordinates"":[]}"
963,2023-08-22,12.209999725222588,"{""type"":""MultiPoint"",""coordinates"":[]}"
964,2023-08-23,57.97999858856201,"{""type"":""MultiPoint"",""coordinates"":[]}"
965,2023-08-24,0.009999999776482582,"{""type"":""MultiPoint"",""coordinates"":[]}"
966,2023-08-25,0.0,"{""type"":""MultiPoint"",""coordinates"":[]}"
967,2023-08-26,0.0,"{""type"":""MultiPoint"",""coordinates"":[]}"
968,2023-08-27,0.0,"{""type"":""MultiPoint"",""coordinates"":[]}"
969,2023-08-28,0.0,"{""type"":""MultiPoint"",""coordinates"":[]}"
970,2023-08-29,0.0,"{""type"":""MultiPoint"",""coordinates"":[]}"
971,2023-08-30,0.0,"{""type"":""MultiPoint"",""coordinates"":[]}"
972,2023-08-31,0.0,"{""type"":""MultiPoint"",""coordinates"":[]}"
973,2023-09-01,0.0,"{""type"":""MultiPoint"",""coordinates"":[]}"
974,2023-09-02,0.0,"{""type"":""MultiPoint"",""coordinates"":[]}"
975,2023-09-03,0.0,"{""type"":""MultiPoint"",""coordinates"":[]}"
976,2023-09-04,0.0,"{""type"":""MultiPoint"",""coordinates"":[]}"
977,2023-09-05,0.0,"{""type"":""MultiPoint"",""coordinates"":[]}"
978,2023-09-06,0.39499999582767487,"{""type"":""MultiPoint"",""coordinates"":[]}"
979,2023-09-07,0.0,"{""type"":""MultiPoint"",""coordinates"":[]}"
980,2023-09-08,0.8549999743700027,"{""type"":""MultiPoint"",""coordinates"":[]}"
981,2023-09-09,32.364999391138554,"{""type"":""MultiPoint"",""coordinates"":[]}"
982,2023-09-10,8.439999783411622,"{""type"":""MultiPoint"",""coordinates"":[]}"
983,2023-09-11,0.0,"{""type"":""MultiPoint"",""coordinates"":[]}"
984,2023-09-12,0.0,"{""type"":""MultiPoint"",""coordinates"":[]}"
985,2023-09-13,0.0,"{""type"":""MultiPoint"",""coordinates"":[]}"
986,2023-09-14,0.6049999743700027,"{""type"":""MultiPoint"",""coordinates"":[]}"
987,2023-09-15,21.26999942585826,"{""type"":""MultiPoint"",""coordinates"":[]}"
988,2023-09-16,21.919999346137047,"{""type"":""MultiPoint"",""coordinates"":[]}"
989,2023-09-17,0.0,"{""type"":""MultiPoint"",""coordinates"":[]}"
990,2023-09-18,0.0,"{""type"":""MultiPoint"",""coordinates"":[]}"
991,2023-09-19,0.0,"{""type"":""MultiPoint"",""coordinates"":[]}"
992,2023-09-20,0.0,"{""type"":""MultiPoint"",""coordinates"":[]}"
993,2023-09-21,0.2549999952316284,"{""type"":""MultiPoint"",""coordinates"":[]}"
994,2023-09-22,0.0,"{""type"":""MultiPoint"",""coordinates"":[]}"
995,2023-09-23,9.739999819546938,"{""type"":""MultiPoint"",""coordinates"":[]}"
996,2023-09-24,0.0,"{""type"":""MultiPoint"",""coordinates"":[]}"
997,2023-09-25,0.0,"{""type"":""MultiPoint"",""coordinates"":[]}"
998,2023-09-26,0.0,"{""type"":""MultiPoint"",""coordinates"":[]}"
999,2023-09-27,0.0,"{""type"":""MultiPoint"",""coordinates"":[]}"
1000,2023-09-28,0.0,"{""type"":""MultiPoint"",""coordinates"":[]}"
1001,2023-09-29,0.0,"{""type"":""MultiPoint"",""coordinates"":[]}"
1002,2023-09-30,0.0,"{""type"":""MultiPoint"",""coordinates"":[]}"
1003,2023-10-01,0.0,"{""type"":""MultiPoint"",""coordinates"":[]}"
1004,2023-10-02,0.0,"{""type"":""MultiPoint"",""coordinates"":[]}"
1005,2023-10-03,0.0,"{""type"":""MultiPoint"",""coordinates"":[]}"
1006,2023-10-04,0.0,"{""type"":""MultiPoint"",""coordinates"":[]}"
1007,2023-10-05,0.0,"{""type"":""MultiPoint"",""coordinates"":[]}"
1008,2023-10-06,0.0,"{""type"":""MultiPoint"",""coordinates"":[]}"
1009,2023-10-07,0.0,"{""type"":""MultiPoint"",""coordinates"":[]}"
1010,2023-10-08,0.0,"{""type"":""MultiPoint"",""coordinates"":[]}"
1011,2023-10-09,0.0,"{""type"":""MultiPoint"",""coordinates"":[]}"
1012,2023-10-10,0.0,"{""type"":""MultiPoint"",""coordinates"":[]}"
1013,2023-10-11,0.0,"{""type"":""MultiPoint"",""coordinates"":[]}"
1014,2023-10-12,0.0,"{""type"":""MultiPoint"",""coordinates"":[]}"
1015,2023-10-13,0.0,"{""type"":""MultiPoint"",""coordinates"":[]}"
1016,2023-10-14,0.0,"{""type"":""MultiPoint"",""coordinates"":[]}"
1017,2023-10-15,0.0,"{""type"":""MultiPoint"",""coordinates"":[]}"
1018,2023-10-16,7.660000056028366,"{""type"":""MultiPoint"",""coordinates"":[]}"
1019,2023-10-17,0.9449999779462814,"{""type"":""MultiPoint"",""coordinates"":[]}"
1020,2023-10-18,0.0,"{""type"":""MultiPoint"",""coordinates"":[]}"
1021,2023-10-19,0.0,"{""type"":""MultiPoint"",""coordinates"":[]}"
1022,2023-10-20,0.0,"{""type"":""MultiPoint"",""coordinates"":[]}"
1023,2023-10-21,0.0,"{""type"":""MultiPoint"",""coordinates"":[]}"
1024,2023-10-22,0.0,"{""type"":""MultiPoint"",""coordinates"":[]}"
1025,2023-10-23,0.0,"{""type"":""MultiPoint"",""coordinates"":[]}"
1026,2023-10-24,0.0,"{""type"":""MultiPoint"",""coordinates"":[]}"
1027,2023-10-25,0.0,"{""type"":""MultiPoint"",""coordinates"":[]}"
1028,2023-10-26,0.0,"{""type"":""MultiPoint"",""coordinates"":[]}"
1029,2023-10-27,0.0,"{""type"":""MultiPoint"",""coordinates"":[]}"
1030,2023-10-28,0.0,"{""type"":""MultiPoint"",""coordinates"":[]}"
1031,2023-10-29,0.0,"{""type"":""MultiPoint"",""coordinates"":[]}"
1032,2023-10-30,0.0,"{""type"":""MultiPoint"",""coordinates"":[]}"
1033,2023-10-31,0.0,"{""type"":""MultiPoint"",""coordinates"":[]}"
1034,2023-11-01,0.0,"{""type"":""MultiPoint"",""coordinates"":[]}"
1035,2023-11-02,0.0,"{""type"":""MultiPoint"",""coordinates"":[]}"
1036,2023-11-03,0.0,"{""type"":""MultiPoint"",""coordinates"":[]}"
1037,2023-11-04,0.0,"{""type"":""MultiPoint"",""coordinates"":[]}"
1038,2023-11-05,0.0,"{""type"":""MultiPoint"",""coordinates"":[]}"
1039,2023-11-06,0.0,"{""type"":""MultiPoint"",""coordinates"":[]}"
1040,2023-11-07,0.0,"{""type"":""MultiPoint"",""coordinates"":[]}"
1041,2023-11-08,0.0,"{""type"":""MultiPoint"",""coordinates"":[]}"
1042,2023-11-09,2.4949999134987593,"{""type"":""MultiPoint"",""coordinates"":[]}"
1043,2023-11-10,3.2749998848885298,"{""type"":""MultiPoint"",""coordinates"":[]}"
1044,2023-11-11,0.0,"{""type"":""MultiPoint"",""coordinates"":[]}"
1045,2023-11-12,0.0,"{""type"":""MultiPoint"",""coordinates"":[]}"
1046,2023-11-13,0.0,"{""type"":""MultiPoint"",""coordinates"":[]}"
1047,2023-11-14,0.0,"{""type"":""MultiPoint"",""coordinates"":[]}"
1048,2023-11-15,0.0,"{""type"":""MultiPoint"",""coordinates"":[]}"
1049,2023-11-16,0.0,"{""type"":""MultiPoint"",""coordinates"":[]}"
1050,2023-11-17,0.0,"{""type"":""MultiPoint"",""coordinates"":[]}"
1051,2023-11-18,0.0,"{""type"":""MultiPoint"",""coordinates"":[]}"
1052,2023-11-19,0.0,"{""type"":""MultiPoint"",""coordinates"":[]}"
1053,2023-11-20,0.0,"{""type"":""MultiPoint"",""coordinates"":[]}"
1054,2023-11-21,0.0,"{""type"":""MultiPoint"",""coordinates"":[]}"
1055,2023-11-22,0.0,"{""type"":""MultiPoint"",""coordinates"":[]}"
1056,2023-11-23,0.0,"{""type"":""MultiPoint"",""coordinates"":[]}"
1057,2023-11-24,0.0,"{""type"":""MultiPoint"",""coordinates"":[]}"
1058,2023-11-25,0.0,"{""type"":""MultiPoint"",""coordinates"":[]}"
1059,2023-11-26,0.38499999046325684,"{""type"":""MultiPoint"",""coordinates"":[]}"
1060,2023-11-27,1.4899999788030982,"{""type"":""MultiPoint"",""coordinates"":[]}"
1061,2023-11-28,0.2849999899044633,"{""type"":""MultiPoint"",""coordinates"":[]}"
1062,2023-11-29,0.0,"{""type"":""MultiPoint"",""coordinates"":[]}"
1063,2023-11-30,0.0,"{""type"":""MultiPoint"",""coordinates"":[]}"
1064,2023-12-01,0.0,"{""type"":""MultiPoint"",""coordinates"":[]}"
1065,2023-12-02,0.0,"{""type"":""MultiPoint"",""coordinates"":[]}"
1066,2023-12-03,0.6049999818205833,"{""type"":""MultiPoint"",""coordinates"":[]}"
1067,2023-12-04,0.0,"{""type"":""MultiPoint"",""coordinates"":[]}"
1068,2023-12-05,0.0,"{""type"":""MultiPoint"",""coordinates"":[]}"
1069,2023-12-06,0.0,"{""type"":""MultiPoint"",""coordinates"":[]}"
1070,2023-12-07,0.0,"{""type"":""MultiPoint"",""coordinates"":[]}"
1071,2023-12-08,0.0,"{""type"":""MultiPoint"",""coordinates"":[]}"
1072,2023-12-09,0.0,"{""type"":""MultiPoint"",""coordinates"":[]}"
1073,2023-12-10,0.0,"{""type"":""MultiPoint"",""coordinates"":[]}"
1074,2023-12-11,0.0,"{""type"":""MultiPoint"",""coordinates"":[]}"
1075,2023-12-12,0.0,"{""type"":""MultiPoint"",""coordinates"":[]}"
1076,2023-12-13,0.0,"{""type"":""MultiPoint"",""coordinates"":[]}"
1077,2023-12-14,0.0,"{""type"":""MultiPoint"",""coordinates"":[]}"
1078,2023-12-15,0.0,"{""type"":""MultiPoint"",""coordinates"":[]}"
1079,2023-12-16,0.0,"{""type"":""MultiPoint"",""coordinates"":[]}"
1080,2023-12-17,0.0,"{""type"":""MultiPoint"",""coordinates"":[]}"
1081,2023-12-18,0.0,"{""type"":""MultiPoint"",""coordinates"":[]}"
1082,2023-12-19,0.0,"{""type"":""MultiPoint"",""coordinates"":[]}"
1083,2023-12-20,0.0,"{""type"":""MultiPoint"",""coordinates"":[]}"
1084,2023-12-21,0.0,"{""type"":""MultiPoint"",""coordinates"":[]}"
1085,2023-12-22,0.0,"{""type"":""MultiPoint"",""coordinates"":[]}"
1086,2023-12-23,0.0,"{""type"":""MultiPoint"",""coordinates"":[]}"
1087,2023-12-24,0.0,"{""type"":""MultiPoint"",""coordinates"":[]}"
1088,2023-12-25,0.0,"{""type"":""MultiPoint"",""coordinates"":[]}"
1089,2023-12-26,0.0,"{""type"":""MultiPoint"",""coordinates"":[]}"
1090,2023-12-27,0.0,"{""type"":""MultiPoint"",""coordinates"":[]}"
1091,2023-12-28,0.0,"{""type"":""MultiPoint"",""coordinates"":[]}"
1092,2023-12-29,0.0,"{""type"":""MultiPoint"",""coordinates"":[]}"
1093,2023-12-30,0.13499999791383743,"{""type"":""MultiPoint"",""coordinates"":[]}"
1094,2023-12-31,0.0,"{""type"":""MultiPoint"",""coordinates"":[]}"
1095,2024-01-01,0.0,"{""type"":""MultiPoint"",""coordinates"":[]}"
1096,2024-01-02,0.0,"{""type"":""MultiPoint"",""coordinates"":[]}"
1097,2024-01-03,0.0,"{""type"":""MultiPoint"",""coordinates"":[]}"
1098,2024-01-04,0.0,"{""type"":""MultiPoint"",""coordinates"":[]}"
1099,2024-01-05,0.0,"{""type"":""MultiPoint"",""coordinates"":[]}"
1100,2024-01-06,0.0,"{""type"":""MultiPoint"",""coordinates"":[]}"
1101,2024-01-07,0.0,"{""type"":""MultiPoint"",""coordinates"":[]}"
1102,2024-01-08,0.0,"{""type"":""MultiPoint"",""coordinates"":[]}"
1103,2024-01-09,0.0,"{""type"":""MultiPoint"",""coordinates"":[]}"
1104,2024-01-10,0.0,"{""type"":""MultiPoint"",""coordinates"":[]}"
1105,2024-01-11,0.0,"{""type"":""MultiPoint"",""coordinates"":[]}"
1106,2024-01-12,0.0,"{""type"":""MultiPoint"",""coordinates"":[]}"
1107,2024-01-13,0.0,"{""type"":""MultiPoint"",""coordinates"":[]}"
1108,2024-01-14,0.0,"{""type"":""MultiPoint"",""coordinates"":[]}"
1109,2024-01-15,0.0,"{""type"":""MultiPoint"",""coordinates"":[]}"
1110,2024-01-16,0.0,"{""type"":""MultiPoint"",""coordinates"":[]}"
1111,2024-01-17,0.0,"{""type"":""MultiPoint"",""coordinates"":[]}"
1112,2024-01-18,0.0,"{""type"":""MultiPoint"",""coordinates"":[]}"
1113,2024-01-19,0.0,"{""type"":""MultiPoint"",""coordinates"":[]}"
1114,2024-01-20,0.0,"{""type"":""MultiPoint"",""coordinates"":[]}"
1115,2024-01-21,0.0,"{""type"":""MultiPoint"",""coordinates"":[]}"
1116,2024-01-22,0.0,"{""type"":""MultiPoint"",""coordinates"":[]}"
1117,2024-01-23,0.0,"{""type"":""MultiPoint"",""coordinates"":[]}"
1118,2024-01-24,0.0,"{""type"":""MultiPoint"",""coordinates"":[]}"
1119,2024-01-25,0.6499999761581421,"{""type"":""MultiPoint"",""coordinates"":[]}"
1120,2024-01-26,0.0,"{""type"":""MultiPoint"",""coordinates"":[]}"
1121,2024-01-27,0.0,"{""type"":""MultiPoint"",""coordinates"":[]}"
1122,2024-01-28,2.47499992325902,"{""type"":""MultiPoint"",""coordinates"":[]}"
1123,2024-01-29,0.0,"{""type"":""MultiPoint"",""coordinates"":[]}"
1124,2024-01-30,0.0,"{""type"":""MultiPoint"",""coordinates"":[]}"
1125,2024-01-31,17.294999613426626,"{""type"":""MultiPoint"",""coordinates"":[]}"
1126,2024-02-01,1.6799999177455902,"{""type"":""MultiPoint"",""coordinates"":[]}"
1127,2024-02-02,0.0,"{""type"":""MultiPoint"",""coordinates"":[]}"
1128,2024-02-03,1.6449999613687396,"{""type"":""MultiPoint"",""coordinates"":[]}"
1129,2024-02-04,0.03500000014901161,"{""type"":""MultiPoint"",""coordinates"":[]}"
1130,2024-02-05,0.0,"{""type"":""MultiPoint"",""coordinates"":[]}"
1131,2024-02-06,0.029999999329447746,"{""type"":""MultiPoint"",""coordinates"":[]}"
1132,2024-02-07,0.07999999821186066,"{""type"":""MultiPoint"",""coordinates"":[]}"
1133,2024-02-08,0.0,"{""type"":""MultiPoint"",""coordinates"":[]}"
1134,2024-02-09,0.0,"{""type"":""MultiPoint"",""coordinates"":[]}"
1135,2024-02-10,0.0,"{""type"":""MultiPoint"",""coordinates"":[]}"
1136,2024-02-11,0.0,"{""type"":""MultiPoint"",""coordinates"":[]}"
1137,2024-02-12,0.07999999821186066,"{""type"":""MultiPoint"",""coordinates"":[]}"
1138,2024-02-13,0.25999999791383743,"{""type"":""MultiPoint"",""coordinates"":[]}"
1139,2024-02-14,0.0,"{""type"":""MultiPoint"",""coordinates"":[]}"
1140,2024-02-15,0.0,"{""type"":""MultiPoint"",""coordinates"":[]}"
1141,2024-02-16,0.0,"{""type"":""MultiPoint"",""coordinates"":[]}"
1142,2024-02-17,0.0,"{""type"":""MultiPoint"",""coordinates"":[]}"
1143,2024-02-18,0.34000000078231096,"{""type"":""MultiPoint"",""coordinates"":[]}"
1144,2024-02-19,4.6049998961389065,"{""type"":""MultiPoint"",""coordinates"":[]}"
1145,2024-02-20,0.0,"{""type"":""MultiPoint"",""coordinates"":[]}"
1146,2024-02-21,0.0,"{""type"":""MultiPoint"",""coordinates"":[]}"
1147,2024-02-22,0.0,"{""type"":""MultiPoint"",""coordinates"":[]}"
1148,2024-02-23,0.0,"{""type"":""MultiPoint"",""coordinates"":[]}"
1149,2024-02-24,0.0,"{""type"":""MultiPoint"",""coordinates"":[]}"
1150,2024-02-25,0.10499999672174454,"{""type"":""MultiPoint"",""coordinates"":[]}"
1151,2024-02-26,0.7499999711290002,"{""type"":""MultiPoint"",""coordinates"":[]}"
1152,2024-02-27,3.5649998858571053,"{""type"":""MultiPoint"",""coordinates"":[]}"
1153,2024-02-28,0.0,"{""type"":""MultiPoint"",""coordinates"":[]}"
1154,2024-02-29,0.0,"{""type"":""MultiPoint"",""coordinates"":[]}"
1155,2024-03-01,3.1149998931214213,"{""type"":""MultiPoint"",""coordinates"":[]}"
1156,2024-03-02,2.439999997615814,"{""type"":""MultiPoint"",""coordinates"":[]}"
1157,2024-03-03,8.524999871850014,"{""type"":""MultiPoint"",""coordinates"":[]}"
1158,2024-03-04,0.0,"{""type"":""MultiPoint"",""coordinates"":[]}"
1159,2024-03-05,0.004999999888241291,"{""type"":""MultiPoint"",""coordinates"":[]}"
1160,2024-03-06,0.014999999664723873,"{""type"":""MultiPoint"",""coordinates"":[]}"
1161,2024-03-07,0.0,"{""type"":""MultiPoint"",""coordinates"":[]}"
1162,2024-03-08,0.0,"{""type"":""MultiPoint"",""coordinates"":[]}"
1163,2024-03-09,0.0,"{""type"":""MultiPoint"",""coordinates"":[]}"
1164,2024-03-10,0.0,"{""type"":""MultiPoint"",""coordinates"":[]}"
1165,2024-03-11,0.0,"{""type"":""MultiPoint"",""coordinates"":[]}"
1166,2024-03-12,0.0,"{""type"":""MultiPoint"",""coordinates"":[]}"
1167,2024-03-13,0.07499999739229679,"{""type"":""MultiPoint"",""coordinates"":[]}"
1168,2024-03-14,0.0,"{""type"":""MultiPoint"",""coordinates"":[]}"
1169,2024-03-15,0.0,"{""type"":""MultiPoint"",""coordinates"":[]}"
1170,2024-03-16,0.0,"{""type"":""MultiPoint"",""coordinates"":[]}"
1171,2024-03-17,0.07000000029802322,"{""type"":""MultiPoint"",""coordinates"":[]}"
1172,2024-03-18,0.0,"{""type"":""MultiPoint"",""coordinates"":[]}"
1173,2024-03-19,0.0,"{""type"":""MultiPoint"",""coordinates"":[]}"
1174,2024-03-20,0.0,"{""type"":""MultiPoint"",""coordinates"":[]}"
1175,2024-03-21,0.0,"{""type"":""MultiPoint"",""coordinates"":[]}"
1176,2024-03-22,0.0,"{""type"":""MultiPoint"",""coordinates"":[]}"
1177,2024-03-23,0.0,"{""type"":""MultiPoint"",""coordinates"":[]}"
1178,2024-03-24,1.8149999752640724,"{""type"":""MultiPoint"",""coordinates"":[]}"
1179,2024-03-25,0.0,"{""type"":""MultiPoint"",""coordinates"":[]}"
1180,2024-03-26,0.0,"{""type"":""MultiPoint"",""coordinates"":[]}"
1181,2024-03-27,1.0949999392032623,"{""type"":""MultiPoint"",""coordinates"":[]}"
1182,2024-03-28,0.08499999810010195,"{""type"":""MultiPoint"",""coordinates"":[]}"
1183,2024-03-29,3.4649999449029565,"{""type"":""MultiPoint"",""coordinates"":[]}"
1184,2024-03-30,0.0,"{""type"":""MultiPoint"",""coordinates"":[]}"
1185,2024-03-31,0.0,"{""type"":""MultiPoint"",""coordinates"":[]}"
1186,2024-04-01,0.0,"{""type"":""MultiPoint"",""coordinates"":[]}"
1187,2024-04-02,0.0,"{""type"":""MultiPoint"",""coordinates"":[]}"
1188,2024-04-03,0.0,"{""type"":""MultiPoint"",""coordinates"":[]}"
1189,2024-04-04,0.0,"{""type"":""MultiPoint"",""coordinates"":[]}"
1190,2024-04-05,0.04999999701976776,"{""type"":""MultiPoint"",""coordinates"":[]}"
1191,2024-04-06,0.0,"{""type"":""MultiPoint"",""coordinates"":[]}"
1192,2024-04-07,0.0,"{""type"":""MultiPoint"",""coordinates"":[]}"
1193,2024-04-08,0.0,"{""type"":""MultiPoint"",""coordinates"":[]}"
1194,2024-04-09,0.0,"{""type"":""MultiPoint"",""coordinates"":[]}"
1195,2024-04-10,0.0,"{""type"":""MultiPoint"",""coordinates"":[]}"
1196,2024-04-11,0.0,"{""type"":""MultiPoint"",""coordinates"":[]}"
1197,2024-04-12,0.0,"{""type"":""MultiPoint"",""coordinates"":[]}"
1198,2024-04-13,0.7399999648332596,"{""type"":""MultiPoint"",""coordinates"":[]}"
1199,2024-04-14,1.4399999678134918,"{""type"":""MultiPoint"",""coordinates"":[]}"
1200,2024-04-15,0.19499999191612005,"{""type"":""MultiPoint"",""coordinates"":[]}"
1201,2024-04-16,0.0,"{""type"":""MultiPoint"",""coordinates"":[]}"
1202,2024-04-17,1.6999999284744263,"{""type"":""MultiPoint"",""coordinates"":[]}"
1203,2024-04-18,0.24500000104308128,"{""type"":""MultiPoint"",""coordinates"":[]}"
1204,2024-04-19,0.0,"{""type"":""MultiPoint"",""coordinates"":[]}"
1205,2024-04-20,0.0,"{""type"":""MultiPoint"",""coordinates"":[]}"
1206,2024-04-21,0.17499999329447746,"{""type"":""MultiPoint"",""coordinates"":[]}"
1207,2024-04-22,0.534999992698431,"{""type"":""MultiPoint"",""coordinates"":[]}"
1208,2024-04-23,0.3799999952316284,"{""type"":""MultiPoint"",""coordinates"":[]}"
1209,2024-04-24,0.0,"{""type"":""MultiPoint"",""coordinates"":[]}"
1210,2024-04-25,0.0,"{""type"":""MultiPoint"",""coordinates"":[]}"
1211,2024-04-26,0.19499999657273293,"{""type"":""MultiPoint"",""coordinates"":[]}"
1212,2024-04-27,0.0,"{""type"":""MultiPoint"",""coordinates"":[]}"
1213,2024-04-28,0.0,"{""type"":""MultiPoint"",""coordinates"":[]}"
1214,2024-04-29,0.0,"{""type"":""MultiPoint"",""coordinates"":[]}"
1215,2024-04-30,0.0,"{""type"":""MultiPoint"",""coordinates"":[]}"
1216,2024-05-01,0.0,"{""type"":""MultiPoint"",""coordinates"":[]}"
1217,2024-05-02,0.0,"{""type"":""MultiPoint"",""coordinates"":[]}"
1218,2024-05-03,0.7599999820813537,"{""type"":""MultiPoint"",""coordinates"":[]}"
1219,2024-05-04,0.23499998915940523,"{""type"":""MultiPoint"",""coordinates"":[]}"
1220,2024-05-05,0.0,"{""type"":""MultiPoint"",""coordinates"":[]}"
1221,2024-05-06,0.0,"{""type"":""MultiPoint"",""coordinates"":[]}"
1222,2024-05-07,0.0,"{""type"":""MultiPoint"",""coordinates"":[]}"
1223,2024-05-08,0.0,"{""type"":""MultiPoint"",""coordinates"":[]}"
1224,2024-05-09,0.0,"{""type"":""MultiPoint"",""coordinates"":[]}"
1225,2024-05-10,0.9599999776110053,"{""type"":""MultiPoint"",""coordinates"":[]}"
1226,2024-05-11,0.12499999813735485,"{""type"":""MultiPoint"",""coordinates"":[]}"
1227,2024-05-12,0.004999999888241291,"{""type"":""MultiPoint"",""coordinates"":[]}"
1228,2024-05-13,0.2849999936297536,"{""type"":""MultiPoint"",""coordinates"":[]}"
1229,2024-05-14,0.0,"{""type"":""MultiPoint"",""coordinates"":[]}"
1230,2024-05-15,0.0,"{""type"":""MultiPoint"",""coordinates"":[]}"
1231,2024-05-16,0.0,"{""type"":""MultiPoint"",""coordinates"":[]}"
1232,2024-05-17,0.0,"{""type"":""MultiPoint"",""coordinates"":[]}"
1233,2024-05-18,0.0,"{""type"":""MultiPoint"",""coordinates"":[]}"
1234,2024-05-19,0.0,"{""type"":""MultiPoint"",""coordinates"":[]}"
1235,2024-05-20,0.0,"{""type"":""MultiPoint"",""coordinates"":[]}"
1236,2024-05-21,0.0,"{""type"":""MultiPoint"",""coordinates"":[]}"
1237,2024-05-22,0.0,"{""type"":""MultiPoint"",""coordinates"":[]}"
1238,2024-05-23,0.0,"{""type"":""MultiPoint"",""coordinates"":[]}"
1239,2024-05-24,0.0,"{""type"":""MultiPoint"",""coordinates"":[]}"
1240,2024-05-25,0.0,"{""type"":""MultiPoint"",""coordinates"":[]}"
1241,2024-05-26,0.0,"{""type"":""MultiPoint"",""coordinates"":[]}"
1242,2024-05-27,0.0,"{""type"":""MultiPoint"",""coordinates"":[]}"
1243,2024-05-28,0.0,"{""type"":""MultiPoint"",""coordinates"":[]}"
1244,2024-05-29,0.8849999643862247,"{""type"":""MultiPoint"",""coordinates"":[]}"
1245,2024-05-30,0.0,"{""type"":""MultiPoint"",""coordinates"":[]}"
1246,2024-05-31,0.0,"{""type"":""MultiPoint"",""coordinates"":[]}"
1247,2024-06-01,1.2549999691545963,"{""type"":""MultiPoint"",""coordinates"":[]}"
1248,2024-06-02,0.0,"{""type"":""MultiPoint"",""coordinates"":[]}"
1249,2024-06-03,0.23999999463558197,"{""type"":""MultiPoint"",""coordinates"":[]}"
1250,2024-06-04,0.04999999701976776,"{""type"":""MultiPoint"",""coordinates"":[]}"
1251,2024-06-05,14.319999739527702,"{""type"":""MultiPoint"",""coordinates"":[]}"
1252,2024-06-06,0.0,"{""type"":""MultiPoint"",""coordinates"":[]}"
1253,2024-06-07,0.0,"{""type"":""MultiPoint"",""coordinates"":[]}"
1254,2024-06-08,0.0,"{""type"":""MultiPoint"",""coordinates"":[]}"
1255,2024-06-09,0.0,"{""type"":""MultiPoint"",""coordinates"":[]}"
1256,2024-06-10,0.0,"{""type"":""MultiPoint"",""coordinates"":[]}"
1257,2024-06-11,0.0,"{""type"":""MultiPoint"",""coordinates"":[]}"
1258,2024-06-12,0.0,"{""type"":""MultiPoint"",""coordinates"":[]}"
1259,2024-06-13,0.0,"{""type"":""MultiPoint"",""coordinates"":[]}"
1260,2024-06-14,0.0,"{""type"":""MultiPoint"",""coordinates"":[]}"
1261,2024-06-15,0.0,"{""type"":""MultiPoint"",""coordinates"":[]}"
1262,2024-06-16,0.0,"{""type"":""MultiPoint"",""coordinates"":[]}"
1263,2024-06-17,0.0,"{""type"":""MultiPoint"",""coordinates"":[]}"
1264,2024-06-18,0.0,"{""type"":""MultiPoint"",""coordinates"":[]}"
1265,2024-06-19,0.0,"{""type"":""MultiPoint"",""coordinates"":[]}"
1266,2024-06-20,0.38999998569488525,"{""type"":""MultiPoint"",""coordinates"":[]}"
1267,2024-06-21,3.3449999019503593,"{""type"":""MultiPoint"",""coordinates"":[]}"
1268,2024-06-22,0.0,"{""type"":""MultiPoint"",""coordinates"":[]}"
1269,2024-06-23,1.0949999764561653,"{""type"":""MultiPoint"",""coordinates"":[]}"
1270,2024-06-24,1.469999972730875,"{""type"":""MultiPoint"",""coordinates"":[]}"
1271,2024-06-25,0.07999999821186066,"{""type"":""MultiPoint"",""coordinates"":[]}"
1272,2024-06-26,0.9449999555945396,"{""type"":""MultiPoint"",""coordinates"":[]}"
1273,2024-06-27,10.419999837875366,"{""type"":""MultiPoint"",""coordinates"":[]}"
1274,2024-06-28,3.9599999273195863,"{""type"":""MultiPoint"",""coordinates"":[]}"
1275,2024-06-29,9.35999969765544,"{""type"":""MultiPoint"",""coordinates"":[]}"
1276,2024-06-30,0.07000000029802322,"{""type"":""MultiPoint"",""coordinates"":[]}"
1277,2024-07-01,0.0,"{""type"":""MultiPoint"",""coordinates"":[]}"
1278,2024-07-02,2.644999859854579,"{""type"":""MultiPoint"",""coordinates"":[]}"
1279,2024-07-03,17.979999551549554,"{""type"":""MultiPoint"",""coordinates"":[]}"
1280,2024-07-04,7.7399998642504215,"{""type"":""MultiPoint"",""coordinates"":[]}"
1281,2024-07-05,2.199999898672104,"{""type"":""MultiPoint"",""coordinates"":[]}"
1282,2024-07-06,0.7849999815225601,"{""type"":""MultiPoint"",""coordinates"":[]}"
1283,2024-07-07,0.0,"{""type"":""MultiPoint"",""coordinates"":[]}"
1284,2024-07-08,0.0,"{""type"":""MultiPoint"",""coordinates"":[]}"
1285,2024-07-09,8.939999856054783,"{""type"":""MultiPoint"",""coordinates"":[]}"
1286,2024-07-10,30.779999136924744,"{""type"":""MultiPoint"",""coordinates"":[]}"
1287,2024-07-11,0.0,"{""type"":""MultiPoint"",""coordinates"":[]}"
1288,2024-07-12,1.7599999755620956,"{""type"":""MultiPoint"",""coordinates"":[]}"
1289,2024-07-13,12.924999747425318,"{""type"":""MultiPoint"",""coordinates"":[]}"
1290,2024-07-14,0.0,"{""type"":""MultiPoint"",""coordinates"":[]}"
1291,2024-07-15,8.554999873042107,"{""type"":""MultiPoint"",""coordinates"":[]}"
1292,2024-07-16,0.0,"{""type"":""MultiPoint"",""coordinates"":[]}"
1293,2024-07-17,1.6749999336898327,"{""type"":""MultiPoint"",""coordinates"":[]}"
1294,2024-07-18,5.6299999207258224,"{""type"":""MultiPoint"",""coordinates"":[]}"
1295,2024-07-19,0.4350000023841858,"{""type"":""MultiPoint"",""coordinates"":[]}"
1296,2024-07-20,0.0,"{""type"":""MultiPoint"",""coordinates"":[]}"
1297,2024-07-21,0.0,"{""type"":""MultiPoint"",""coordinates"":[]}"
1298,2024-07-22,18.784999907016754,"{""type"":""MultiPoint"",""coordinates"":[]}"
1299,2024-07-23,1.8199999183416367,"{""type"":""MultiPoint"",""coordinates"":[]}"
1300,2024-07-24,12.77999959886074,"{""type"":""MultiPoint"",""coordinates"":[]}"
1301,2024-07-25,3.6749999802559614,"{""type"":""MultiPoint"",""coordinates"":[]}"
1302,2024-07-26,4.19499983638525,"{""type"":""MultiPoint"",""coordinates"":[]}"
1303,2024-07-27,0.9499999731779099,"{""type"":""MultiPoint"",""coordinates"":[]}"
1304,2024-07-28,0.9049999713897705,"{""type"":""MultiPoint"",""coordinates"":[]}"
1305,2024-07-29,0.0,"{""type"":""MultiPoint"",""coordinates"":[]}"
1306,2024-07-30,0.0,"{""type"":""MultiPoint"",""coordinates"":[]}"
1307,2024-07-31,60.17499809432775,"{""type"":""MultiPoint"",""coordinates"":[]}"
1308,2024-08-01,0.14499999582767487,"{""type"":""MultiPoint"",""coordinates"":[]}"
1309,2024-08-02,1.954999953508377,"{""type"":""MultiPoint"",""coordinates"":[]}"
1310,2024-08-03,0.0,"{""type"":""MultiPoint"",""coordinates"":[]}"
1311,2024-08-04,5.82999986410141,"{""type"":""MultiPoint"",""coordinates"":[]}"
1312,2024-08-05,0.0,"{""type"":""MultiPoint"",""coordinates"":[]}"
1313,2024-08-06,0.8199999630451202,"{""type"":""MultiPoint"",""coordinates"":[]}"
1314,2024-08-07,8.339999683201313,"{""type"":""MultiPoint"",""coordinates"":[]}"
1315,2024-08-08,1.9149999618530273,"{""type"":""MultiPoint"",""coordinates"":[]}"
1316,2024-08-09,3.20999988168478,"{""type"":""MultiPoint"",""coordinates"":[]}"
1317,2024-08-10,26.944999396800995,"{""type"":""MultiPoint"",""coordinates"":[]}"
1318,2024-08-11,6.459999833256006,"{""type"":""MultiPoint"",""coordinates"":[]}"
1319,2024-08-12,7.054999768733978,"{""type"":""MultiPoint"",""coordinates"":[]}"
1320,2024-08-13,0.0,"{""type"":""MultiPoint"",""coordinates"":[]}"
1321,2024-08-14,0.16499999165534973,"{""type"":""MultiPoint"",""coordinates"":[]}"
1322,2024-08-15,0.0,"{""type"":""MultiPoint"",""coordinates"":[]}"
1323,2024-08-16,0.3199999928474426,"{""type"":""MultiPoint"",""coordinates"":[]}"
1324,2024-08-17,3.6799998991191387,"{""type"":""MultiPoint"",""coordinates"":[]}"
1325,2024-08-18,2.7449999302625656,"{""type"":""MultiPoint"",""coordinates"":[]}"
1326,2024-08-19,7.689999895170331,"{""type"":""MultiPoint"",""coordinates"":[]}"
1327,2024-08-20,26.13499953597784,"{""type"":""MultiPoint"",""coordinates"":[]}"
1328,2024-08-21,0.0,"{""type"":""MultiPoint"",""coordinates"":[]}"
1329,2024-08-22,3.4249998703598976,"{""type"":""MultiPoint"",""coordinates"":[]}"
1330,2024-08-23,10.919999681413174,"{""type"":""MultiPoint"",""coordinates"":[]}"
1331,2024-08-24,13.859999561682343,"{""type"":""MultiPoint"",""coordinates"":[]}"
1332,2024-08-25,0.0,"{""type"":""MultiPoint"",""coordinates"":[]}"
1333,2024-08-26,8.464999784715474,"{""type"":""MultiPoint"",""coordinates"":[]}"
1334,2024-08-27,1.209999993443489,"{""type"":""MultiPoint"",""coordinates"":[]}"
1335,2024-08-28,14.379999801516533,"{""type"":""MultiPoint"",""coordinates"":[]}"
1336,2024-08-29,13.33499963581562,"{""type"":""MultiPoint"",""coordinates"":[]}"
1337,2024-08-30,0.0,"{""type"":""MultiPoint"",""coordinates"":[]}"
1338,2024-08-31,0.0,"{""type"":""MultiPoint"",""coordinates"":[]}"
1339,2024-09-01,0.0,"{""type"":""MultiPoint"",""coordinates"":[]}"
1340,2024-09-02,0.5849999710917473,"{""type"":""MultiPoint"",""coordinates"":[]}"
1341,2024-09-03,24.75499912723899,"{""type"":""MultiPoint"",""coordinates"":[]}"
1342,2024-09-04,13.514999717473984,"{""type"":""MultiPoint"",""coordinates"":[]}"
1343,2024-09-05,0.7699999883770943,"{""type"":""MultiPoint"",""coordinates"":[]}"
1344,2024-09-06,12.634999689646065,"{""type"":""MultiPoint"",""coordinates"":[]}"
1345,2024-09-07,13.384999699890614,"{""type"":""MultiPoint"",""coordinates"":[]}"
1346,2024-09-08,3.9999998211860657,"{""type"":""MultiPoint"",""coordinates"":[]}"
1347,2024-09-09,15.97999977786094,"{""type"":""MultiPoint"",""coordinates"":[]}"
1348,2024-09-10,7.539999827742577,"{""type"":""MultiPoint"",""coordinates"":[]}"
1349,2024-09-11,36.434999303892255,"{""type"":""MultiPoint"",""coordinates"":[]}"
1350,2024-09-12,32.384999501518905,"{""type"":""MultiPoint"",""coordinates"":[]}"
1351,2024-09-13,8.469999819993973,"{""type"":""MultiPoint"",""coordinates"":[]}"
1352,2024-09-14,0.3050000071525574,"{""type"":""MultiPoint"",""coordinates"":[]}"
1353,2024-09-15,0.0,"{""type"":""MultiPoint"",""coordinates"":[]}"
1354,2024-09-16,0.0,"{""type"":""MultiPoint"",""coordinates"":[]}"
1355,2024-09-17,1.8749999552965164,"{""type"":""MultiPoint"",""coordinates"":[]}"
1356,2024-09-18,32.36999936401844,"{""type"":""MultiPoint"",""coordinates"":[]}"
1357,2024-09-19,0.0,"{""type"":""MultiPoint"",""coordinates"":[]}"
1358,2024-09-20,0.0,"{""type"":""MultiPoint"",""coordinates"":[]}"
1359,2024-09-21,0.0,"{""type"":""MultiPoint"",""coordinates"":[]}"
1360,2024-09-22,0.0,"{""type"":""MultiPoint"",""coordinates"":[]}"
1361,2024-09-23,0.0,"{""type"":""MultiPoint"",""coordinates"":[]}"
1362,2024-09-24,0.0,"{""type"":""MultiPoint"",""coordinates"":[]}"
1363,2024-09-25,1.1399999679997563,"{""type"":""MultiPoint"",""coordinates"":[]}"
1364,2024-09-26,0.0,"{""type"":""MultiPoint"",""coordinates"":[]}"
1365,2024-09-27,0.0,"{""type"":""MultiPoint"",""coordinates"":[]}"
1366,2024-09-28,0.0,"{""type"":""MultiPoint"",""coordinates"":[]}"
1367,2024-09-29,0.0,"{""type"":""MultiPoint"",""coordinates"":[]}"
1368,2024-09-30,0.0,"{""type"":""MultiPoint"",""coordinates"":[]}"
1369,2024-10-01,0.0,"{""type"":""MultiPoint"",""coordinates"":[]}"
1370,2024-10-02,0.0,"{""type"":""MultiPoint"",""coordinates"":[]}"
1371,2024-10-03,0.0,"{""type"":""MultiPoint"",""coordinates"":[]}"
1372,2024-10-04,0.0,"{""type"":""MultiPoint"",""coordinates"":[]}"
1373,2024-10-05,0.0,"{""type"":""MultiPoint"",""coordinates"":[]}"
1374,2024-10-06,0.0,"{""type"":""MultiPoint"",""coordinates"":[]}"
1375,2024-10-07,0.0,"{""type"":""MultiPoint"",""coordinates"":[]}"
1376,2024-10-08,0.0,"{""type"":""MultiPoint"",""coordinates"":[]}"
1377,2024-10-09,0.0,"{""type"":""MultiPoint"",""coordinates"":[]}"
1378,2024-10-10,0.0,"{""type"":""MultiPoint"",""coordinates"":[]}"
1379,2024-10-11,0.0,"{""type"":""MultiPoint"",""coordinates"":[]}"
1380,2024-10-12,0.0,"{""type"":""MultiPoint"",""coordinates"":[]}"
1381,2024-10-13,0.0,"{""type"":""MultiPoint"",""coordinates"":[]}"
1382,2024-10-14,0.0,"{""type"":""MultiPoint"",""coordinates"":[]}"
1383,2024-10-15,0.0,"{""type"":""MultiPoint"",""coordinates"":[]}"
1384,2024-10-16,0.2999999951571226,"{""type"":""MultiPoint"",""coordinates"":[]}"
1385,2024-10-17,0.0,"{""type"":""MultiPoint"",""coordinates"":[]}"
1386,2024-10-18,0.0,"{""type"":""MultiPoint"",""coordinates"":[]}"
1387,2024-10-19,0.0,"{""type"":""MultiPoint"",""coordinates"":[]}"
1388,2024-10-20,0.0,"{""type"":""MultiPoint"",""coordinates"":[]}"
1389,2024-10-21,0.0,"{""type"":""MultiPoint"",""coordinates"":[]}"
1390,2024-10-22,0.0,"{""type"":""MultiPoint"",""coordinates"":[]}"
1391,2024-10-23,0.0,"{""type"":""MultiPoint"",""coordinates"":[]}"
1392,2024-10-24,0.0,"{""type"":""MultiPoint"",""coordinates"":[]}"
1393,2024-10-25,0.0,"{""type"":""MultiPoint"",""coordinates"":[]}"
1394,2024-10-26,0.0,"{""type"":""MultiPoint"",""coordinates"":[]}"
1395,2024-10-27,0.0,"{""type"":""MultiPoint"",""coordinates"":[]}"
1396,2024-10-28,0.0,"{""type"":""MultiPoint"",""coordinates"":[]}"
1397,2024-10-29,0.0,"{""type"":""MultiPoint"",""coordinates"":[]}"
1398,2024-10-30,0.0,"{""type"":""MultiPoint"",""coordinates"":[]}"
1399,2024-10-31,0.0,"{""type"":""MultiPoint"",""coordinates"":[]}"
1400,2024-11-01,0.0,"{""type"":""MultiPoint"",""coordinates"":[]}"
1401,2024-11-02,0.0,"{""type"":""MultiPoint"",""coordinates"":[]}"
1402,2024-11-03,0.0,"{""type"":""MultiPoint"",""coordinates"":[]}"
1403,2024-11-04,0.0,"{""type"":""MultiPoint"",""coordinates"":[]}"
1404,2024-11-05,0.0,"{""type"":""MultiPoint"",""coordinates"":[]}"
1405,2024-11-06,0.0,"{""type"":""MultiPoint"",""coordinates"":[]}"
1406,2024-11-07,0.0,"{""type"":""MultiPoint"",""coordinates"":[]}"
1407,2024-11-08,0.0,"{""type"":""MultiPoint"",""coordinates"":[]}"
1408,2024-11-09,0.0,"{""type"":""MultiPoint"",""coordinates"":[]}"
1409,2024-11-10,0.0,"{""type"":""MultiPoint"",""coordinates"":[]}"
1410,2024-11-11,0.0,"{""type"":""MultiPoint"",""coordinates"":[]}"
1411,2024-11-12,0.0,"{""type"":""MultiPoint"",""coordinates"":[]}"
1412,2024-11-13,0.0,"{""type"":""MultiPoint"",""coordinates"":[]}"
1413,2024-11-14,0.0,"{""type"":""MultiPoint"",""coordinates"":[]}"
1414,2024-11-15,0.0,"{""type"":""MultiPoint"",""coordinates"":[]}"
1415,2024-11-16,0.0,"{""type"":""MultiPoint"",""coordinates"":[]}"
1416,2024-11-17,0.0,"{""type"":""MultiPoint"",""coordinates"":[]}"
1417,2024-11-18,0.0,"{""type"":""MultiPoint"",""coordinates"":[]}"
1418,2024-11-19,0.0,"{""type"":""MultiPoint"",""coordinates"":[]}"
1419,2024-11-20,0.0,"{""type"":""MultiPoint"",""coordinates"":[]}"
1420,2024-11-21,0.0,"{""type"":""MultiPoint"",""coordinates"":[]}"
1421,2024-11-22,0.0,"{""type"":""MultiPoint"",""coordinates"":[]}"
1422,2024-11-23,0.0,"{""type"":""MultiPoint"",""coordinates"":[]}"
1423,2024-11-24,0.0,"{""type"":""MultiPoint"",""coordinates"":[]}"
1424,2024-11-25,0.0,"{""type"":""MultiPoint"",""coordinates"":[]}"
1425,2024-11-26,0.0,"{""type"":""MultiPoint"",""coordinates"":[]}"
1426,2024-11-27,0.0,"{""type"":""MultiPoint"",""coordinates"":[]}"
1427,2024-11-28,0.0,"{""type"":""MultiPoint"",""coordinates"":[]}"
1428,2024-11-29,0.0,"{""type"":""MultiPoint"",""coordinates"":[]}"
1429,2024-11-30,0.0,"{""type"":""MultiPoint"",""coordinates"":[]}"
1430,2024-12-01,0.0,"{""type"":""MultiPoint"",""coordinates"":[]}"
1431,2024-12-02,0.0,"{""type"":""MultiPoint"",""coordinates"":[]}"
1432,2024-12-03,0.0,"{""type"":""MultiPoint"",""coordinates"":[]}"
1433,2024-12-04,0.0,"{""type"":""MultiPoint"",""coordinates"":[]}"
1434,2024-12-05,0.0,"{""type"":""MultiPoint"",""coordinates"":[]}"
1435,2024-12-06,0.0,"{""type"":""MultiPoint"",""coordinates"":[]}"
1436,2024-12-07,0.0,"{""type"":""MultiPoint"",""coordinates"":[]}"
1437,2024-12-08,0.9800000041723251,"{""type"":""MultiPoint"",""coordinates"":[]}"
1438,2024-12-09,0.0,"{""type"":""MultiPoint"",""coordinates"":[]}"
1439,2024-12-10,0.0,"{""type"":""MultiPoint"",""coordinates"":[]}"
1440,2024-12-11,0.0,"{""type"":""MultiPoint"",""coordinates"":[]}"
1441,2024-12-12,0.0,"{""type"":""MultiPoint"",""coordinates"":[]}"
1442,2024-12-13,0.0,"{""type"":""MultiPoint"",""coordinates"":[]}"
1443,2024-12-14,0.0,"{""type"":""MultiPoint"",""coordinates"":[]}"
1444,2024-12-15,0.0,"{""type"":""MultiPoint"",""coordinates"":[]}"
1445,2024-12-16,0.0,"{""type"":""MultiPoint"",""coordinates"":[]}"
1446,2024-12-17,0.0,"{""type"":""MultiPoint"",""coordinates"":[]}"
1447,2024-12-18,0.0,"{""type"":""MultiPoint"",""coordinates"":[]}"
1448,2024-12-19,0.0,"{""type"":""MultiPoint"",""coordinates"":[]}"
1449,2024-12-20,0.0,"{""type"":""MultiPoint"",""coordinates"":[]}"
1450,2024-12-21,0.0,"{""type"":""MultiPoint"",""coordinates"":[]}"
1451,2024-12-22,0.0,"{""type"":""MultiPoint"",""coordinates"":[]}"
1452,2024-12-23,0.0,"{""type"":""MultiPoint"",""coordinates"":[]}"
1453,2024-12-24,0.0,"{""type"":""MultiPoint"",""coordinates"":[]}"
1454,2024-12-25,0.0,"{""type"":""MultiPoint"",""coordinates"":[]}"
1455,2024-12-26,0.7649999605491757,"{""type"":""MultiPoint"",""coordinates"":[]}"
1456,2024-12-27,36.109999432228506,"{""type"":""MultiPoint"",""coordinates"":[]}"
1457,2024-12-28,0.0,"{""type"":""MultiPoint"",""coordinates"":[]}"
1458,2024-12-29,0.0,"{""type"":""MultiPoint"",""coordinates"":[]}"
1459,2024-12-30,0.0,"{""type"":""MultiPoint"",""coordinates"":[]}"
1460,2024-12-31,0.0,"{""type"":""MultiPoint"",""coordinates"":[]}"
1461,2025-01-01,0.0,"{""type"":""MultiPoint"",""coordinates"":[]}"
1462,2025-01-02,0.0,"{""type"":""MultiPoint"",""coordinates"":[]}"
1463,2025-01-03,0.6649999618530273,"{""type"":""MultiPoint"",""coordinates"":[]}"
1464,2025-01-04,0.0,"{""type"":""MultiPoint"",""coordinates"":[]}"
1465,2025-01-05,0.0,"{""type"":""MultiPoint"",""coordinates"":[]}"
1466,2025-01-06,0.6999999694526196,"{""type"":""MultiPoint"",""coordinates"":[]}"
1467,2025-01-07,0.0,"{""type"":""MultiPoint"",""coordinates"":[]}"
1468,2025-01-08,0.0,"{""type"":""MultiPoint"",""coordinates"":[]}"
1469,2025-01-09,0.0,"{""type"":""MultiPoint"",""coordinates"":[]}"
1470,2025-01-10,0.0,"{""type"":""MultiPoint"",""coordinates"":[]}"
1471,2025-01-11,1.3099999614059925,"{""type"":""MultiPoint"",""coordinates"":[]}"
1472,2025-01-12,0.0,"{""type"":""MultiPoint"",""coordinates"":[]}"
1473,2025-01-13,0.0,"{""type"":""MultiPoint"",""coordinates"":[]}"
1474,2025-01-14,0.0,"{""type"":""MultiPoint"",""coordinates"":[]}"
1475,2025-01-15,5.824999865144491,"{""type"":""MultiPoint"",""coordinates"":[]}"
1476,2025-01-16,1.3349999785423279,"{""type"":""MultiPoint"",""coordinates"":[]}"
1477,2025-01-17,0.0,"{""type"":""MultiPoint"",""coordinates"":[]}"
1478,2025-01-18,0.0,"{""type"":""MultiPoint"",""coordinates"":[]}"
1479,2025-01-19,0.0,"{""type"":""MultiPoint"",""coordinates"":[]}"
1480,2025-01-20,0.0,"{""type"":""MultiPoint"",""coordinates"":[]}"
1481,2025-01-21,0.0,"{""type"":""MultiPoint"",""coordinates"":[]}"
1482,2025-01-22,0.11499999836087227,"{""type"":""MultiPoint"",""coordinates"":[]}"
1483,2025-01-23,0.0,"{""type"":""MultiPoint"",""coordinates"":[]}"
1484,2025-01-24,0.0,"{""type"":""MultiPoint"",""coordinates"":[]}"
1485,2025-01-25,0.0,"{""type"":""MultiPoint"",""coordinates"":[]}"
1486,2025-01-26,0.0,"{""type"":""MultiPoint"",""coordinates"":[]}"
1487,2025-01-27,0.0,"{""type"":""MultiPoint"",""coordinates"":[]}"
1488,2025-01-28,0.0,"{""type"":""MultiPoint"",""coordinates"":[]}"
1489,2025-01-29,0.0,"{""type"":""MultiPoint"",""coordinates"":[]}"
1490,2025-01-30,0.0,"{""type"":""MultiPoint"",""coordinates"":[]}"
1491,2025-01-31,0.0,"{""type"":""MultiPoint"",""coordinates"":[]}"
1492,2025-02-01,0.0,"{""type"":""MultiPoint"",""coordinates"":[]}"
1493,2025-02-02,0.0,"{""type"":""MultiPoint"",""coordinates"":[]}"
1494,2025-02-03,0.24499999172985554,"{""type"":""MultiPoint"",""coordinates"":[]}"
1495,2025-02-04,0.21499999426305294,"{""type"":""MultiPoint"",""coordinates"":[]}"
1496,2025-02-05,0.0,"{""type"":""MultiPoint"",""coordinates"":[]}"
1497,2025-02-06,0.0,"{""type"":""MultiPoint"",""coordinates"":[]}"
1498,2025-02-07,0.0,"{""type"":""MultiPoint"",""coordinates"":[]}"
1499,2025-02-08,0.0,"{""type"":""MultiPoint"",""coordinates"":[]}"
1500,2025-02-09,0.0,"{""type"":""MultiPoint"",""coordinates"":[]}"
1501,2025-02-10,0.0,"{""type"":""MultiPoint"",""coordinates"":[]}"
1502,2025-02-11,0.0,"{""type"":""MultiPoint"",""coordinates"":[]}"
1503,2025-02-12,0.0,"{""type"":""MultiPoint"",""coordinates"":[]}"
1504,2025-02-13,0.0,"{""type"":""MultiPoint"",""coordinates"":[]}"
1505,2025-02-14,0.0,"{""type"":""MultiPoint"",""coordinates"":[]}"
1506,2025-02-15,0.0,"{""type"":""MultiPoint"",""coordinates"":[]}"
1507,2025-02-16,0.0,"{""type"":""MultiPoint"",""coordinates"":[]}"
1508,2025-02-17,0.06499999761581421,"{""type"":""MultiPoint"",""coordinates"":[]}"
1509,2025-02-18,0.029999999329447746,"{""type"":""MultiPoint"",""coordinates"":[]}"
1510,2025-02-19,0.7449999991804361,"{""type"":""MultiPoint"",""coordinates"":[]}"
1511,2025-02-20,0.0,"{""type"":""MultiPoint"",""coordinates"":[]}"
1512,2025-02-21,0.0,"{""type"":""MultiPoint"",""coordinates"":[]}"
1513,2025-02-22,0.0,"{""type"":""MultiPoint"",""coordinates"":[]}"
1514,2025-02-23,0.0,"{""type"":""MultiPoint"",""coordinates"":[]}"
1515,2025-02-24,0.0,"{""type"":""MultiPoint"",""coordinates"":[]}"
1516,2025-02-25,0.32499999180436134,"{""type"":""MultiPoint"",""coordinates"":[]}"
1517,2025-02-26,1.3649999517947435,"{""type"":""MultiPoint"",""coordinates"":[]}"
1518,2025-02-27,8.34999980404973,"{""type"":""MultiPoint"",""coordinates"":[]}"
1519,2025-02-28,1.169999967329204,"{""type"":""MultiPoint"",""coordinates"":[]}"
1520,2025-03-01,4.624999817460775,"{""type"":""MultiPoint"",""coordinates"":[]}"
1521,2025-03-02,0.0,"{""type"":""MultiPoint"",""coordinates"":[]}"
1522,2025-03-03,0.0,"{""type"":""MultiPoint"",""coordinates"":[]}"
1523,2025-03-04,0.0,"{""type"":""MultiPoint"",""coordinates"":[]}"
1524,2025-03-05,0.0,"{""type"":""MultiPoint"",""coordinates"":[]}"
1525,2025-03-06,0.0,"{""type"":""MultiPoint"",""coordinates"":[]}"
1526,2025-03-07,0.0,"{""type"":""MultiPoint"",""coordinates"":[]}"
1527,2025-03-08,0.0,"{""type"":""MultiPoint"",""coordinates"":[]}"
1528,2025-03-09,0.0,"{""type"":""MultiPoint"",""coordinates"":[]}"
1529,2025-03-10,0.3099999874830246,"{""type"":""MultiPoint"",""coordinates"":[]}"
1530,2025-03-11,0.004999999888241291,"{""type"":""MultiPoint"",""coordinates"":[]}"
1531,2025-03-12,0.25999999046325684,"{""type"":""MultiPoint"",""coordinates"":[]}"
1532,2025-03-13,0.03500000014901161,"{""type"":""MultiPoint"",""coordinates"":[]}"
1533,2025-03-14,2.5399999395012856,"{""type"":""MultiPoint"",""coordinates"":[]}"
1534,2025-03-15,0.0,"{""type"":""MultiPoint"",""coordinates"":[]}"
1535,2025-03-16,0.0,"{""type"":""MultiPoint"",""coordinates"":[]}"
1536,2025-03-17,0.0,"{""type"":""MultiPoint"",""coordinates"":[]}"
1537,2025-03-18,0.0,"{""type"":""MultiPoint"",""coordinates"":[]}"
1538,2025-03-19,0.0,"{""type"":""MultiPoint"",""coordinates"":[]}"
1539,2025-03-20,0.0,"{""type"":""MultiPoint"",""coordinates"":[]}"
1540,2025-03-21,0.0,"{""type"":""MultiPoint"",""coordinates"":[]}"
1541,2025-03-22,0.0,"{""type"":""MultiPoint"",""coordinates"":[]}"
1542,2025-03-23,0.0,"{""type"":""MultiPoint"",""coordinates"":[]}"
1543,2025-03-24,0.0,"{""type"":""MultiPoint"",""coordinates"":[]}"
1544,2025-03-25,0.0,"{""type"":""MultiPoint"",""coordinates"":[]}"
1545,2025-03-26,0.0,"{""type"":""MultiPoint"",""coordinates"":[]}"
1546,2025-03-27,0.0,"{""type"":""MultiPoint"",""coordinates"":[]}"
1547,2025-03-28,0.0,"{""type"":""MultiPoint"",""coordinates"":[]}"
1548,2025-03-29,0.0,"{""type"":""MultiPoint"",""coordinates"":[]}"
1549,2025-03-30,0.0,"{""type"":""MultiPoint"",""coordinates"":[]}"
1550,2025-03-31,0.0,"{""type"":""MultiPoint"",""coordinates"":[]}"
1551,2025-04-01,0.0,"{""type"":""MultiPoint"",""coordinates"":[]}"
1552,2025-04-02,0.0,"{""type"":""MultiPoint"",""coordinates"":[]}"
1553,2025-04-03,0.0,"{""type"":""MultiPoint"",""coordinates"":[]}"
1554,2025-04-04,0.0,"{""type"":""MultiPoint"",""coordinates"":[]}"
1555,2025-04-05,0.0,"{""type"":""MultiPoint"",""coordinates"":[]}"
1556,2025-04-06,0.0,"{""type"":""MultiPoint"",""coordinates"":[]}"
1557,2025-04-07,0.0,"{""type"":""MultiPoint"",""coordinates"":[]}"
1558,2025-04-08,0.0,"{""type"":""MultiPoint"",""coordinates"":[]}"
1559,2025-04-09,0.0,"{""type"":""MultiPoint"",""coordinates"":[]}"
1560,2025-04-10,0.9299999848008156,"{""type"":""MultiPoint"",""coordinates"":[]}"
1561,2025-04-11,0.5799999851733446,"{""type"":""MultiPoint"",""coordinates"":[]}"
1562,2025-04-12,0.0,"{""type"":""MultiPoint"",""coordinates"":[]}"
1563,2025-04-13,0.0,"{""type"":""MultiPoint"",""coordinates"":[]}"
1564,2025-04-14,0.0,"{""type"":""MultiPoint"",""coordinates"":[]}"
1565,2025-04-15,0.0,"{""type"":""MultiPoint"",""coordinates"":[]}"
1566,2025-04-16,0.0,"{""type"":""MultiPoint"",""coordinates"":[]}"
1567,2025-04-17,0.0,"{""type"":""MultiPoint"",""coordinates"":[]}"
1568,2025-04-18,2.589999939315021,"{""type"":""MultiPoint"",""coordinates"":[]}"
1569,2025-04-19,0.0,"{""type"":""MultiPoint"",""coordinates"":[]}"
1570,2025-04-20,0.0,"{""type"":""MultiPoint"",""coordinates"":[]}"
1571,2025-04-21,0.0,"{""type"":""MultiPoint"",""coordinates"":[]}"
1572,2025-04-22,0.0,"{""type"":""MultiPoint"",""coordinates"":[]}"
1573,2025-04-23,0.0,"{""type"":""MultiPoint"",""coordinates"":[]}"
1574,2025-04-24,0.0,"{""type"":""MultiPoint"",""coordinates"":[]}"
1575,2025-04-25,0.0,"{""type"":""MultiPoint"",""coordinates"":[]}"
1576,2025-04-26,0.014999999664723873,"{""type"":""MultiPoint"",""coordinates"":[]}"
1577,2025-04-27,0.0,"{""type"":""MultiPoint"",""coordinates"":[]}"
1578,2025-04-28,0.0,"{""type"":""MultiPoint"",""coordinates"":[]}"
1579,2025-04-29,0.0,"{""type"":""MultiPoint"",""coordinates"":[]}"
1580,2025-04-30,0.0,"{""type"":""MultiPoint"",""coordinates"":[]}"
1581,2025-05-01,0.9049999639391899,"{""type"":""MultiPoint"",""coordinates"":[]}"
1582,2025-05-02,13.07999974861741,"{""type"":""MultiPoint"",""coordinates"":[]}"
1583,2025-05-03,1.8150000125169754,"{""type"":""MultiPoint"",""coordinates"":[]}"
1584,2025-05-04,0.6099999770522118,"{""type"":""MultiPoint"",""coordinates"":[]}"
1585,2025-05-05,1.5399999618530273,"{""type"":""MultiPoint"",""coordinates"":[]}"
1586,2025-05-06,0.0,"{""type"":""MultiPoint"",""coordinates"":[]}"
1587,2025-05-07,4.244999925605953,"{""type"":""MultiPoint"",""coordinates"":[]}"
1588,2025-05-08,0.3799999915063381,"{""type"":""MultiPoint"",""coordinates"":[]}"
1589,2025-05-09,0.0,"{""type"":""MultiPoint"",""coordinates"":[]}"
1590,2025-05-10,0.19499999284744263,"{""type"":""MultiPoint"",""coordinates"":[]}"
1591,2025-05-11,0.5299999788403511,"{""type"":""MultiPoint"",""coordinates"":[]}"
1592,2025-05-12,0.22999998927116394,"{""type"":""MultiPoint"",""coordinates"":[]}"
1593,2025-05-13,1.6999999694526196,"{""type"":""MultiPoint"",""coordinates"":[]}"
1594,2025-05-14,0.0,"{""type"":""MultiPoint"",""coordinates"":[]}"
1595,2025-05-15,0.0,"{""type"":""MultiPoint"",""coordinates"":[]}"
1596,2025-05-16,3.829999905079603,"{""type"":""MultiPoint"",""coordinates"":[]}"
1597,2025-05-17,0.7449999777600169,"{""type"":""MultiPoint"",""coordinates"":[]}"
1598,2025-05-18,0.0,"{""type"":""MultiPoint"",""coordinates"":[]}"
1599,2025-05-19,0.0,"{""type"":""MultiPoint"",""coordinates"":[]}"
1600,2025-05-20,0.0,"{""type"":""MultiPoint"",""coordinates"":[]}"
1601,2025-05-21,26.939999774098396,"{""type"":""MultiPoint"",""coordinates"":[]}"
1602,2025-05-22,0.4499999899417162,"{""type"":""MultiPoint"",""coordinates"":[]}"
1603,2025-05-23,0.0,"{""type"":""MultiPoint"",""coordinates"":[]}"
1604,2025-05-24,17.874999523162842,"{""type"":""MultiPoint"",""coordinates"":[]}"
1605,2025-05-25,6.504999790340662,"{""type"":""MultiPoint"",""coordinates"":[]}"
1606,2025-05-26,0.19999999552965164,"{""type"":""MultiPoint"",""coordinates"":[]}"
1607,2025-05-27,0.0,"{""type"":""MultiPoint"",""coordinates"":[]}"
1608,2025-05-28,0.0,"{""type"":""MultiPoint"",""coordinates"":[]}"
1609,2025-05-29,1.1199999991804361,"{""type"":""MultiPoint"",""coordinates"":[]}"
1610,2025-05-30,1.269999984651804,"{""type"":""MultiPoint"",""coordinates"":[]}"
1611,2025-05-31,3.3849998600780964,"{""type"":""MultiPoint"",""coordinates"":[]}"
1612,2025-06-01,7.434999793767929,"{""type"":""MultiPoint"",""coordinates"":[]}"
1613,2025-06-02,4.8949998170137405,"{""type"":""MultiPoint"",""coordinates"":[]}"
1614,2025-06-03,0.1849999874830246,"{""type"":""MultiPoint"",""coordinates"":[]}"
1615,2025-06-04,2.8999999910593033,"{""type"":""MultiPoint"",""coordinates"":[]}"
1616,2025-06-05,0.0,"{""type"":""MultiPoint"",""coordinates"":[]}"
1617,2025-06-06,0.0,"{""type"":""MultiPoint"",""coordinates"":[]}"
1618,2025-06-07,0.0,"{""type"":""MultiPoint"",""coordinates"":[]}"
1619,2025-06-08,0.0,"{""type"":""MultiPoint"",""coordinates"":[]}"
1620,2025-06-09,0.0,"{""type"":""MultiPoint"",""coordinates"":[]}"
1621,2025-06-10,0.0,"{""type"":""MultiPoint"",""coordinates"":[]}"
1622,2025-06-11,0.0,"{""type"":""MultiPoint"",""coordinates"":[]}"
1623,2025-06-12,0.0,"{""type"":""MultiPoint"",""coordinates"":[]}"
1624,2025-06-13,0.0,"{""type"":""MultiPoint"",""coordinates"":[]}"
1625,2025-06-14,0.20499999821186066,"{""type"":""MultiPoint"",""coordinates"":[]}"
1626,2025-06-15,3.9949998259544373,"{""type"":""MultiPoint"",""coordinates"":[]}"
1627,2025-06-16,0.7949999943375587,"{""type"":""MultiPoint"",""coordinates"":[]}"
1628,2025-06-17,31.72999967262149,"{""type"":""MultiPoint"",""coordinates"":[]}"
1629,2025-06-18,0.009999999776482582,"{""type"":""MultiPoint"",""coordinates"":[]}"
1630,2025-06-19,0.44499997701495886,"{""type"":""MultiPoint"",""coordinates"":[]}"
1631,2025-06-20,0.13499999046325684,"{""type"":""MultiPoint"",""coordinates"":[]}"
1632,2025-06-21,0.0,"{""type"":""MultiPoint"",""coordinates"":[]}"
1633,2025-06-22,3.5749998930841684,"{""type"":""MultiPoint"",""coordinates"":[]}"
1634,2025-06-23,0.08999999612569809,"{""type"":""MultiPoint"",""coordinates"":[]}"
1635,2025-06-24,3.5999998450279236,"{""type"":""MultiPoint"",""coordinates"":[]}"
1636,2025-06-25,34.04999868571758,"{""type"":""MultiPoint"",""coordinates"":[]}"
1637,2025-06-26,0.0,"{""type"":""MultiPoint"",""coordinates"":[]}"
1638,2025-06-27,0.0,"{""type"":""MultiPoint"",""coordinates"":[]}"
1639,2025-06-28,0.4549999851733446,"{""type"":""MultiPoint"",""coordinates"":[]}"
1640,2025-06-29,9.484999923035502,"{""type"":""MultiPoint"",""coordinates"":[]}"
1641,2025-06-30,19.059999433346093,"{""type"":""MultiPoint"",""coordinates"":[]}"
1642,2025-07-01,0.0,"{""type"":""MultiPoint"",""coordinates"":[]}"
1643,2025-07-02,0.0,"{""type"":""MultiPoint"",""coordinates"":[]}"
1644,2025-07-03,8.274999737739563,"{""type"":""MultiPoint"",""coordinates"":[]}"
1645,2025-07-04,2.4549998827278614,"{""type"":""MultiPoint"",""coordinates"":[]}"
1646,2025-07-05,0.04999999701976776,"{""type"":""MultiPoint"",""coordinates"":[]}"
1647,2025-07-06,11.554999835789204,"{""type"":""MultiPoint"",""coordinates"":[]}"
1648,2025-07-07,9.164999805390835,"{""type"":""MultiPoint"",""coordinates"":[]}"
1649,2025-07-08,3.8899998739361763,"{""type"":""MultiPoint"",""coordinates"":[]}"
1650,2025-07-09,58.01999878883362,"{""type"":""MultiPoint"",""coordinates"":[]}"
1651,2025-07-10,1.6099999602884054,"{""type"":""MultiPoint"",""coordinates"":[]}"
1652,2025-07-11,3.1899999361485243,"{""type"":""MultiPoint"",""coordinates"":[]}"
1653,2025-07-12,7.104999911040068,"{""type"":""MultiPoint"",""coordinates"":[]}"
1654,2025-07-13,5.224999932572246,"{""type"":""MultiPoint"",""coordinates"":[]}"
1655,2025-07-14,2.8249998623505235,"{""type"":""MultiPoint"",""coordinates"":[]}"
1656,2025-07-15,0.20499999821186066,"{""type"":""MultiPoint"",""coordinates"":[]}"
1657,2025-07-16,1.4549999423325062,"{""type"":""MultiPoint"",""coordinates"":[]}"
1658,2025-07-17,11.029999766498804,"{""type"":""MultiPoint"",""coordinates"":[]}"
1659,2025-07-18,0.9649999886751175,"{""type"":""MultiPoint"",""coordinates"":[]}"
1660,2025-07-19,0.0,"{""type"":""MultiPoint"",""coordinates"":[]}"
1661,2025-07-20,4.885000019334257,"{""type"":""MultiPoint"",""coordinates"":[]}"
1662,2025-07-21,13.614999627694488,"{""type"":""MultiPoint"",""coordinates"":[]}"
1663,2025-07-22,9.574999816715717,"{""type"":""MultiPoint"",""coordinates"":[]}"
1664,2025-07-23,22.489999696612358,"{""type"":""MultiPoint"",""coordinates"":[]}"
1665,2025-07-24,0.019999999552965164,"{""type"":""MultiPoint"",""coordinates"":[]}"
1666,2025-07-25,13.229999661445618,"{""type"":""MultiPoint"",""coordinates"":[]}"
1667,2025-07-26,1.054999959655106,"{""type"":""MultiPoint"",""coordinates"":[]}"
1668,2025-07-27,0.0,"{""type"":""MultiPoint"",""coordinates"":[]}"
1669,2025-07-28,0.0,"{""type"":""MultiPoint"",""coordinates"":[]}"
1670,2025-07-29,19.584999700076878,"{""type"":""MultiPoint"",""coordinates"":[]}"
1671,2025-07-30,18.769999562762678,"{""type"":""MultiPoint"",""coordinates"":[]}"
1672,2025-07-31,6.5899999886751175,"{""type"":""MultiPoint"",""coordinates"":[]}"
1673,2025-08-01,3.734999880194664,"{""type"":""MultiPoint"",""coordinates"":[]}"
1674,2025-08-02,1.5849999655038118,"{""type"":""MultiPoint"",""coordinates"":[]}"
1675,2025-08-03,37.06499891448766,"{""type"":""MultiPoint"",""coordinates"":[]}"
1676,2025-08-04,21.139999590814114,"{""type"":""MultiPoint"",""coordinates"":[]}"
1677,2025-08-05,5.439999879337847,"{""type"":""MultiPoint"",""coordinates"":[]}"
1678,2025-08-06,3.1199999675154686,"{""type"":""MultiPoint"",""coordinates"":[]}"
1679,2025-08-07,0.0,"{""type"":""MultiPoint"",""coordinates"":[]}"
1680,2025-08-08,0.9449999630451202,"{""type"":""MultiPoint"",""coordinates"":[]}"
1681,2025-08-09,58.68999875988811,"{""type"":""MultiPoint"",""coordinates"":[]}"
1682,2025-08-10,3.5499999281018972,"{""type"":""MultiPoint"",""coordinates"":[]}"
1683,2025-08-11,17.989999655634165,"{""type"":""MultiPoint"",""coordinates"":[]}"
1684,2025-08-12,0.33999999333173037,"{""type"":""MultiPoint"",""coordinates"":[]}"
1685,2025-08-13,29.714999198913574,"{""type"":""MultiPoint"",""coordinates"":[]}"
1686,2025-08-14,14.484999626874924,"{""type"":""MultiPoint"",""coordinates"":[]}"
1687,2025-08-15,0.14000000059604645,"{""type"":""MultiPoint"",""coordinates"":[]}"
1688,2025-08-16,0.0,"{""type"":""MultiPoint"",""coordinates"":[]}"
1689,2025-08-17,20.350000139325857,"{""type"":""MultiPoint"",""coordinates"":[]}"
1690,2025-08-18,1.5699999630451202,"{""type"":""MultiPoint"",""coordinates"":[]}"
1691,2025-08-19,3.6999998670071363,"{""type"":""MultiPoint"",""coordinates"":[]}"
1692,2025-08-20,0.0,"{""type"":""MultiPoint"",""coordinates"":[]}"
1693,2025-08-21,0.0,"{""type"":""MultiPoint"",""coordinates"":[]}"
1694,2025-08-22,0.12999999523162842,"{""type"":""MultiPoint"",""coordinates"":[]}"
1695,2025-08-23,25.069999419152737,"{""type"":""MultiPoint"",""coordinates"":[]}"
1696,2025-08-24,1.6299999617040157,"{""type"":""MultiPoint"",""coordinates"":[]}"
1697,2025-08-25,1.474999968893826,"{""type"":""MultiPoint"",""coordinates"":[]}"
1698,2025-08-26,3.7549998397007585,"{""type"":""MultiPoint"",""coordinates"":[]}"
1699,2025-08-27,0.0,"{""type"":""MultiPoint"",""coordinates"":[]}"
1700,2025-08-28,0.10499999392777681,"{""type"":""MultiPoint"",""coordinates"":[]}"
1701,2025-08-29,9.114999884739518,"{""type"":""MultiPoint"",""coordinates"":[]}"
1702,2025-08-30,0.0,"{""type"":""MultiPoint"",""coordinates"":[]}"
1703,2025-08-31,12.764999727718532,"{""type"":""MultiPoint"",""coordinates"":[]}"
1704,2025-09-01,27.5849993750453,"{""type"":""MultiPoint"",""coordinates"":[]}"
1705,2025-09-02,27.179999388754368,"{""type"":""MultiPoint"",""coordinates"":[]}"
1706,2025-09-03,49.17999852448702,"{""type"":""MultiPoint"",""coordinates"":[]}"
1707,2025-09-04,6.7899999571964145,"{""type"":""MultiPoint"",""coordinates"":[]}"
1708,2025-09-05,1.6949999313801527,"{""type"":""MultiPoint"",""coordinates"":[]}"
1709,2025-09-06,2.7499999459832907,"{""type"":""MultiPoint"",""coordinates"":[]}"
1710,2025-09-07,10.779999792575836,"{""type"":""MultiPoint"",""coordinates"":[]}"
1711,2025-09-08,0.0,"{""type"":""MultiPoint"",""coordinates"":[]}"
1712,2025-09-09,0.0,"{""type"":""MultiPoint"",""coordinates"":[]}"
1713,2025-09-10,0.0,"{""type"":""MultiPoint"",""coordinates"":[]}"
1714,2025-09-11,0.0,"{""type"":""MultiPoint"",""coordinates"":[]}"
1715,2025-09-12,0.0,"{""type"":""MultiPoint"",""coordinates"":[]}"
1716,2025-09-13,0.0,"{""type"":""MultiPoint"",""coordinates"":[]}"
1717,2025-09-14,0.004999999888241291,"{""type"":""MultiPoint"",""coordinates"":[]}"
1718,2025-09-15,0.0,"{""type"":""MultiPoint"",""coordinates"":[]}"
1719,2025-09-16,0.0,"{""type"":""MultiPoint"",""coordinates"":[]}"
1720,2025-09-17,7.379999801516533,"{""type"":""MultiPoint"",""coordinates"":[]}"
1721,2025-09-18,0.0,"{""type"":""MultiPoint"",""coordinates"":[]}"
1722,2025-09-19,0.0,"{""type"":""MultiPoint"",""coordinates"":[]}"
1723,2025-09-20,0.0,"{""type"":""MultiPoint"",""coordinates"":[]}"
1724,2025-09-21,0.0,"{""type"":""MultiPoint"",""coordinates"":[]}"
1725,2025-09-22,0.0,"{""type"":""MultiPoint"",""coordinates"":[]}"
1726,2025-09-23,0.0,"{""type"":""MultiPoint"",""coordinates"":[]}"
1727,2025-09-24,0.0,"{""type"":""MultiPoint"",""coordinates"":[]}"
1728,2025-09-25,0.0,"{""type"":""MultiPoint"",""coordinates"":[]}"
1729,2025-09-26,0.0,"{""type"":""MultiPoint"",""coordinates"":[]}"
1730,2025-09-27,0.0,"{""type"":""MultiPoint"",""coordinates"":[]}"
1731,2025-09-28,0.0,"{""type"":""MultiPoint"",""coordinates"":[]}"
1732,2025-09-29,0.0,"{""type"":""MultiPoint"",""coordinates"":[]}"
1733,2025-09-30,37.394999563694,"{""type"":""MultiPoint"",""coordinates"":[]}"
1734,2025-10-01,0.0,"{""type"":""MultiPoint"",""coordinates"":[]}"
1735,2025-10-02,5.619999876245856,"{""type"":""MultiPoint"",""coordinates"":[]}"
1736,2025-10-03,0.0,"{""type"":""MultiPoint"",""coordinates"":[]}"
1737,2025-10-04,0.0,"{""type"":""MultiPoint"",""coordinates"":[]}"
1738,2025-10-05,14.419999837875366,"{""type"":""MultiPoint"",""coordinates"":[]}"
1739,2025-10-06,18.769999572075903,"{""type"":""MultiPoint"",""coordinates"":[]}"
1740,2025-10-07,11.655000103637576,"{""type"":""MultiPoint"",""coordinates"":[]}"
1741,2025-10-08,0.0,"{""type"":""MultiPoint"",""coordinates"":[]}"
1742,2025-10-09,0.0,"{""type"":""MultiPoint"",""coordinates"":[]}"
1743,2025-10-10,0.0,"{""type"":""MultiPoint"",""coordinates"":[]}"
1744,2025-10-11,0.0,"{""type"":""MultiPoint"",""coordinates"":[]}"
1745,2025-10-12,0.0,"{""type"":""MultiPoint"",""coordinates"":[]}"
1746,2025-10-13,0.0,"{""type"":""MultiPoint"",""coordinates"":[]}"
1747,2025-10-14,0.0,"{""type"":""MultiPoint"",""coordinates"":[]}"
1748,2025-10-15,0.0,"{""type"":""MultiPoint"",""coordinates"":[]}"
1749,2025-10-16,0.0,"{""type"":""MultiPoint"",""coordinates"":[]}"
1750,2025-10-17,0.0,"{""type"":""MultiPoint"",""coordinates"":[]}"
1751,2025-10-18,0.0,"{""type"":""MultiPoint"",""coordinates"":[]}"
1752,2025-10-19,0.0,"{""type"":""MultiPoint"",""coordinates"":[]}"
1753,2025-10-20,0.0,"{""type"":""MultiPoint"",""coordinates"":[]}"
1754,2025-10-21,0.0,"{""type"":""MultiPoint"",""coordinates"":[]}"
1755,2025-10-22,0.0,"{""type"":""MultiPoint"",""coordinates"":[]}"
1756,2025-10-23,0.0,"{""type"":""MultiPoint"",""coordinates"":[]}"
1757,2025-10-24,0.0,"{""type"":""MultiPoint"",""coordinates"":[]}"
1758,2025-10-25,0.0,"{""type"":""MultiPoint"",""coordinates"":[]}"
1759,2025-10-26,0.0,"{""type"":""MultiPoint"",""coordinates"":[]}"
1760,2025-10-27,7.849999759346247,"{""type"":""MultiPoint"",""coordinates"":[]}"
1761,2025-10-28,20.859999558888376,"{""type"":""MultiPoint"",""coordinates"":[]}"
1762,2025-10-29,5.7349997805431485,"{""type"":""MultiPoint"",""coordinates"":[]}"
1763,2025-10-30,14.769999515265226,"{""type"":""MultiPoint"",""coordinates"":[]}"
1764,2025-10-31,0.0,"{""type"":""MultiPoint"",""coordinates"":[]}"
1765,2025-11-01,0.0,"{""type"":""MultiPoint"",""coordinates"":[]}"
1766,2025-11-02,0.0,"{""type"":""MultiPoint"",""coordinates"":[]}"
1767,2025-11-03,0.0,"{""type"":""MultiPoint"",""coordinates"":[]}"
1768,2025-11-04,0.0,"{""type"":""MultiPoint"",""coordinates"":[]}"
1769,2025-11-05,0.0,"{""type"":""MultiPoint"",""coordinates"":[]}"
1770,2025-11-06,0.0,"{""type"":""MultiPoint"",""coordinates"":[]}"
1771,2025-11-07,0.0,"{""type"":""MultiPoint"",""coordinates"":[]}"
1772,2025-11-08,0.0,"{""type"":""MultiPoint"",""coordinates"":[]}"
1773,2025-11-09,0.0,"{""type"":""MultiPoint"",""coordinates"":[]}"
1774,2025-11-10,0.0,"{""type"":""MultiPoint"",""coordinates"":[]}"
1775,2025-11-11,0.0,"{""type"":""MultiPoint"",""coordinates"":[]}"
1776,2025-11-12,0.0,"{""type"":""MultiPoint"",""coordinates"":[]}"
1777,2025-11-13,0.0,"{""type"":""MultiPoint"",""coordinates"":[]}"
1778,2025-11-14,0.0,"{""type"":""MultiPoint"",""coordinates"":[]}"
1779,2025-11-15,0.0,"{""type"":""MultiPoint"",""coordinates"":[]}"
1780,2025-11-16,0.0,"{""type"":""MultiPoint"",""coordinates"":[]}"
1781,2025-11-17,0.0,"{""type"":""MultiPoint"",""coordinates"":[]}"
1782,2025-11-18,0.0,"{""type"":""MultiPoint"",""coordinates"":[]}"
1783,2025-11-19,0.0,"{""type"":""MultiPoint"",""coordinates"":[]}"
1784,2025-11-20,0.0,"{""type"":""MultiPoint"",""coordinates"":[]}"
1785,2025-11-21,0.0,"{""type"":""MultiPoint"",""coordinates"":[]}"
1786,2025-11-22,0.0,"{""type"":""MultiPoint"",""coordinates"":[]}"
1787,2025-11-23,0.0,"{""type"":""MultiPoint"",""coordinates"":[]}"
1788,2025-11-24,0.0,"{""type"":""MultiPoint"",""coordinates"":[]}"
1789,2025-11-25,0.0,"{""type"":""MultiPoint"",""coordinates"":[]}"
1790,2025-11-26,0.0,"{""type"":""MultiPoint"",""coordinates"":[]}"
1791,2025-11-27,0.0,"{""type"":""MultiPoint"",""coordinates"":[]}"
1792,2025-11-28,0.0,"{""type"":""MultiPoint"",""coordinates"":[]}"
1793,2025-11-29,0.0,"{""type"":""MultiPoint"",""coordinates"":[]}"
1794,2025-11-30,0.0,"{""type"":""MultiPoint"",""coordinates"":[]}"
1795,2025-12-01,0.0,"{""type"":""MultiPoint"",""coordinates"":[]}"
1796,2025-12-02,0.0,"{""type"":""MultiPoint"",""coordinates"":[]}"
1797,2025-12-03,0.0,"{""type"":""MultiPoint"",""coordinates"":[]}"
1798,2025-12-04,0.0,"{""type"":""MultiPoint"",""coordinates"":[]}"
1799,2025-12-05,0.0,"{""type"":""MultiPoint"",""coordinates"":[]}"
1800,2025-12-06,0.0,"{""type"":""MultiPoint"",""coordinates"":[]}"
1801,2025-12-07,0.0,"{""type"":""MultiPoint"",""coordinates"":[]}"
1802,2025-12-08,0.0,"{""type"":""MultiPoint"",""coordinates"":[]}"
1803,2025-12-09,0.0,"{""type"":""MultiPoint"",""coordinates"":[]}"
1804,2025-12-10,0.0,"{""type"":""MultiPoint"",""coordinates"":[]}"
1805,2025-12-11,0.0,"{""type"":""MultiPoint"",""coordinates"":[]}"
1806,2025-12-12,0.0,"{""type"":""MultiPoint"",""coordinates"":[]}"
1807,2025-12-13,0.0,"{""type"":""MultiPoint"",""coordinates"":[]}"
1808,2025-12-14,0.0,"{""type"":""MultiPoint"",""coordinates"":[]}"
1809,2025-12-15,0.0,"{""type"":""MultiPoint"",""coordinates"":[]}"
1810,2025-12-16,0.0,"{""type"":""MultiPoint"",""coordinates"":[]}"
1811,2025-12-17,0.0,"{""type"":""MultiPoint"",""coordinates"":[]}"
1812,2025-12-18,0.0,"{""type"":""MultiPoint"",""coordinates"":[]}"
1813,2025-12-19,0.0,"{""type"":""MultiPoint"",""coordinates"":[]}"
1814,2025-12-20,0.0,"{""type"":""MultiPoint"",""coordinates"":[]}"
1815,2025-12-21,0.0,"{""type"":""MultiPoint"",""coordinates"":[]}"
1816,2025-12-22,0.0,"{""type"":""MultiPoint"",""coordinates"":[]}"
1817,2025-12-23,0.0,"{""type"":""MultiPoint"",""coordinates"":[]}"
1818,2025-12-24,0.0,"{""type"":""MultiPoint"",""coordinates"":[]}"
1819,2025-12-25,0.0,"{""type"":""MultiPoint"",""coordinates"":[]}"
1820,2025-12-26,0.0,"{""type"":""MultiPoint"",""coordinates"":[]}"
1821,2025-12-27,0.0,"{""type"":""MultiPoint"",""coordinates"":[]}"
1822,2025-12-28,0.0,"{""type"":""MultiPoint"",""coordinates"":[]}"
1823,2025-12-29,0.0,"{""type"":""MultiPoint"",""coordinates"":[]}"
1824,2025-12-30,0.0,"{""type"":""MultiPoint"",""coordinates"":[]}"
1825,2025-12-31,0.0,"{""type"":""MultiPoint"",""coordinates"":[]}"
