{"type": "FeatureCollection", "name": "KIET smoothed contours 2m", "features": [{"type": "Feature", "properties": {"elevation_m": 216.0, "source": "Copernicus GLO-30 30m, bilinear display smoothing \u2014 not survey"}, "geometry": {"type": "LineString", "coordinates": [[77.498872, 28.754049], [77.498865, 28.754048], [77.498851, 28.754046], [77.498837, 28.754045], [77.498823, 28.754043], [77.498809, 28.754041], [77.498802, 28.754041], [77.498789, 28.754039], [77.498775, 28.754037], [77.498761, 28.754035], [77.49875, 28.754034], [77.49874, 28.754033], [77.498726, 28.754031], [77.498712, 28.754029], [77.498698, 28.754028], [77.498691, 28.754027], [77.498677, 28.754025], [77.498663, 28.754023], [77.49865, 28.754021], [77.498643, 28.75402], [77.498629, 28.754018], [77.498615, 28.754016], [77.498601, 28.754015], [77.498587, 28.754013], [77.49858, 28.754013], [77.498566, 28.754011], [77.498552, 28.75401], [77.498538, 28.754008], [77.498524, 28.754007], [77.498517, 28.754006], [77.498504, 28.754002], [77.498495, 28.753999], [77.498484, 28.753992], [77.498476, 28.753987], [77.498469, 28.753983], [77.498461, 28.753979], [77.498449, 28.753972], [77.498441, 28.753967], [77.498434, 28.753963], [77.498425, 28.753958], [77.498413, 28.753951], [77.498406, 28.753947], [77.498399, 28.753943], [77.498389, 28.753937], [77.498378, 28.753931], [77.498371, 28.753927], [77.498363, 28.753923], [77.498351, 28.753916], [77.498344, 28.753912], [77.498337, 28.753908], [77.498323, 28.753905], [77.498316, 28.753909], [77.498305, 28.753916], [77.498295, 28.753923], [77.498288, 28.753928], [77.498281, 28.753933], [77.498274, 28.753938], [77.498267, 28.753944], [77.498259, 28.753951], [77.498251, 28.753958], [77.498244, 28.753965], [77.498237, 28.753972], [77.49823, 28.753979], [77.498223, 28.753985], [77.498217, 28.753992], [77.498211, 28.753999], [77.498198, 28.754006], [77.498191, 28.754007], [77.498177, 28.754009], [77.498163, 28.754012], [77.498152, 28.754013], [77.498142, 28.754015], [77.498128, 28.754017], [77.498114, 28.754019], [77.498106, 28.75402], [77.498093, 28.754022], [77.498079, 28.754024], [77.498065, 28.754026], [77.498057, 28.754027], [77.498045, 28.754029], [77.498031, 28.754028], [77.498024, 28.754021], [77.498017, 28.754014], [77.49801, 28.754006], [77.498008, 28.753999], [77.498006, 28.753985], [77.498004, 28.753972], [77.498003, 28.753961], [77.498001, 28.753951], [77.497999, 28.753937], [77.497996, 28.753923], [77.497995, 28.753916], [77.497992, 28.753902], [77.497989, 28.753889], [77.497987, 28.753881], [77.497983, 28.753867], [77.497981, 28.75386], [77.497976, 28.753846], [77.497973, 28.753839], [77.497968, 28.753828], [77.497963, 28.753819], [77.49796, 28.753812], [77.497954, 28.753802], [77.497947, 28.753792], [77.497941, 28.753784], [77.497935, 28.753777], [77.497928, 28.75377], [77.49792, 28.753763], [77.497912, 28.753756], [77.497906, 28.753751], [77.497899, 28.753747], [77.49789, 28.753742], [77.497878, 28.753735], [77.497871, 28.753732], [77.497861, 28.753728], [77.49785, 28.753724], [77.497842, 28.753721], [77.497829, 28.753717], [77.497818, 28.753714], [77.497808, 28.753712], [77.497794, 28.753708], [77.497787, 28.753706], [77.497773, 28.7537], [77.497773, 28.7537], [77.49778, 28.753687], [77.497784, 28.753679], [77.497787, 28.753672], [77.497794, 28.753658], [77.497796, 28.753652], [77.497801, 28.753639], [77.497804, 28.753631], [77.497808, 28.75362], [77.497811, 28.75361], [77.497815, 28.753598], [77.497818, 28.753589], [77.497821, 28.753575], [77.497823, 28.753568], [77.497827, 28.753554], [77.497829, 28.753544], [77.497831, 28.753533], [77.497834, 28.753519], [77.497836, 28.753511], [77.497838, 28.753498], [77.497841, 28.753485], [77.497843, 28.753473], [77.497844, 28.753464], [77.497847, 28.75345], [77.497849, 28.753436], [77.49785, 28.753427], [77.497852, 28.753415], [77.497856, 28.753401], [77.497864, 28.753396], [77.497871, 28.753391], [77.497878, 28.753386], [77.497885, 28.75338], [77.497893, 28.753373], [77.497901, 28.753366], [77.497908, 28.753359], [77.497915, 28.753352], [77.497921, 28.753345], [77.497927, 28.753338], [77.497933, 28.753331], [77.49794, 28.753322], [77.497947, 28.753313], [77.497953, 28.753304], [77.497958, 28.753297], [77.497962, 28.75329], [77.497968, 28.753279], [77.497974, 28.753269], [77.497977, 28.753262], [77.497982, 28.753252], [77.497987, 28.753241], [77.49799, 28.753234], [77.497995, 28.75322], [77.497998, 28.753213], [77.498003, 28.7532], [77.498005, 28.753192], [77.49801, 28.753179], [77.498012, 28.753171], [77.498016, 28.753158], [77.498018, 28.753151], [77.498022, 28.753137], [77.498024, 28.753129], [77.498027, 28.753116], [77.49803, 28.753102], [77.498038, 28.753097], [77.498045, 28.753095], [77.498059, 28.753091], [77.498071, 28.753088], [77.498079, 28.753086], [77.498093, 28.753082], [77.4981, 28.753079], [77.498114, 28.753075], [77.498121, 28.753073], [77.498135, 28.753068], [77.498142, 28.753065], [77.498154, 28.75306], [77.498163, 28.753057], [77.498171, 28.753053], [77.498184, 28.753047], [77.498191, 28.753044], [77.4982, 28.753039], [77.498211, 28.753033], [77.498218, 28.753029], [77.498225, 28.753025], [77.498235, 28.753018], [77.498245, 28.753011], [77.498253, 28.753006], [77.49826, 28.753001], [77.498267, 28.752995], [77.498274, 28.752989], [77.498281, 28.752983], [77.498288, 28.752977], [77.498295, 28.75297], [77.498302, 28.752962], [77.498309, 28.752955], [77.498316, 28.752947], [77.498323, 28.752938], [77.49833, 28.752933], [77.498344, 28.752929], [77.498351, 28.752927], [77.498364, 28.752924], [77.498374, 28.752921], [77.498385, 28.752918], [77.498397, 28.752914], [77.498406, 28.752911], [77.498418, 28.752907], [77.498427, 28.752904], [77.498438, 28.7529], [77.498448, 28.752896], [77.498457, 28.752893], [77.498469, 28.752888], [77.498476, 28.752885], [77.49849, 28.752879], [77.498497, 28.752876], [77.498505, 28.752872], [77.498517, 28.752866], [77.498524, 28.752863], [77.498532, 28.752858], [77.498545, 28.752851], [77.498552, 28.752847], [77.498559, 28.752843], [77.498568, 28.752837], [77.498578, 28.75283], [77.498587, 28.752824], [77.498594, 28.752819], [77.498601, 28.752814], [77.498608, 28.752809], [77.498618, 28.75281], [77.498622, 28.75282], [77.498623, 28.75283], [77.498625, 28.752844], [77.498627, 28.752858], [77.498629, 28.75287], [77.49863, 28.752879], [77.498631, 28.752893], [77.498633, 28.752907], [77.498635, 28.752921], [77.498636, 28.752932], [77.498637, 28.752942], [77.498638, 28.752956], [77.498639, 28.75297], [77.49864, 28.752984], [77.498641, 28.752997], [77.498643, 28.753011], [77.498643, 28.753018], [77.498644, 28.753032], [77.498645, 28.753046], [77.498646, 28.75306], [77.498647, 28.753074], [77.498648, 28.753088], [77.498649, 28.753102], [77.49865, 28.753113], [77.49865, 28.753123], [77.498652, 28.753137], [77.498653, 28.753151], [77.498655, 28.753164], [77.498656, 28.753178], [77.498657, 28.753185], [77.49866, 28.753199], [77.498662, 28.753213], [77.498663, 28.75322], [77.498666, 28.753234], [77.49867, 28.753248], [77.498672, 28.753255], [77.498676, 28.753269], [77.498679, 28.753276], [77.498684, 28.753289], [77.498688, 28.753297], [77.498692, 28.753304], [77.498698, 28.753314], [77.498705, 28.753323], [77.498712, 28.75333], [77.498719, 28.753337], [77.498726, 28.753343], [77.498733, 28.753348], [77.498741, 28.753352], [77.498754, 28.753359], [77.498761, 28.753362], [77.498771, 28.753366], [77.498782, 28.75337], [77.498792, 28.753373], [77.498802, 28.753376], [77.498816, 28.753379], [77.498823, 28.753381], [77.498837, 28.753383], [77.498851, 28.753385], [77.498863, 28.753387], [77.498872, 28.753388], [77.498886, 28.75339], [77.4989, 28.753392], [77.498914, 28.753394], [77.498921, 28.753398], [77.498928, 28.753402], [77.498932, 28.753415], [77.498934, 28.753429], [77.498936, 28.753436], [77.498938, 28.75345], [77.498941, 28.753464], [77.498943, 28.753471], [77.498946, 28.753485], [77.498949, 28.753493], [77.498952, 28.753505], [77.498955, 28.753514], [77.49896, 28.753526], [77.498963, 28.753533], [77.498969, 28.753545], [77.498974, 28.753554], [77.498979, 28.753561], [77.498984, 28.753568], [77.49899, 28.753576], [77.498997, 28.753583], [77.499004, 28.75359], [77.499011, 28.753596], [77.499021, 28.753603], [77.499032, 28.75361], [77.499039, 28.753613], [77.499046, 28.753617], [77.49906, 28.753623], [77.499067, 28.753626], [77.499081, 28.75363], [77.499088, 28.753632], [77.499101, 28.753636], [77.499108, 28.753638], [77.499122, 28.753641], [77.499136, 28.753644], [77.499143, 28.753645], [77.499157, 28.753648], [77.499171, 28.75365], [77.499185, 28.753652], [77.499192, 28.753652], [77.499206, 28.753656], [77.499213, 28.753661], [77.49922, 28.753665], [77.499231, 28.753672], [77.499241, 28.753678], [77.499247, 28.753682], [77.499256, 28.753686], [77.499268, 28.753692], [77.499275, 28.753695], [77.499288, 28.7537], [77.499296, 28.753707], [77.49929, 28.753721], [77.499288, 28.753728], [77.499284, 28.753742], [77.499282, 28.753749], [77.499278, 28.753763], [77.499275, 28.753777], [77.499274, 28.753784], [77.499271, 28.753798], [77.499269, 28.753812], [77.499268, 28.753819], [77.499266, 28.753832], [77.499264, 28.753846], [77.499263, 28.75386], [77.499261, 28.75387], [77.49926, 28.753881], [77.499259, 28.753895], [77.499258, 28.753909], [77.499257, 28.753923], [77.499256, 28.753937], [77.499255, 28.753951], [77.499254, 28.753958], [77.499253, 28.753972], [77.499252, 28.753985], [77.499252, 28.753999], [77.499247, 28.754009], [77.499241, 28.754017], [77.499234, 28.754025], [77.499227, 28.754032], [77.49922, 28.754039], [77.499213, 28.754046], [77.499206, 28.754052], [77.499192, 28.754054], [77.499178, 28.754054], [77.499164, 28.754054], [77.49915, 28.754054], [77.499136, 28.754054], [77.499122, 28.754054], [77.499108, 28.754054], [77.499095, 28.754054], [77.499081, 28.754054], [77.499067, 28.754053], [77.499053, 28.754053], [77.499039, 28.754053], [77.499025, 28.754053], [77.499011, 28.754053], [77.498997, 28.754053], [77.498983, 28.754053], [77.498969, 28.754053], [77.498955, 28.754053], [77.498942, 28.754053], [77.498928, 28.754053], [77.498914, 28.754053], [77.4989, 28.754052], [77.498886, 28.75405], [77.498872, 28.754049]]}}, {"type": "Feature", "properties": {"elevation_m": 216.0, "source": "Copernicus GLO-30 30m, bilinear display smoothing \u2014 not survey"}, "geometry": {"type": "LineString", "coordinates": [[77.500666, 28.753242], [77.500659, 28.753235], [77.500652, 28.753227], [77.500646, 28.75322], [77.500639, 28.753213], [77.500631, 28.753206], [77.500624, 28.753201], [77.500617, 28.753196], [77.50061, 28.753192], [77.500599, 28.753185], [77.500589, 28.753181], [77.500582, 28.753178], [77.500569, 28.753172], [77.500562, 28.75317], [77.500548, 28.753165], [77.500541, 28.753163], [77.500527, 28.753159], [77.50052, 28.753158], [77.500506, 28.753154], [77.500492, 28.753152], [77.500485, 28.75315], [77.500471, 28.753148], [77.500457, 28.753146], [77.500443, 28.753144], [77.500436, 28.753143], [77.500423, 28.753141], [77.500409, 28.75314], [77.500395, 28.753138], [77.500381, 28.753137], [77.500374, 28.753136], [77.500366, 28.75313], [77.500359, 28.753123], [77.50035, 28.753116], [77.500341, 28.753109], [77.500332, 28.753103], [77.500327, 28.753095], [77.500324, 28.753088], [77.500318, 28.753079], [77.500311, 28.753067], [77.500307, 28.75306], [77.500303, 28.753053], [77.500297, 28.753045], [77.50029, 28.753035], [77.500284, 28.753026], [77.500278, 28.753018], [77.500272, 28.753011], [77.500266, 28.753004], [77.50026, 28.752997], [77.500253, 28.752991], [77.500247, 28.752984], [77.50024, 28.752977], [77.500232, 28.75297], [77.500225, 28.752963], [77.500217, 28.752956], [77.500208, 28.752949], [77.5002, 28.752943], [77.500193, 28.752937], [77.500186, 28.752932], [77.500179, 28.752928], [77.500169, 28.752921], [77.500158, 28.752914], [77.500151, 28.75291], [77.500144, 28.752906], [77.500133, 28.7529], [77.500124, 28.752895], [77.500117, 28.752891], [77.500106, 28.752886], [77.500096, 28.752882], [77.500089, 28.752879], [77.500075, 28.752874], [77.500062, 28.752872], [77.500054, 28.752871], [77.50004, 28.752869], [77.500026, 28.752867], [77.500012, 28.752865], [77.500005, 28.752864], [77.499991, 28.752863], [77.499978, 28.752861], [77.499964, 28.752859], [77.499957, 28.752858], [77.499943, 28.752856], [77.499929, 28.752855], [77.499915, 28.752853], [77.499901, 28.752851], [77.499894, 28.752851], [77.49988, 28.752849], [77.499866, 28.752847], [77.499852, 28.752846], [77.499839, 28.752844], [77.499832, 28.752844], [77.499818, 28.752842], [77.499804, 28.752841], [77.49979, 28.752839], [77.499783, 28.752835], [77.499776, 28.752829], [77.499769, 28.752823], [77.499762, 28.752817], [77.499754, 28.75281], [77.499747, 28.752803], [77.499746, 28.752789], [77.499746, 28.752775], [77.499746, 28.752761], [77.499747, 28.752747], [77.499747, 28.752733], [77.499747, 28.752719], [77.499748, 28.752705], [77.499748, 28.752691], [77.499748, 28.752679], [77.499748, 28.75267], [77.499749, 28.752657], [77.499749, 28.752643], [77.499749, 28.752629], [77.49975, 28.752615], [77.49975, 28.752601], [77.49975, 28.752587], [77.49975, 28.752573], [77.499751, 28.752559], [77.499751, 28.752545], [77.499751, 28.752531], [77.499752, 28.752517], [77.499752, 28.752503], [77.499752, 28.75249], [77.499752, 28.752476], [77.499752, 28.752462], [77.499752, 28.752448], [77.499752, 28.752434], [77.499751, 28.75242], [77.499751, 28.752406], [77.499751, 28.752392], [77.499751, 28.752378], [77.499751, 28.752364], [77.499751, 28.75235], [77.49975, 28.752336], [77.49975, 28.752323], [77.49975, 28.752309], [77.499749, 28.752295], [77.499749, 28.752281], [77.499748, 28.752272], [77.499747, 28.75226], [77.499746, 28.752246], [77.499744, 28.752232], [77.499741, 28.752223], [77.499735, 28.752211], [77.499728, 28.752204], [77.499738, 28.752197], [77.499748, 28.752197], [77.499762, 28.752195], [77.499776, 28.752194], [77.49979, 28.752193], [77.499804, 28.752191], [77.499811, 28.75219], [77.499825, 28.752188], [77.499839, 28.752186], [77.499852, 28.752184], [77.499859, 28.752183], [77.499873, 28.75218], [77.499887, 28.752177], [77.499894, 28.752175], [77.499908, 28.752172], [77.499917, 28.75217], [77.499929, 28.752166], [77.499941, 28.752163], [77.49995, 28.75216], [77.499961, 28.752156], [77.499971, 28.752152], [77.499978, 28.752149], [77.499991, 28.752142], [77.499998, 28.752138], [77.500005, 28.752134], [77.500016, 28.752128], [77.500026, 28.752121], [77.500033, 28.752115], [77.50004, 28.752109], [77.500047, 28.752103], [77.500054, 28.752096], [77.500061, 28.752088], [77.500068, 28.752079], [77.500073, 28.752072], [77.500082, 28.752066], [77.500087, 28.752079], [77.50009, 28.752086], [77.500096, 28.752096], [77.500103, 28.752106], [77.500109, 28.752114], [77.500117, 28.752121], [77.500124, 28.752126], [77.500131, 28.752131], [77.500137, 28.752135], [77.500151, 28.752141], [77.500158, 28.752144], [77.500172, 28.752148], [77.500179, 28.75215], [77.500193, 28.752153], [77.500204, 28.752156], [77.500214, 28.752157], [77.500228, 28.752159], [77.500242, 28.752161], [77.500252, 28.752163], [77.500263, 28.752164], [77.500277, 28.752165], [77.50029, 28.752166], [77.500304, 28.752167], [77.500318, 28.752168], [77.500332, 28.752169], [77.500342, 28.75217], [77.500353, 28.75217], [77.500367, 28.752171], [77.500379, 28.752176], [77.500385, 28.752183], [77.500392, 28.75219], [77.500399, 28.752197], [77.500402, 28.752206], [77.500405, 28.752218], [77.500409, 28.752231], [77.500411, 28.752239], [77.500415, 28.752253], [77.500418, 28.75226], [77.500422, 28.752274], [77.500425, 28.752281], [77.50043, 28.752293], [77.500433, 28.752302], [77.500436, 28.75231], [77.500442, 28.752323], [77.500445, 28.75233], [77.50045, 28.75234], [77.500456, 28.75235], [77.500459, 28.752357], [77.500464, 28.752366], [77.500471, 28.752378], [77.500476, 28.752385], [77.500481, 28.752392], [77.500486, 28.752399], [77.500492, 28.752408], [77.500499, 28.752416], [77.500506, 28.752425], [77.500513, 28.752432], [77.50052, 28.75244], [77.500527, 28.752446], [77.500534, 28.752453], [77.500541, 28.752459], [77.500548, 28.752465], [77.500555, 28.752471], [77.500562, 28.752476], [77.500571, 28.752483], [77.500581, 28.75249], [77.500589, 28.752495], [77.500596, 28.7525], [77.500603, 28.752508], [77.50061, 28.752517], [77.500615, 28.752524], [77.50062, 28.752531], [77.500625, 28.752538], [77.500631, 28.752547], [77.500638, 28.752555], [77.500645, 28.752564], [77.500652, 28.752572], [77.500659, 28.75258], [77.500665, 28.752587], [77.500668, 28.752594], [77.500673, 28.752604], [77.500678, 28.752615], [77.500681, 28.752622], [77.500687, 28.752633], [77.500692, 28.752643], [77.500696, 28.75265], [77.500701, 28.752659], [77.500708, 28.75267], [77.500712, 28.752677], [77.500716, 28.752684], [77.500722, 28.752692], [77.500729, 28.752702], [77.500735, 28.752712], [77.500741, 28.752719], [77.500747, 28.752726], [77.500753, 28.752733], [77.500759, 28.75274], [77.500765, 28.752747], [77.500771, 28.752754], [77.500778, 28.752761], [77.500785, 28.752768], [77.500792, 28.752775], [77.5008, 28.752782], [77.500808, 28.752789], [77.500817, 28.752796], [77.500823, 28.752803], [77.500819, 28.752812], [77.500815, 28.752824], [77.500812, 28.752831], [77.500807, 28.752844], [77.500804, 28.752851], [77.500799, 28.752865], [77.500797, 28.752872], [77.500792, 28.752886], [77.50079, 28.752893], [77.500785, 28.752907], [77.500782, 28.752914], [77.500778, 28.752928], [77.500776, 28.752935], [77.500771, 28.752949], [77.500769, 28.752956], [77.500764, 28.75297], [77.500762, 28.752977], [77.500758, 28.752991], [77.500756, 28.752997], [77.500751, 28.753011], [77.500749, 28.753018], [77.500745, 28.753032], [77.500742, 28.753041], [77.500739, 28.753053], [77.500735, 28.753065], [77.500733, 28.753074], [77.500729, 28.753088], [77.500727, 28.753095], [77.500722, 28.753108], [77.500718, 28.753116], [77.500714, 28.753123], [77.500708, 28.753136], [77.500704, 28.753144], [77.500701, 28.753151], [77.500695, 28.753164], [77.500692, 28.753171], [77.500687, 28.753183], [77.500683, 28.753192], [77.50068, 28.753201], [77.500676, 28.753213], [77.500673, 28.753221], [77.500668, 28.753234], [77.500666, 28.753242]]}}, {"type": "Feature", "properties": {"elevation_m": 218.0, "source": "Copernicus GLO-30 30m, bilinear display smoothing \u2014 not survey"}, "geometry": {"type": "LineString", "coordinates": [[77.500493, 28.753652], [77.500492, 28.753645], [77.500491, 28.753638], [77.500489, 28.753624], [77.500487, 28.75361], [77.500485, 28.753596], [77.500484, 28.753589], [77.500482, 28.753575], [77.50048, 28.753561], [77.500478, 28.753547], [77.500477, 28.75354], [77.500475, 28.753526], [77.500473, 28.753512], [77.500471, 28.753503], [77.500469, 28.753491], [77.500467, 28.753478], [77.500464, 28.753464], [77.500463, 28.753457], [77.500461, 28.753443], [77.500458, 28.753429], [77.500457, 28.753422], [77.500454, 28.753408], [77.50045, 28.7534], [77.500443, 28.753393], [77.500436, 28.753387], [77.500428, 28.75338], [77.50042, 28.753373], [77.500411, 28.753366], [77.500402, 28.753359], [77.500395, 28.753355], [77.500388, 28.75335], [77.500381, 28.753345], [77.500373, 28.753338], [77.500367, 28.753328], [77.500362, 28.753318], [77.500358, 28.753311], [77.500353, 28.753301], [77.500347, 28.75329], [77.500342, 28.753283], [77.500338, 28.753276], [77.500332, 28.753267], [77.500325, 28.753257], [77.500318, 28.753248], [77.500312, 28.753241], [77.500306, 28.753234], [77.5003, 28.753227], [77.500294, 28.75322], [77.500287, 28.753213], [77.500279, 28.753206], [77.500272, 28.753199], [77.500263, 28.753192], [77.500256, 28.753186], [77.500249, 28.753181], [77.500242, 28.753176], [77.500235, 28.753171], [77.500225, 28.753164], [77.500214, 28.753158], [77.500207, 28.753154], [77.5002, 28.75315], [77.500187, 28.753144], [77.500179, 28.75314], [77.500172, 28.753136], [77.500158, 28.75313], [77.500151, 28.753127], [77.500141, 28.753123], [77.500131, 28.753119], [77.500122, 28.753116], [77.50011, 28.753111], [77.500102, 28.753109], [77.500089, 28.753105], [77.500076, 28.753102], [77.500068, 28.753099], [77.500054, 28.753096], [77.500047, 28.753094], [77.500033, 28.75309], [77.500026, 28.753088], [77.500012, 28.753084], [77.5, 28.753081], [77.499991, 28.753079], [77.499978, 28.753075], [77.499971, 28.753073], [77.499957, 28.75307], [77.499945, 28.753067], [77.499936, 28.753065], [77.499922, 28.753062], [77.499915, 28.75306], [77.499901, 28.753057], [77.499887, 28.753053], [77.49988, 28.753052], [77.499866, 28.753049], [77.499855, 28.753046], [77.499845, 28.753044], [77.499832, 28.753041], [77.499823, 28.753039], [77.499811, 28.753037], [77.499797, 28.753034], [77.49979, 28.753032], [77.499776, 28.753026], [77.499769, 28.753023], [77.499761, 28.753018], [77.499748, 28.753012], [77.499741, 28.753008], [77.499734, 28.753004], [77.499724, 28.752997], [77.499713, 28.752991], [77.499706, 28.752987], [77.499699, 28.752982], [77.499692, 28.752977], [77.499682, 28.75297], [77.499672, 28.752963], [77.499665, 28.752957], [77.499658, 28.752951], [77.499651, 28.752946], [77.499644, 28.75294], [77.499637, 28.752934], [77.49963, 28.752927], [77.499623, 28.752921], [77.499616, 28.752914], [77.499609, 28.752907], [77.499602, 28.7529], [77.499595, 28.752892], [77.499588, 28.752884], [77.499581, 28.752876], [77.499574, 28.752868], [77.499567, 28.752859], [77.499561, 28.752851], [77.499556, 28.752844], [77.499551, 28.752837], [77.499546, 28.75283], [77.49954, 28.75282], [77.499533, 28.75281], [77.499529, 28.752803], [77.499529, 28.752789], [77.499531, 28.752775], [77.499532, 28.752761], [77.499533, 28.752754], [77.499535, 28.75274], [77.499536, 28.752726], [77.499538, 28.752712], [77.499539, 28.752698], [77.49954, 28.752691], [77.499542, 28.752677], [77.499543, 28.752664], [77.499545, 28.75265], [77.499546, 28.752636], [77.499547, 28.752629], [77.499548, 28.752615], [77.49955, 28.752601], [77.499551, 28.752587], [77.499553, 28.752573], [77.499553, 28.752565], [77.499555, 28.752552], [77.499556, 28.752538], [77.499557, 28.752524], [77.499559, 28.75251], [77.499558, 28.752497], [77.499553, 28.75249], [77.499546, 28.75248], [77.49954, 28.75247], [77.499533, 28.752462], [77.499527, 28.752455], [77.499521, 28.752448], [77.499515, 28.752441], [77.499508, 28.752434], [77.499501, 28.752427], [77.499495, 28.75242], [77.49949, 28.752413], [77.499484, 28.752404], [77.499477, 28.752393], [77.499472, 28.752385], [77.499467, 28.752378], [77.499462, 28.752371], [77.499456, 28.752362], [77.499449, 28.752352], [77.499443, 28.752343], [77.499438, 28.752336], [77.499433, 28.75233], [77.499428, 28.752323], [77.499421, 28.752314], [77.499414, 28.752305], [77.499407, 28.752296], [77.499401, 28.752288], [77.499396, 28.752281], [77.49939, 28.752274], [77.499384, 28.752267], [77.499379, 28.75226], [77.499373, 28.752253], [77.499366, 28.752244], [77.499359, 28.752236], [77.499352, 28.752228], [77.499345, 28.75222], [77.499338, 28.752212], [77.499331, 28.752205], [77.499326, 28.752197], [77.499329, 28.752183], [77.499331, 28.752172], [77.499333, 28.752163], [77.499336, 28.752149], [77.499338, 28.752138], [77.49934, 28.752128], [77.499343, 28.752114], [77.499345, 28.752107], [77.499348, 28.752093], [77.499351, 28.752079], [77.499353, 28.752072], [77.499356, 28.752058], [77.499359, 28.752049], [77.499362, 28.752037], [77.499366, 28.752023], [77.499367, 28.752016], [77.499371, 28.752003], [77.499373, 28.751996], [77.499377, 28.751982], [77.49938, 28.751974], [77.499384, 28.751961], [77.499387, 28.751952], [77.49939, 28.75194], [77.499394, 28.751931], [77.499398, 28.751919], [77.4994, 28.751911], [77.499405, 28.751898], [77.499414, 28.751895], [77.499426, 28.751891], [77.499435, 28.751888], [77.499449, 28.751884], [77.499456, 28.751882], [77.49947, 28.751878], [77.499477, 28.751876], [77.499491, 28.751872], [77.499505, 28.751871], [77.499519, 28.751872], [77.499533, 28.751872], [77.499546, 28.751873], [77.49956, 28.751874], [77.499574, 28.751874], [77.499588, 28.751875], [77.499602, 28.751875], [77.499616, 28.751876], [77.49963, 28.751877], [77.499644, 28.751877], [77.499651, 28.751878], [77.499665, 28.751878], [77.499679, 28.751879], [77.499692, 28.751879], [77.499706, 28.75188], [77.49972, 28.75188], [77.499734, 28.751881], [77.499748, 28.751881], [77.499762, 28.751882], [77.499776, 28.751882], [77.49979, 28.751882], [77.499804, 28.75188], [77.499817, 28.751877], [77.499825, 28.751876], [77.499839, 28.751873], [77.49985, 28.75187], [77.499859, 28.751868], [77.499873, 28.751864], [77.49988, 28.751862], [77.499894, 28.751858], [77.499901, 28.751856], [77.499915, 28.751852], [77.499922, 28.751849], [77.499936, 28.751844], [77.499943, 28.751841], [77.499955, 28.751836], [77.499964, 28.751831], [77.499971, 28.751828], [77.499982, 28.751822], [77.499991, 28.751816], [77.499998, 28.751811], [77.500005, 28.751806], [77.500013, 28.751801], [77.500021, 28.751794], [77.500029, 28.751787], [77.500036, 28.75178], [77.500043, 28.751773], [77.500049, 28.751766], [77.500055, 28.751759], [77.500061, 28.751751], [77.500066, 28.751743]]}}, {"type": "Feature", "properties": {"elevation_m": 218.0, "source": "Copernicus GLO-30 30m, bilinear display smoothing \u2014 not survey"}, "geometry": {"type": "LineString", "coordinates": [[77.497549, 28.753628], [77.497546, 28.753617], [77.497544, 28.753604], [77.497542, 28.753596], [77.497539, 28.753582], [77.497537, 28.753573], [77.497534, 28.753561], [77.497531, 28.753547], [77.497529, 28.75354], [77.497525, 28.753526], [77.497523, 28.753519], [77.497519, 28.753505], [77.497516, 28.753495], [77.497513, 28.753485], [77.497509, 28.753474], [77.497506, 28.753464], [77.497502, 28.753455], [77.497498, 28.753443], [77.497495, 28.753436], [77.497489, 28.753422], [77.497486, 28.753415], [77.497484, 28.753401], [77.497495, 28.753396], [77.497502, 28.753393], [77.497514, 28.753387], [77.497523, 28.753382], [77.49753, 28.753379], [77.49754, 28.753373], [77.497551, 28.753367], [77.497558, 28.753363], [77.497565, 28.753359], [77.497577, 28.753352], [77.497586, 28.753347], [77.497593, 28.753342], [77.4976, 28.753337], [77.497608, 28.753331], [77.497618, 28.753325], [77.497627, 28.753318], [77.497634, 28.753312], [77.497641, 28.753307], [77.497648, 28.753301], [77.497655, 28.753295], [77.497662, 28.753289], [77.497669, 28.753283], [77.497677, 28.753276], [77.497684, 28.753269], [77.497691, 28.753262], [77.497698, 28.753255], [77.497705, 28.753248], [77.497711, 28.753241], [77.497718, 28.753233], [77.497725, 28.753225], [77.497732, 28.753217], [77.497739, 28.753208], [77.497746, 28.7532], [77.497753, 28.753193], [77.49776, 28.753186], [77.497766, 28.753179], [77.497773, 28.753171], [77.497779, 28.753164], [77.497785, 28.753158], [77.497791, 28.753151], [77.497796, 28.753144], [77.497801, 28.753137], [77.497808, 28.753127], [77.497815, 28.753117], [77.497821, 28.753109], [77.497826, 28.753102], [77.497829, 28.753093], [77.497834, 28.753081], [77.497837, 28.753074], [77.497843, 28.75306], [77.497846, 28.753053], [77.49785, 28.753045], [77.497856, 28.753032], [77.49786, 28.753025], [77.497864, 28.753018], [77.497871, 28.753006], [77.497876, 28.752997], [77.49788, 28.752991], [77.497885, 28.752983], [77.497892, 28.752972], [77.497898, 28.752963], [77.497903, 28.752956], [77.497909, 28.752949], [77.497914, 28.752942], [77.49792, 28.752935], [77.497926, 28.752927], [77.497933, 28.752919], [77.49794, 28.752912], [77.497947, 28.752904], [77.497954, 28.752898], [77.497961, 28.752891], [77.497968, 28.752885], [77.497975, 28.752879], [77.497983, 28.752872], [77.497991, 28.752865], [77.498001, 28.752858], [77.49801, 28.752852], [77.498017, 28.752847], [77.498024, 28.752842], [77.498031, 28.752837], [77.498041, 28.75283], [77.498049, 28.752824], [77.498058, 28.752817], [77.498065, 28.75281], [77.498072, 28.752804], [77.498079, 28.7528], [77.49809, 28.752796], [77.4981, 28.752792], [77.498107, 28.752789], [77.498121, 28.752783], [77.498128, 28.75278], [77.498141, 28.752775], [77.498149, 28.752771], [77.498157, 28.752768], [77.49817, 28.752762], [77.498177, 28.752759], [77.498188, 28.752754], [77.498198, 28.752749], [77.498205, 28.752746], [77.498217, 28.75274], [77.498225, 28.752736], [77.498232, 28.752732], [77.498244, 28.752726], [77.498253, 28.752722], [77.49826, 28.752718], [77.498271, 28.752712], [77.498281, 28.752706], [77.498288, 28.752702], [77.498295, 28.752698], [77.498307, 28.752691], [77.498316, 28.752686], [77.498323, 28.752682], [77.498337, 28.752681], [77.498351, 28.752681], [77.498364, 28.752682], [77.498378, 28.752683], [77.498392, 28.752684], [77.498406, 28.752684], [77.498413, 28.752685], [77.498427, 28.752685], [77.498441, 28.752686], [77.498455, 28.752687], [77.498469, 28.752687], [77.498483, 28.752688], [77.498497, 28.752688], [77.49851, 28.752689], [77.498524, 28.752689], [77.498538, 28.75269], [77.498552, 28.75269], [77.498566, 28.752691], [77.498579, 28.752691], [77.498587, 28.752692], [77.498601, 28.752692], [77.498615, 28.752692], [77.498629, 28.752696], [77.498636, 28.752699], [77.49865, 28.752705], [77.498656, 28.752707], [77.498668, 28.752712], [77.498677, 28.752717], [77.498684, 28.75272], [77.498698, 28.752726], [77.498705, 28.75273], [77.498712, 28.752733], [77.498725, 28.75274], [77.498733, 28.752745], [77.49874, 28.752749], [77.498749, 28.752754], [77.49876, 28.752761], [77.498768, 28.752766], [77.498775, 28.75277], [77.498782, 28.752775], [77.498791, 28.752782], [77.4988, 28.752789], [77.498809, 28.752796], [77.498815, 28.752803], [77.498811, 28.752817], [77.498809, 28.752824], [77.498806, 28.752837], [77.498803, 28.752851], [77.498801, 28.752858], [77.498798, 28.752872], [77.498796, 28.752884], [77.498794, 28.752893], [77.498791, 28.752907], [77.498789, 28.752921], [77.498787, 28.752928], [77.498785, 28.752942], [77.498783, 28.752956], [77.498782, 28.752963], [77.49878, 28.752977], [77.498778, 28.752991], [77.498776, 28.753004], [77.498775, 28.753012], [77.498773, 28.753025], [77.498771, 28.753039], [77.49877, 28.753053], [77.498768, 28.753067], [77.498767, 28.753074], [77.498766, 28.753088], [77.498764, 28.753102], [77.498768, 28.753109], [77.498774, 28.753123], [77.498778, 28.75313], [77.498782, 28.753137], [77.498789, 28.753149], [77.498794, 28.753158], [77.498799, 28.753164], [77.498804, 28.753171], [77.498809, 28.753179], [77.498816, 28.753188], [77.498823, 28.753196], [77.49883, 28.753204], [77.498837, 28.753211], [77.498844, 28.753217], [77.498851, 28.753223], [77.498858, 28.753229], [77.498865, 28.753235], [77.498874, 28.753241], [77.498884, 28.753248], [77.498893, 28.753254], [77.4989, 28.753258], [77.498907, 28.753262], [77.498921, 28.753266], [77.498931, 28.753269], [77.498942, 28.753271], [77.498955, 28.753275], [77.498962, 28.753277], [77.498976, 28.753281], [77.498984, 28.753283], [77.498997, 28.753287], [77.499005, 28.75329], [77.499018, 28.753294], [77.499025, 28.753297], [77.499039, 28.753302], [77.499046, 28.753305], [77.499058, 28.753311], [77.499067, 28.753315], [77.499074, 28.753318], [77.499085, 28.753325], [77.499095, 28.75333], [77.499101, 28.753334], [77.499108, 28.753339], [77.499118, 28.753345], [77.499127, 28.753352], [77.499136, 28.753359], [77.499143, 28.753366], [77.49915, 28.753372], [77.499157, 28.753379], [77.499164, 28.753386], [77.499171, 28.753394], [77.499177, 28.753401], [77.499184, 28.753408], [77.499191, 28.753415], [77.499199, 28.753422], [77.499205, 28.753429], [77.499209, 28.753436], [77.499213, 28.753443], [77.49922, 28.753453], [77.499227, 28.753464], [77.499231, 28.753471], [77.499237, 28.753478], [77.499242, 28.753485], [77.499247, 28.753492], [77.499254, 28.7535], [77.499261, 28.753508], [77.499268, 28.753516], [77.499275, 28.753523], [77.499282, 28.75353], [77.499289, 28.753537], [77.499296, 28.753543], [77.499303, 28.753549], [77.49931, 28.753555], [77.499318, 28.753561], [77.499327, 28.753568], [77.499337, 28.753575], [77.499345, 28.75358], [77.499352, 28.753585], [77.499359, 28.753589], [77.49937, 28.753596], [77.49938, 28.753601], [77.499387, 28.753605], [77.499396, 28.75361], [77.499407, 28.753616], [77.499414, 28.753619], [77.499425, 28.753624], [77.499435, 28.753628], [77.499442, 28.753631], [77.499456, 28.753637], [77.499463, 28.753639], [77.499477, 28.753644], [77.499484, 28.753647], [77.499497, 28.753652], [77.499505, 28.753654], [77.499515, 28.753658], [77.499526, 28.753663], [77.499533, 28.753665], [77.499546, 28.753671], [77.499553, 28.753673], [77.499567, 28.753679], [77.499574, 28.753681], [77.499587, 28.753686], [77.499595, 28.753689], [77.499605, 28.753693], [77.499616, 28.753697], [77.499623, 28.7537], [77.499631, 28.753707], [77.499627, 28.753714], [77.499623, 28.753721], [77.499616, 28.753733], [77.49961, 28.753742], [77.499605, 28.753749], [77.4996, 28.753756], [77.499595, 28.753763], [77.499588, 28.753771], [77.499581, 28.753778], [77.499574, 28.753786], [77.499567, 28.753793], [77.49956, 28.753799], [77.499553, 28.753805], [77.499546, 28.753812], [77.499537, 28.753819], [77.499527, 28.753825], [77.499519, 28.753831], [77.499512, 28.753835], [77.499505, 28.753839], [77.499495, 28.753846], [77.499488, 28.753853], [77.499482, 28.75386]]}}, {"type": "Feature", "properties": {"elevation_m": 218.0, "source": "Copernicus GLO-30 30m, bilinear display smoothing \u2014 not survey"}, "geometry": {"type": "LineString", "coordinates": [[77.501097, 28.752903], [77.501095, 28.752914], [77.501093, 28.752928], [77.501091, 28.752942], [77.50109, 28.752949], [77.501088, 28.752963], [77.501085, 28.752977], [77.501083, 28.752989], [77.501082, 28.752997], [77.501079, 28.753011], [77.501076, 28.753025], [77.501075, 28.753032], [77.501072, 28.753046], [77.50107, 28.75306], [77.501068, 28.753067], [77.501065, 28.753081], [77.501062, 28.753094], [77.50106, 28.753102], [77.501055, 28.75311], [77.501048, 28.75312], [77.501041, 28.753129], [77.501036, 28.753137], [77.50103, 28.753144], [77.501024, 28.753151], [77.501017, 28.753158], [77.501011, 28.753164], [77.501003, 28.753171], [77.500996, 28.753178], [77.500988, 28.753185], [77.500979, 28.753192], [77.500972, 28.753198], [77.500965, 28.753203], [77.500958, 28.753207], [77.500951, 28.753215], [77.500944, 28.753224], [77.500937, 28.753232], [77.50093, 28.753241], [77.500925, 28.753248], [77.500919, 28.753255], [77.500914, 28.753262], [77.500909, 28.753269], [77.500902, 28.753279], [77.500895, 28.753289], [77.500894, 28.753291]]}}, {"type": "Feature", "properties": {"elevation_m": 218.0, "source": "Copernicus GLO-30 30m, bilinear display smoothing \u2014 not survey"}, "geometry": {"type": "LineString", "coordinates": [[77.495986, 28.754089], [77.49598, 28.754083], [77.495973, 28.754076], [77.495966, 28.754068], [77.495959, 28.754061], [77.495952, 28.754053], [77.495945, 28.754044], [77.495938, 28.754035], [77.495932, 28.754027], [77.495927, 28.75402], [77.495923, 28.754013], [77.495921, 28.753999], [77.495926, 28.753992], [77.495932, 28.753985], [77.495938, 28.753979], [77.495945, 28.753971], [77.495952, 28.753964], [77.495959, 28.753957], [77.495966, 28.753951], [77.495973, 28.753944], [77.495982, 28.753937], [77.495993, 28.753931], [77.496001, 28.75393], [77.496014, 28.753927], [77.496028, 28.753924], [77.496035, 28.753922], [77.496049, 28.753918], [77.496056, 28.753916], [77.49607, 28.753911], [77.496077, 28.753909], [77.496091, 28.753904], [77.496098, 28.753901], [77.496111, 28.753895], [77.496119, 28.753892], [77.496126, 28.753888], [77.496138, 28.753881], [77.496146, 28.753876], [77.496153, 28.753871], [77.49616, 28.753866], [77.496167, 28.75386], [77.496176, 28.753853], [77.496183, 28.753846], [77.49619, 28.753839], [77.496196, 28.753832], [77.496202, 28.753825], [77.496209, 28.753815], [77.496216, 28.753805], [77.49622, 28.753798], [77.496224, 28.753791], [77.49623, 28.753779], [77.496234, 28.75377], [77.496237, 28.753763], [77.496243, 28.753749], [77.496246, 28.753742], [77.49625, 28.753728], [77.496252, 28.753721], [77.496257, 28.753707], [77.496261, 28.7537], [77.496267, 28.753693], [77.496274, 28.753686], [77.496285, 28.75368], [77.496292, 28.753679], [77.496306, 28.753677], [77.49632, 28.753674], [77.496332, 28.753672], [77.496341, 28.753671], [77.496355, 28.753669], [77.496369, 28.753667], [77.496376, 28.753665], [77.49639, 28.753663], [77.496404, 28.753661], [77.496418, 28.753659], [77.496425, 28.753658], [77.496438, 28.753656], [77.496452, 28.753654], [77.496466, 28.753652], [77.496473, 28.753651], [77.496487, 28.753649], [77.496501, 28.753647], [77.496515, 28.753646], [77.496522, 28.753645], [77.496536, 28.753643], [77.49655, 28.753641], [77.496564, 28.753639], [77.496577, 28.753642], [77.496584, 28.753647], [77.496591, 28.753652], [77.496599, 28.753658], [77.496606, 28.753665], [77.496612, 28.753672], [77.496619, 28.75368], [77.496626, 28.75369], [77.496633, 28.7537], [77.496627, 28.753714], [77.496621, 28.753721], [77.496615, 28.753728], [77.496609, 28.753735], [77.496602, 28.753742], [77.496595, 28.753749], [77.496587, 28.753756], [77.496579, 28.753763], [77.496571, 28.753769], [77.496564, 28.75377], [77.49655, 28.753772], [77.496536, 28.753773], [77.496522, 28.753776], [77.496515, 28.753777], [77.496501, 28.753779], [77.496487, 28.753782], [77.49648, 28.753784], [77.496466, 28.753788], [77.496458, 28.753791], [77.496445, 28.753796], [77.496438, 28.753799], [77.496427, 28.753805], [77.496418, 28.753811], [77.496411, 28.753816], [77.496404, 28.753823], [77.496397, 28.75383], [77.49639, 28.753839], [77.496385, 28.753846], [77.496381, 28.753853], [77.496376, 28.753864], [77.496372, 28.753874], [77.496369, 28.753882], [77.496365, 28.753895], [77.496362, 28.753906], [77.49636, 28.753916], [77.496357, 28.75393], [77.496355, 28.753941], [77.496354, 28.753951], [77.496352, 28.753965], [77.49635, 28.753979], [77.496348, 28.753992], [77.496348, 28.753999], [77.496341, 28.754013], [77.496335, 28.75402], [77.496329, 28.754027], [77.496323, 28.754034], [77.496316, 28.754041], [77.496309, 28.754048], [77.496302, 28.754055], [77.496294, 28.754062], [77.496286, 28.754069], [77.496279, 28.754075], [77.496265, 28.754075], [77.496251, 28.754076], [77.496244, 28.754076], [77.49623, 28.754077], [77.496216, 28.754077], [77.496202, 28.754078], [77.496188, 28.754079], [77.496174, 28.754079], [77.49616, 28.75408], [77.496146, 28.754081], [77.496132, 28.754081], [77.496119, 28.754082], [77.496105, 28.754083], [77.496098, 28.754083], [77.496084, 28.754084], [77.49607, 28.754085], [77.496056, 28.754086], [77.496042, 28.754086], [77.496028, 28.754087], [77.496014, 28.754088], [77.496, 28.754089], [77.495986, 28.754089]]}}, {"type": "Feature", "properties": {"elevation_m": 218.0, "source": "Copernicus GLO-30 30m, bilinear display smoothing \u2014 not survey"}, "geometry": {"type": "LineString", "coordinates": [[77.496863, 28.753409], [77.496862, 28.753401], [77.496863, 28.753401], [77.496863, 28.753409]]}}, {"type": "Feature", "properties": {"elevation_m": 220.0, "source": "Copernicus GLO-30 30m, bilinear display smoothing \u2014 not survey"}, "geometry": {"type": "LineString", "coordinates": [[77.497156, 28.753547], [77.497166, 28.75354], [77.497173, 28.753533], [77.497179, 28.753526], [77.497185, 28.753519], [77.49719, 28.753512], [77.497196, 28.753504], [77.497203, 28.753493], [77.497208, 28.753485], [77.497212, 28.753478], [77.497217, 28.753467], [77.497222, 28.753457], [77.497225, 28.75345], [77.49723, 28.753436], [77.497233, 28.753429], [77.497238, 28.753415], [77.49724, 28.753408], [77.497245, 28.753394], [77.497248, 28.753387], [77.497252, 28.753378], [77.497259, 28.753366], [77.497263, 28.753359], [77.497268, 28.753352], [77.497274, 28.753345], [77.497281, 28.753338], [77.497288, 28.753331], [77.497297, 28.753325], [77.497308, 28.753318], [77.497315, 28.753314], [77.497321, 28.75331], [77.497335, 28.753304], [77.497342, 28.753301], [77.497355, 28.753297], [77.497363, 28.753294], [77.497377, 28.75329], [77.497384, 28.753289], [77.497398, 28.753286], [77.497412, 28.753283], [77.497419, 28.753282], [77.497433, 28.753279], [77.497447, 28.753277], [77.497454, 28.753274], [77.497462, 28.753269], [77.497473, 28.753262], [77.497481, 28.753256], [77.497488, 28.753251], [77.497495, 28.753246], [77.497503, 28.753241], [77.497512, 28.753234], [77.497521, 28.753227], [77.49753, 28.75322], [77.497537, 28.753215], [77.497544, 28.753209], [77.497551, 28.753203], [77.497558, 28.753197], [77.497565, 28.753191], [77.497572, 28.753184], [77.497579, 28.753178], [77.497586, 28.753171], [77.497593, 28.753164], [77.4976, 28.753157], [77.497607, 28.75315], [77.497614, 28.753142], [77.49762, 28.753135], [77.497627, 28.753127], [77.497634, 28.753119], [77.497641, 28.75311], [77.497648, 28.753102], [77.497649, 28.753095], [77.497649, 28.753081], [77.49765, 28.753067], [77.497651, 28.753053], [77.497652, 28.753039], [77.497653, 28.753025], [77.497654, 28.753011], [77.497655, 28.753001], [77.497656, 28.752991], [77.497657, 28.752977], [77.497658, 28.752963], [77.49766, 28.752949], [77.497661, 28.752935], [77.497662, 28.752923], [77.497663, 28.752914], [77.497664, 28.7529], [77.497666, 28.752886], [77.497668, 28.752872], [77.497669, 28.752859], [77.49767, 28.752851], [77.497672, 28.752837], [77.497674, 28.752824], [77.497676, 28.75281], [77.497677, 28.752803], [77.497686, 28.752796], [77.497697, 28.752789], [77.497704, 28.752786], [77.497711, 28.752782], [77.497725, 28.752775], [77.497732, 28.752772], [77.497743, 28.752768], [77.497753, 28.752765], [77.497766, 28.752762], [77.497773, 28.75276], [77.497787, 28.752757], [77.497798, 28.752754], [77.497808, 28.752752], [77.497822, 28.752748], [77.497829, 28.752747], [77.497843, 28.752743], [77.497856, 28.75274], [77.497864, 28.752738], [77.497878, 28.752735], [77.497886, 28.752733], [77.497899, 28.75273], [77.497912, 28.752727], [77.497919, 28.752725], [77.497933, 28.752722], [77.497947, 28.752719], [77.497954, 28.752718], [77.497968, 28.752714], [77.497978, 28.752712], [77.497989, 28.75271], [77.498003, 28.752707], [77.49801, 28.752705], [77.498024, 28.752702], [77.498037, 28.752698], [77.498045, 28.752695], [77.498053, 28.752691], [77.498065, 28.752685], [77.498072, 28.752682], [77.498082, 28.752677], [77.498093, 28.752672], [77.4981, 28.752668], [77.49811, 28.752664], [77.498121, 28.752658], [77.498128, 28.752654], [77.498136, 28.75265], [77.498149, 28.752643], [77.498156, 28.752639], [77.498163, 28.752635], [77.498174, 28.752629], [77.498184, 28.752623], [77.498191, 28.752619], [77.498198, 28.752615], [77.498209, 28.752608], [77.498218, 28.752602], [77.498225, 28.752597], [77.498232, 28.752593], [77.498241, 28.752587], [77.498252, 28.75258], [77.49826, 28.752574], [77.498267, 28.75257], [77.498274, 28.752565], [77.498282, 28.752559], [77.498292, 28.752552], [77.498301, 28.752545], [77.498309, 28.752539], [77.498316, 28.752534], [77.498323, 28.752529], [77.498337, 28.752529], [77.498345, 28.752531], [77.498357, 28.752535], [77.498371, 28.752538], [77.498378, 28.75254], [77.498392, 28.752543], [77.498401, 28.752545], [77.498413, 28.752548], [77.498427, 28.752551], [77.498434, 28.752553], [77.498448, 28.752556], [77.498462, 28.752558], [77.498469, 28.75256], [77.498483, 28.752562], [77.498497, 28.752565], [77.498504, 28.752566], [77.498517, 28.752569], [77.498531, 28.752571], [77.498544, 28.752573], [77.498552, 28.752574], [77.498566, 28.752577], [77.49858, 28.752579], [77.498588, 28.75258], [77.498601, 28.752582], [77.498615, 28.752584], [77.498629, 28.752586], [77.498636, 28.752588], [77.49865, 28.75259], [77.498663, 28.752593], [77.49867, 28.752595], [77.498684, 28.752598], [77.498697, 28.752601], [77.498705, 28.752603], [77.498719, 28.752607], [77.498726, 28.752608], [77.49874, 28.752612], [77.498748, 28.752615], [77.498761, 28.752619], [77.49877, 28.752622], [77.498782, 28.752626], [77.49879, 28.752629], [77.498802, 28.752633], [77.498809, 28.752636], [77.498823, 28.752642], [77.49883, 28.752645], [77.498841, 28.75265], [77.498851, 28.752654], [77.498858, 28.752658], [77.498868, 28.752664], [77.498879, 28.752669], [77.498886, 28.752674], [77.498893, 28.752678], [77.498903, 28.752684], [77.498913, 28.752691], [77.498921, 28.752696], [77.498928, 28.7527], [77.498938, 28.752705], [77.498949, 28.752712], [77.498955, 28.752716], [77.498962, 28.75272], [77.498973, 28.752726], [77.498983, 28.752733], [77.49899, 28.752737], [77.498997, 28.752742], [77.499006, 28.752747], [77.499016, 28.752754], [77.499025, 28.75276], [77.499032, 28.752764], [77.499039, 28.752769], [77.499047, 28.752775], [77.499057, 28.752782], [77.499067, 28.752789], [77.499074, 28.752794], [77.499081, 28.7528], [77.499083, 28.75281], [77.499081, 28.752824], [77.499081, 28.75283], [77.499079, 28.752844], [77.499077, 28.752858], [77.499075, 28.752872], [77.499074, 28.75288], [77.499071, 28.752893], [77.499067, 28.752907], [77.499065, 28.752914], [77.49906, 28.752928], [77.499056, 28.752935], [77.499052, 28.752942], [77.499046, 28.752951], [77.499039, 28.752959], [77.499032, 28.752965], [77.499025, 28.75297], [77.499014, 28.752977], [77.499004, 28.752981], [77.498997, 28.752984], [77.498983, 28.752988], [77.498972, 28.752991], [77.498962, 28.752993], [77.498949, 28.752995], [77.498935, 28.752997], [77.498928, 28.752998], [77.498914, 28.753], [77.498907, 28.753011], [77.498905, 28.753018], [77.4989, 28.753032], [77.498898, 28.753039], [77.498894, 28.753053], [77.498892, 28.75306], [77.498888, 28.753074], [77.498886, 28.753081], [77.498882, 28.753095], [77.498886, 28.753109], [77.498892, 28.753116], [77.498898, 28.753123], [77.498905, 28.75313], [77.498914, 28.753136], [77.498928, 28.753135], [77.498942, 28.753134], [77.498955, 28.753132], [77.498969, 28.753131], [77.498983, 28.75313], [77.49899, 28.753129], [77.499004, 28.753128], [77.499018, 28.753126], [77.499032, 28.753124], [77.499044, 28.753123], [77.499053, 28.753121], [77.499067, 28.753119], [77.499081, 28.753117], [77.499088, 28.753116], [77.499101, 28.753113], [77.499115, 28.75311], [77.499122, 28.753108], [77.499136, 28.753104], [77.499145, 28.753102], [77.49915, 28.753093], [77.499157, 28.753084], [77.499164, 28.753077], [77.499171, 28.753072], [77.499178, 28.753067], [77.499191, 28.75306], [77.499199, 28.753057], [77.499207, 28.753053], [77.499218, 28.753046], [77.499227, 28.753039], [77.499234, 28.753032], [77.49924, 28.753025], [77.499245, 28.753018], [77.499249, 28.753011], [77.499254, 28.753002], [77.49926, 28.752991], [77.499262, 28.752984], [77.499267, 28.75297], [77.499269, 28.752963], [77.499272, 28.752949], [77.499275, 28.752935], [77.499277, 28.752928], [77.499279, 28.752914], [77.499281, 28.7529], [77.499282, 28.752891], [77.499284, 28.752879], [77.499285, 28.752865], [77.499286, 28.752851], [77.499288, 28.752837], [77.499289, 28.752824], [77.499289, 28.752815], [77.49929, 28.752803], [77.499296, 28.752792], [77.499302, 28.752782], [77.499306, 28.752775], [77.49931, 28.752768], [77.499317, 28.752755], [77.499321, 28.752747], [77.499325, 28.75274], [77.499331, 28.752727], [77.499335, 28.752719], [77.499338, 28.752712], [77.499344, 28.752698], [77.499347, 28.752691], [77.499352, 28.752678], [77.499355, 28.75267], [77.499359, 28.75266], [77.499362, 28.75265], [77.499366, 28.75264], [77.499369, 28.752629], [77.499373, 28.752618], [77.499376, 28.752608], [77.49938, 28.752595], [77.499382, 28.752587], [77.499386, 28.752573], [77.499388, 28.752566], [77.499391, 28.752552], [77.499394, 28.752543], [77.499396, 28.752531], [77.499399, 28.752517], [77.499401, 28.75251], [77.499401, 28.752497], [77.499396, 28.75249], [77.499392, 28.752483], [77.499387, 28.752475], [77.49938, 28.752465], [77.499373, 28.752455], [77.499367, 28.752448], [77.499362, 28.752441], [77.499357, 28.752434], [77.499352, 28.752426], [77.499345, 28.752417], [77.499338, 28.752408], [77.499331, 28.752399], [77.499326, 28.752392], [77.49932, 28.752385], [77.499315, 28.752378], [77.499309, 28.752371], [77.499303, 28.752364], [77.499296, 28.752355], [77.499289, 28.752347], [77.499282, 28.752339], [77.499275, 28.752331], [77.499268, 28.752323], [77.499262, 28.752316], [77.499256, 28.752309], [77.49925, 28.752302], [77.499243, 28.752295], [77.499237, 28.752288], [77.499231, 28.752281], [77.499224, 28.752274], [77.499217, 28.752267], [77.499211, 28.75226], [77.499205, 28.752253], [77.499199, 28.752242], [77.499195, 28.752232], [77.499192, 28.752222], [77.499189, 28.752211], [77.499185, 28.752197], [77.499185, 28.752183], [77.499185, 28.75217], [77.499185, 28.752156], [77.499186, 28.752142], [77.499186, 28.752128], [77.499186, 28.752114], [77.499186, 28.7521], [77.499186, 28.752086], [77.499186, 28.752072], [77.499186, 28.752058], [77.499187, 28.752044], [77.499187, 28.75203], [77.499187, 28.752016], [77.499187, 28.752003], [77.499187, 28.751989], [77.499187, 28.751975], [77.499188, 28.751961], [77.499188, 28.751947], [77.499188, 28.751933], [77.499188, 28.751919], [77.499188, 28.751905], [77.499192, 28.751894], [77.499199, 28.751885], [77.499206, 28.751878], [77.499213, 28.751876], [77.499227, 28.751871], [77.499234, 28.751868], [77.499247, 28.751863], [77.499254, 28.751861], [77.499267, 28.751856], [77.499275, 28.751854], [77.499288, 28.751849], [77.499296, 28.751847], [77.49931, 28.751843], [77.499317, 28.75184], [77.499331, 28.751836], [77.499338, 28.751834], [77.499352, 28.75183], [77.499359, 28.751828], [77.499373, 28.751825], [77.499384, 28.751822], [77.499394, 28.751819], [77.499407, 28.751816], [77.499414, 28.751814], [77.499428, 28.75181], [77.49944, 28.751808], [77.499449, 28.751805], [77.499463, 28.751802], [77.49947, 28.751801], [77.499484, 28.751798], [77.499498, 28.751795], [77.499512, 28.751797], [77.499526, 28.751798], [77.49954, 28.7518], [77.49955, 28.751801], [77.49956, 28.751802], [77.499574, 28.751803], [77.499588, 28.751804], [77.499602, 28.751806], [77.499616, 28.751807], [77.499624, 28.751808], [77.499637, 28.751809], [77.499651, 28.75181], [77.499665, 28.751811], [77.499679, 28.751812], [77.499692, 28.751814], [77.499706, 28.751815], [77.499713, 28.751815], [77.499727, 28.751816], [77.499741, 28.751817], [77.499755, 28.751818], [77.499769, 28.751819], [77.499783, 28.75182], [77.499797, 28.751818], [77.499807, 28.751815], [77.499818, 28.751811], [77.499826, 28.751808], [77.499839, 28.751803], [77.499845, 28.7518], [77.499859, 28.751794], [77.499866, 28.75179], [77.499874, 28.751787], [77.499887, 28.75178], [77.499894, 28.751776], [77.499901, 28.751772], [77.499911, 28.751766], [77.499921, 28.751759], [77.499929, 28.751754], [77.499936, 28.751749], [77.499943, 28.751743], [77.49995, 28.751738], [77.499957, 28.751731], [77.499965, 28.751724], [77.499972, 28.751717], [77.499979, 28.75171], [77.499985, 28.751703], [77.499991, 28.751696], [77.499998, 28.751689]]}}, {"type": "Feature", "properties": {"elevation_m": 220.0, "source": "Copernicus GLO-30 30m, bilinear display smoothing \u2014 not survey"}, "geometry": {"type": "LineString", "coordinates": [[77.50029, 28.753547], [77.500293, 28.75354], [77.500297, 28.753526], [77.500299, 28.753519], [77.500303, 28.753505], [77.500304, 28.753498], [77.500307, 28.753485], [77.50031, 28.753471], [77.500311, 28.75346], [77.500313, 28.75345], [77.500315, 28.753436], [77.500316, 28.753422], [77.500318, 28.753408], [77.500314, 28.753394], [77.50031, 28.753387], [77.500304, 28.753377], [77.500298, 28.753366], [77.500294, 28.753359], [77.500289, 28.753352], [77.500284, 28.753343], [77.500277, 28.753333], [77.50027, 28.753325], [77.500265, 28.753318], [77.500259, 28.753311], [77.500253, 28.753304], [77.500247, 28.753297], [77.500241, 28.75329], [77.500234, 28.753283], [77.500228, 28.753276], [77.50022, 28.753269], [77.500213, 28.753262], [77.500205, 28.753255], [77.500197, 28.753248], [77.500188, 28.753241], [77.500179, 28.753234], [77.500172, 28.753229], [77.500165, 28.753224], [77.500158, 28.75322], [77.500148, 28.753213], [77.500137, 28.753207], [77.500131, 28.753202], [77.500124, 28.753199], [77.500112, 28.753192], [77.500103, 28.753187], [77.500096, 28.753184], [77.500084, 28.753178], [77.500075, 28.753176], [77.500061, 28.753176], [77.500047, 28.753175], [77.500033, 28.753174], [77.500019, 28.753173], [77.500005, 28.753173], [77.499991, 28.753172], [77.499982, 28.753171], [77.499971, 28.753171], [77.499957, 28.75317], [77.499943, 28.753169], [77.499929, 28.753168], [77.499915, 28.753167], [77.499901, 28.753167], [77.499887, 28.753166], [77.499873, 28.753165], [77.499866, 28.753164], [77.499852, 28.753163], [77.499839, 28.753162], [77.499825, 28.753162], [77.499811, 28.753161], [77.499797, 28.75316], [77.499783, 28.753159], [77.499769, 28.753158], [77.499762, 28.753157], [77.499748, 28.753156], [77.499734, 28.753155], [77.49972, 28.753154], [77.499706, 28.753153], [77.499692, 28.753152], [77.499679, 28.753151], [77.499672, 28.75315], [77.499658, 28.753148], [77.499644, 28.753147], [77.49963, 28.753145], [77.499616, 28.753144], [77.499609, 28.753143], [77.499595, 28.753141], [77.499581, 28.753139], [77.499567, 28.753137], [77.49956, 28.753135], [77.499546, 28.753133], [77.499533, 28.75313], [77.499526, 28.753129], [77.499512, 28.753126], [77.499499, 28.753123], [77.499491, 28.753122], [77.499484, 28.753123], [77.49947, 28.753124], [77.499456, 28.753126], [77.499442, 28.753127], [77.499428, 28.75313], [77.499421, 28.753131], [77.499407, 28.753134], [77.499398, 28.753137], [77.499387, 28.753141], [77.49938, 28.753144], [77.499367, 28.753151], [77.499359, 28.753157], [77.499352, 28.753164], [77.499346, 28.753171], [77.499342, 28.753178], [77.499338, 28.753186], [77.499333, 28.753199], [77.499331, 28.753206], [77.499327, 28.75322], [77.499324, 28.753234], [77.499323, 28.753241], [77.499321, 28.753255], [77.49932, 28.753269], [77.499318, 28.753283], [77.499317, 28.753295], [77.499316, 28.753304], [77.499315, 28.753318], [77.499315, 28.753331], [77.499314, 28.753345], [77.499313, 28.753359], [77.499313, 28.753373], [77.499312, 28.753387], [77.499312, 28.753401], [77.499317, 28.75341], [77.499324, 28.753418], [77.499331, 28.753426], [77.499338, 28.753434], [77.499345, 28.753441], [77.499352, 28.753448], [77.499359, 28.753455], [77.499366, 28.753462], [77.499373, 28.753468], [77.49938, 28.753474], [77.499387, 28.75348], [77.499394, 28.753486], [77.4994, 28.753492], [77.499409, 28.753498], [77.499419, 28.753505], [77.499428, 28.753512], [77.499435, 28.753517], [77.499442, 28.753522], [77.499449, 28.753526], [77.499461, 28.753533], [77.49947, 28.753539], [77.499477, 28.753543], [77.499485, 28.753547], [77.499498, 28.753554], [77.499505, 28.753556], [77.499517, 28.753561], [77.499526, 28.753565], [77.499534, 28.753568], [77.499546, 28.753573], [77.499553, 28.753575], [77.499567, 28.753581], [77.499574, 28.753584], [77.499588, 28.753589], [77.499595, 28.753592], [77.499606, 28.753596], [77.499616, 28.7536], [77.499624, 28.753603], [77.499637, 28.753608], [77.499644, 28.753611], [77.499658, 28.753616], [77.499665, 28.753619], [77.499678, 28.753624], [77.499686, 28.753627]]}}, {"type": "Feature", "properties": {"elevation_m": 220.0, "source": "Copernicus GLO-30 30m, bilinear display smoothing \u2014 not survey"}, "geometry": {"type": "LineString", "coordinates": [[77.496724, 28.753162], [77.49673, 28.753167], [77.496737, 28.753173], [77.496746, 28.753178], [77.496757, 28.753185], [77.496765, 28.75319], [77.496772, 28.753194], [77.496784, 28.753199], [77.496793, 28.753203], [77.496802, 28.753206], [77.496814, 28.753211], [77.496822, 28.753213], [77.496835, 28.753217], [77.496845, 28.75322], [77.496856, 28.753223], [77.49687, 28.753226], [77.496879, 28.753227], [77.49689, 28.753229], [77.496904, 28.753232], [77.496914, 28.753234], [77.496925, 28.753237], [77.496939, 28.753241], [77.496946, 28.753243], [77.49696, 28.753247], [77.496967, 28.75325], [77.496978, 28.753255], [77.496988, 28.75326], [77.496995, 28.753264], [77.497002, 28.753269], [77.497012, 28.753276], [77.49702, 28.753283], [77.497027, 28.75329], [77.497033, 28.753297], [77.497039, 28.753304], [77.497043, 28.753311], [77.49705, 28.753322], [77.497055, 28.753331], [77.497058, 28.753338], [77.497064, 28.753352], [77.497066, 28.753359], [77.497071, 28.753373], [77.497073, 28.75338], [77.497076, 28.753394], [77.497078, 28.753402], [77.497082, 28.753415], [77.497085, 28.753426], [77.497088, 28.753436], [77.497092, 28.753446], [77.497096, 28.753457], [77.497099, 28.753464], [77.497105, 28.753478], [77.497109, 28.753485], [77.497113, 28.753492], [77.49712, 28.753504], [77.497125, 28.753512], [77.49713, 28.753519], [77.497135, 28.753526], [77.497141, 28.753533], [77.497148, 28.753541]]}}, {"type": "Feature", "properties": {"elevation_m": 220.0, "source": "Copernicus GLO-30 30m, bilinear display smoothing \u2014 not survey"}, "geometry": {"type": "LineString", "coordinates": [[77.497198, 28.752627], [77.497197, 28.752636], [77.497195, 28.752643], [77.497192, 28.752657], [77.497189, 28.75267], [77.497188, 28.752677], [77.497184, 28.752691], [77.497182, 28.752698], [77.497178, 28.752712], [77.497175, 28.752722], [77.497172, 28.752733], [77.497169, 28.752744], [77.497165, 28.752754], [77.497162, 28.752762], [77.497156, 28.752775], [77.497149, 28.752782], [77.497143, 28.752789], [77.497136, 28.752796], [77.49713, 28.752803], [77.497127, 28.75281], [77.49712, 28.752821], [77.497113, 28.75283], [77.497107, 28.752837], [77.4971, 28.752844], [77.497092, 28.752851], [77.497085, 28.752856], [77.497078, 28.752861], [77.497071, 28.752865], [77.497057, 28.752872], [77.49705, 28.752875], [77.497039, 28.752879], [77.497029, 28.752882], [77.497016, 28.752886], [77.497009, 28.752888], [77.496995, 28.752891], [77.496986, 28.752893], [77.496974, 28.752895], [77.49696, 28.752898], [77.496946, 28.7529], [77.496939, 28.752901]]}}, {"type": "Feature", "properties": {"elevation_m": 220.0, "source": "Copernicus GLO-30 30m, bilinear display smoothing \u2014 not survey"}, "geometry": {"type": "LineString", "coordinates": [[77.499352, 28.751006], [77.499338, 28.751004], [77.499324, 28.751003], [77.49931, 28.751001], [77.499303, 28.751], [77.499289, 28.750997], [77.499275, 28.750994], [77.49927, 28.750987], [77.499265, 28.75098], [77.499259, 28.750973], [77.499253, 28.750966], [77.499247, 28.750959], [77.49924, 28.750952], [77.499233, 28.750945], [77.499225, 28.750938], [77.499217, 28.750931], [77.499209, 28.750924], [77.499199, 28.750923], [77.499192, 28.750929], [77.499185, 28.750935], [77.499178, 28.750941], [77.499171, 28.750948], [77.499164, 28.750954], [77.499157, 28.750962], [77.49915, 28.75097], [77.499143, 28.750978], [77.499136, 28.750987], [77.499131, 28.750994], [77.499122, 28.750999], [77.499115, 28.751003], [77.499107, 28.751008], [77.499097, 28.751015], [77.499088, 28.751021], [77.499081, 28.751028], [77.499074, 28.751035], [77.499068, 28.751042], [77.499063, 28.751049], [77.499059, 28.751056], [77.499053, 28.751066], [77.499047, 28.751077], [77.499044, 28.751084], [77.499039, 28.751098], [77.499036, 28.751105], [77.499032, 28.751119], [77.49903, 28.751126], [77.499027, 28.75114], [77.499025, 28.751147], [77.499022, 28.751161], [77.49902, 28.751175], [77.499018, 28.751184], [77.499016, 28.751195], [77.499014, 28.751209], [77.499013, 28.751223], [77.499011, 28.751236], [77.49901, 28.751244], [77.499009, 28.751258], [77.499008, 28.751272], [77.499006, 28.751286], [77.499004, 28.751298], [77.499, 28.751307], [77.498997, 28.751314], [77.49899, 28.751326], [77.498986, 28.751335], [77.498982, 28.751342], [77.498976, 28.751352], [77.498971, 28.751362], [77.498967, 28.751369], [77.498962, 28.751377], [77.498955, 28.751389], [77.498951, 28.751397], [77.498946, 28.751404], [77.498942, 28.751412], [77.498935, 28.751423], [77.498929, 28.751432], [77.498925, 28.751439], [77.49892, 28.751446], [77.498914, 28.751456], [77.498907, 28.75146], [77.498893, 28.75146], [77.498879, 28.751461], [77.498865, 28.751461], [77.498851, 28.751461], [77.498837, 28.751461], [77.498823, 28.751461], [77.498809, 28.751462], [77.498796, 28.751462], [77.498782, 28.751462], [77.498768, 28.751463], [77.498754, 28.751463], [77.49874, 28.751463], [77.498726, 28.751464], [77.498712, 28.751464], [77.498698, 28.751465], [77.498684, 28.751466], [77.49867, 28.751466], [77.498659, 28.751467], [77.49865, 28.751467], [77.498636, 28.751468], [77.498622, 28.751469], [77.498611, 28.751474], [77.498601, 28.75148], [77.498594, 28.751485], [77.498587, 28.75149], [77.49858, 28.751496], [77.498573, 28.751502], [77.498564, 28.751509], [77.498557, 28.751515], [77.49855, 28.751522], [77.498543, 28.751529], [77.498537, 28.751536], [77.498531, 28.751543], [77.498524, 28.751551], [77.498517, 28.751561], [77.49851, 28.751571], [77.498506, 28.751578], [77.498501, 28.751585], [77.498497, 28.751593], [77.49849, 28.751599], [77.498476, 28.751606], [77.498469, 28.751609]]}}, {"type": "Feature", "properties": {"elevation_m": 222.0, "source": "Copernicus GLO-30 30m, bilinear display smoothing \u2014 not survey"}, "geometry": {"type": "LineString", "coordinates": [[77.50014, 28.753547], [77.500149, 28.75354], [77.500157, 28.753533], [77.500164, 28.753526], [77.500171, 28.753519], [77.500178, 28.753512], [77.500184, 28.753505], [77.500189, 28.753498], [77.500195, 28.753491], [77.5002, 28.753484], [77.500207, 28.753473], [77.500212, 28.753464], [77.500216, 28.753457], [77.500221, 28.753448], [77.500227, 28.753436], [77.50023, 28.753429], [77.500235, 28.753417], [77.500238, 28.753408], [77.500235, 28.753395], [77.500229, 28.753387], [77.500224, 28.75338], [77.500218, 28.753373], [77.500213, 28.753366], [77.500207, 28.753359], [77.5002, 28.753351], [77.500193, 28.753344], [77.500186, 28.753336], [77.500179, 28.753329], [77.500172, 28.753322], [77.500165, 28.753316], [77.500158, 28.753309], [77.500151, 28.753303], [77.500144, 28.753297], [77.500135, 28.75329], [77.500126, 28.753283], [77.500117, 28.753276], [77.50011, 28.753271], [77.500103, 28.753266], [77.500096, 28.753261], [77.500086, 28.753255], [77.500075, 28.753251], [77.500061, 28.753251], [77.500047, 28.753251], [77.500033, 28.753251], [77.500019, 28.753251], [77.500005, 28.753251], [77.499991, 28.75325], [77.499978, 28.75325], [77.499964, 28.75325], [77.49995, 28.75325], [77.499936, 28.75325], [77.499922, 28.75325], [77.499908, 28.75325], [77.499894, 28.75325], [77.49988, 28.753249], [77.499866, 28.753249], [77.499852, 28.753249], [77.499839, 28.753249], [77.499825, 28.753249], [77.499811, 28.753249], [77.499797, 28.753249], [77.499783, 28.753249], [77.499769, 28.75325], [77.499755, 28.753252], [77.499741, 28.753253], [77.499727, 28.753255], [77.49972, 28.753256], [77.499706, 28.753257], [77.499692, 28.753259], [77.499679, 28.753261], [77.499672, 28.753262], [77.499658, 28.753265], [77.499644, 28.753267], [77.499632, 28.753269], [77.499623, 28.753271], [77.499609, 28.753273], [77.499597, 28.753276], [77.499588, 28.753278], [77.499574, 28.753281], [77.499567, 28.753283], [77.499553, 28.753286], [77.499542, 28.75329], [77.499533, 28.753292], [77.49952, 28.753297], [77.499512, 28.753299], [77.499501, 28.753304], [77.499491, 28.753311], [77.499485, 28.753318], [77.499479, 28.753325], [77.499473, 28.753331], [77.499468, 28.753338], [77.499463, 28.753346], [77.499456, 28.753356], [77.49945, 28.753366], [77.499446, 28.753373], [77.499442, 28.753381], [77.499436, 28.753394], [77.499433, 28.753401], [77.499438, 28.753408], [77.499445, 28.753415], [77.499454, 28.753422], [77.499462, 28.753429], [77.49947, 28.753435], [77.499477, 28.753441], [77.499484, 28.753446], [77.499491, 28.753451], [77.499501, 28.753457], [77.499512, 28.753461], [77.499519, 28.753464], [77.499533, 28.753469], [77.49954, 28.753472], [77.499553, 28.753478], [77.49956, 28.75348], [77.499571, 28.753485], [77.499581, 28.753489], [77.499588, 28.753491], [77.499602, 28.753497], [77.499609, 28.7535], [77.499623, 28.753505], [77.49963, 28.753508], [77.499642, 28.753512], [77.499651, 28.753516], [77.499659, 28.753519], [77.499672, 28.753524], [77.499679, 28.753527], [77.499692, 28.753532], [77.499699, 28.753535], [77.499713, 28.75354], [77.49972, 28.753543], [77.499731, 28.753547], [77.499741, 28.753551], [77.499748, 28.753554], [77.499762, 28.753559]]}}, {"type": "Feature", "properties": {"elevation_m": 222.0, "source": "Copernicus GLO-30 30m, bilinear display smoothing \u2014 not survey"}, "geometry": {"type": "LineString", "coordinates": [[77.497539, 28.752285], [77.497537, 28.752292], [77.497534, 28.752302], [77.49753, 28.752311], [77.497525, 28.752323], [77.497522, 28.75233], [77.497516, 28.752341], [77.497511, 28.75235], [77.497507, 28.752357], [77.497502, 28.752364], [77.497495, 28.752374], [77.497488, 28.752383], [77.497481, 28.752392], [77.497475, 28.752399], [77.497468, 28.752406], [77.497461, 28.752413], [77.497454, 28.752419], [77.497447, 28.752424], [77.49744, 28.75243], [77.497433, 28.752435], [77.497426, 28.752441], [77.497419, 28.752448], [77.497412, 28.752455], [77.497405, 28.752462], [77.497398, 28.752469], [77.497391, 28.752477], [77.497384, 28.752486], [77.497377, 28.752495], [77.497374, 28.752503], [77.497376, 28.752517], [77.497377, 28.752524], [77.49738, 28.752538], [77.497382, 28.752552], [77.497384, 28.752561], [77.497386, 28.752573], [77.497389, 28.752587], [77.497391, 28.752594], [77.497394, 28.752608], [77.497398, 28.752622], [77.497399, 28.752629], [77.497403, 28.752643], [77.497405, 28.75265], [77.497409, 28.752664], [77.497412, 28.752673], [77.497416, 28.752684], [77.497419, 28.752693], [77.497423, 28.752705], [77.497426, 28.752712], [77.497432, 28.752726], [77.497435, 28.752733], [77.49744, 28.752744], [77.497444, 28.752754], [77.497454, 28.752755], [77.497459, 28.752747], [77.497464, 28.75274], [77.497469, 28.752733], [77.497476, 28.752726], [77.497483, 28.752719], [77.497491, 28.752712], [77.4975, 28.752705], [77.497509, 28.752699], [77.497516, 28.752695], [77.497523, 28.752691], [77.497537, 28.752684], [77.497544, 28.752682], [77.497555, 28.752677], [77.497565, 28.752674], [77.497576, 28.75267], [77.497586, 28.752668], [77.4976, 28.752664], [77.497607, 28.752662], [77.49762, 28.752659], [77.497634, 28.752657], [77.497641, 28.752656], [77.497655, 28.752653], [77.497669, 28.752651], [77.49768, 28.75265], [77.49769, 28.752648], [77.497704, 28.752647], [77.497718, 28.752645], [77.497732, 28.752644], [77.497741, 28.752643], [77.497753, 28.75264], [77.497766, 28.752637], [77.497774, 28.752636], [77.497787, 28.752633], [77.497801, 28.75263], [77.497808, 28.752628], [77.497822, 28.752625], [77.497836, 28.752623], [77.497843, 28.752621], [77.497857, 28.752618], [77.497871, 28.752615], [77.497878, 28.752614], [77.497892, 28.752611], [77.497906, 28.752608], [77.497912, 28.752607], [77.497926, 28.752604], [77.49794, 28.752602], [77.497947, 28.7526], [77.497961, 28.752597], [77.497975, 28.752595], [77.497982, 28.752593], [77.497996, 28.752591], [77.49801, 28.752588], [77.498017, 28.752587], [77.498031, 28.752584], [77.49804, 28.75258], [77.498052, 28.752574], [77.498059, 28.75257], [77.498065, 28.752566], [77.498077, 28.752559], [77.498086, 28.752553], [77.498093, 28.752549], [77.4981, 28.752545], [77.498111, 28.752538], [77.498121, 28.752532], [77.498128, 28.752528], [77.498135, 28.752523], [77.498144, 28.752517], [77.498154, 28.75251], [77.498163, 28.752504], [77.49817, 28.7525], [77.498177, 28.752496], [77.498187, 28.75249], [77.498198, 28.752484], [77.498205, 28.75248], [77.498213, 28.752476], [77.498225, 28.752469], [77.498232, 28.752465], [77.49824, 28.752462], [77.498253, 28.752455], [77.49826, 28.752452], [77.49827, 28.752448], [77.498281, 28.752443], [77.498288, 28.75244], [77.498302, 28.752434], [77.498309, 28.752431], [77.498319, 28.752427], [77.49833, 28.752425], [77.498341, 28.752427], [77.498351, 28.752429], [77.498364, 28.752432], [77.498375, 28.752434], [77.498385, 28.752436], [77.498399, 28.752439], [77.498411, 28.752441], [77.49842, 28.752443], [77.498434, 28.752445], [77.498446, 28.752448], [77.498455, 28.75245], [77.498469, 28.752452], [77.498482, 28.752455], [77.49849, 28.752456], [77.498504, 28.752459], [77.498517, 28.752462], [77.498524, 28.752463], [77.498538, 28.752466], [77.498552, 28.752468], [77.498559, 28.75247], [77.498573, 28.752472], [77.498587, 28.752475], [77.498594, 28.752476], [77.498608, 28.752479], [77.498622, 28.752481], [77.498636, 28.752481], [77.49865, 28.752482], [77.498663, 28.752482], [77.49867, 28.752483], [77.498684, 28.752483], [77.498698, 28.752484], [77.498712, 28.752484], [77.498726, 28.752485], [77.49874, 28.752485], [77.498754, 28.752486], [77.498768, 28.752486], [77.498782, 28.752487], [77.498796, 28.752487], [77.498809, 28.752488], [77.498823, 28.752488], [77.498837, 28.752489], [77.498851, 28.752489], [77.498861, 28.75249], [77.498872, 28.75249], [77.498886, 28.75249], [77.4989, 28.752491], [77.498914, 28.752492], [77.498928, 28.752493], [77.498942, 28.752495], [77.498951, 28.752497], [77.498962, 28.752499], [77.498976, 28.752503], [77.498983, 28.752506], [77.498993, 28.75251], [77.499004, 28.752515], [77.499011, 28.752518], [77.499024, 28.752524], [77.499032, 28.752528], [77.499039, 28.752531], [77.499053, 28.752538], [77.49906, 28.752542], [77.499067, 28.752545], [77.49908, 28.752552], [77.499088, 28.752556], [77.499095, 28.75256], [77.499107, 28.752566], [77.499115, 28.752571], [77.499122, 28.752575], [77.499132, 28.75258], [77.499143, 28.752587], [77.49915, 28.752591], [77.499157, 28.752595], [77.499167, 28.752601], [77.499178, 28.752607], [77.499185, 28.752612], [77.499192, 28.752616], [77.499206, 28.752619], [77.499212, 28.752608], [77.499216, 28.752601], [77.49922, 28.752594], [77.499227, 28.752582], [77.499231, 28.752573], [77.499235, 28.752566], [77.499241, 28.752555], [77.499245, 28.752545], [77.499248, 28.752538], [77.499254, 28.752524], [77.499258, 28.752517], [77.499261, 28.752508], [77.499262, 28.752497], [77.499257, 28.75249], [77.499251, 28.752483], [77.499246, 28.752476], [77.49924, 28.752469], [77.499234, 28.75246], [77.499227, 28.752452], [77.49922, 28.752443], [77.499213, 28.752435], [77.499206, 28.752427], [77.499199, 28.752421], [77.499192, 28.752417], [77.499185, 28.752412], [77.499178, 28.752406], [77.499171, 28.752399], [77.499164, 28.75239], [77.499158, 28.752378], [77.499154, 28.752371], [77.49915, 28.752361], [77.499147, 28.75235], [77.499143, 28.752337], [77.499141, 28.75233], [77.499139, 28.752316], [77.499136, 28.752302], [77.499135, 28.752295], [77.499134, 28.752281], [77.499132, 28.752267], [77.499131, 28.752253], [77.49913, 28.752239], [77.499129, 28.752232], [77.499128, 28.752218], [77.499127, 28.752204], [77.499126, 28.75219], [77.499126, 28.752176], [77.499125, 28.752163], [77.499125, 28.752149], [77.499124, 28.752135], [77.499123, 28.752121], [77.499122, 28.752107], [77.499122, 28.7521], [77.499121, 28.752086], [77.499121, 28.752072], [77.49912, 28.752058], [77.499119, 28.752044], [77.499118, 28.75203], [77.499117, 28.752016], [77.499116, 28.752003], [77.499115, 28.751989], [77.499115, 28.751982], [77.499114, 28.751968], [77.499113, 28.751954], [77.499112, 28.75194], [77.499111, 28.751926], [77.49911, 28.751912], [77.499109, 28.751898], [77.499113, 28.751884], [77.499116, 28.751877], [77.499121, 28.751863], [77.499124, 28.751856], [77.499129, 28.751847], [77.499136, 28.751836], [77.499141, 28.751829], [77.499146, 28.751822], [77.499152, 28.751815], [77.499159, 28.751808], [77.499167, 28.751801], [77.499176, 28.751794], [77.499185, 28.751788], [77.499192, 28.751784], [77.499199, 28.75178], [77.499213, 28.751775], [77.499221, 28.751773], [77.499234, 28.75177], [77.499247, 28.751766], [77.499254, 28.751765], [77.499268, 28.751761], [77.499279, 28.751759], [77.499289, 28.751757], [77.499303, 28.751754], [77.499311, 28.751752], [77.499324, 28.751749], [77.499338, 28.751747], [77.499346, 28.751745], [77.499359, 28.751743], [77.499373, 28.75174], [77.499383, 28.751738], [77.499394, 28.751736], [77.499407, 28.751734], [77.499421, 28.751731], [77.499428, 28.75173], [77.499442, 28.751728], [77.499456, 28.751726], [77.499466, 28.751724], [77.499477, 28.751723], [77.499491, 28.75172], [77.499505, 28.751721], [77.499519, 28.751723], [77.499526, 28.751725], [77.49954, 28.751727], [77.499553, 28.751729], [77.499567, 28.751731], [77.499574, 28.751732], [77.499588, 28.751734], [77.499602, 28.751736], [77.499616, 28.751738], [77.499623, 28.751739], [77.499637, 28.751741], [77.499651, 28.751743], [77.499665, 28.751744], [77.499672, 28.751745], [77.499686, 28.751747], [77.499699, 28.751749], [77.499713, 28.75175], [77.499727, 28.751752], [77.499734, 28.751753], [77.499748, 28.751755], [77.499762, 28.751756], [77.499776, 28.751758], [77.49979, 28.751758], [77.499803, 28.751752], [77.499811, 28.751748], [77.499818, 28.751744], [77.499829, 28.751738], [77.499839, 28.751732], [77.499845, 28.751728], [77.499852, 28.751724], [77.499862, 28.751717], [77.499872, 28.75171], [77.49988, 28.751704], [77.499887, 28.751699], [77.499894, 28.751693], [77.499901, 28.751687], [77.499908, 28.751681], [77.499915, 28.751675], [77.499922, 28.751668], [77.499929, 28.751661], [77.499936, 28.751654], [77.499943, 28.751646], [77.49995, 28.751638]]}}, {"type": "Feature", "properties": {"elevation_m": 222.0, "source": "Copernicus GLO-30 30m, bilinear display smoothing \u2014 not survey"}, "geometry": {"type": "LineString", "coordinates": [[77.499398, 28.751075], [77.499387, 28.751077], [77.49938, 28.751078], [77.499366, 28.75108], [77.499352, 28.751082], [77.499343, 28.751084], [77.499331, 28.751087], [77.499317, 28.75109], [77.49931, 28.751092], [77.499296, 28.751096], [77.499289, 28.751098], [77.499275, 28.751103], [77.499268, 28.751106], [77.499254, 28.751112], [77.499247, 28.751115], [77.499241, 28.751119], [77.499229, 28.751126], [77.49922, 28.751133], [77.499213, 28.751138], [77.499206, 28.751145], [77.499199, 28.751151], [77.499192, 28.751159], [77.499185, 28.751166], [77.499178, 28.751175], [77.499173, 28.751181], [77.499168, 28.751188], [77.499163, 28.751195], [77.499157, 28.751204], [77.49915, 28.751215], [77.499145, 28.751223], [77.499141, 28.75123], [77.499136, 28.75124], [77.499131, 28.751251], [77.499128, 28.751258], [77.499122, 28.75127], [77.499119, 28.751279], [77.499115, 28.751287], [77.499111, 28.7513], [77.499108, 28.751307], [77.499102, 28.751321], [77.499099, 28.751328], [77.499095, 28.751338], [77.49909, 28.751348], [77.499087, 28.751355], [77.499081, 28.751369], [77.499077, 28.751376], [77.499074, 28.751384], [77.499067, 28.751397], [77.499064, 28.751404], [77.49906, 28.751413], [77.499054, 28.751425], [77.49905, 28.751432], [77.499046, 28.75144], [77.499039, 28.751453], [77.499035, 28.75146], [77.499031, 28.751467], [77.499025, 28.751478], [77.499019, 28.751488], [77.499015, 28.751495], [77.499011, 28.751502], [77.499004, 28.751513], [77.498999, 28.751522], [77.498994, 28.751529], [77.49899, 28.751536], [77.498983, 28.751546], [77.498976, 28.751557], [77.498971, 28.751564], [77.498966, 28.751571], [77.498962, 28.751578], [77.498955, 28.751587], [77.498949, 28.751596], [77.498942, 28.751603], [77.498935, 28.751609], [77.498928, 28.751615], [77.49892, 28.75162], [77.498907, 28.751626], [77.4989, 28.751628], [77.498886, 28.751631], [77.498876, 28.751634], [77.498865, 28.751637], [77.498851, 28.75164], [77.498844, 28.751642], [77.49883, 28.751647], [77.498823, 28.751649], [77.498809, 28.751653], [77.498802, 28.751656], [77.498789, 28.751661], [77.498782, 28.751663], [77.498768, 28.751669], [77.498761, 28.751672], [77.498752, 28.751675], [77.49874, 28.751681], [77.498733, 28.751684], [77.498723, 28.751689], [77.498712, 28.751695], [77.498705, 28.751699], [77.498698, 28.751703], [77.498687, 28.75171], [77.498677, 28.751717], [77.49867, 28.751721], [77.498663, 28.751726], [77.498656, 28.751732], [77.498649, 28.751738], [77.49864, 28.751745], [77.498633, 28.751752], [77.498625, 28.751759], [77.498617, 28.751766], [77.498608, 28.75177], [77.498598, 28.751773], [77.498587, 28.751777], [77.498577, 28.75178], [77.498566, 28.751783], [77.498555, 28.751787], [77.498545, 28.75179], [77.498532, 28.751794], [77.498524, 28.751796], [77.49851, 28.7518], [77.498504, 28.751802], [77.49849, 28.751805], [77.498481, 28.751808], [77.498469, 28.751811], [77.498455, 28.751814], [77.498448, 28.751816], [77.498434, 28.75182], [77.498425, 28.751822], [77.498413, 28.751824], [77.498399, 28.751828], [77.498392, 28.751829], [77.498378, 28.751832], [77.498364, 28.751835], [77.498357, 28.751837], [77.498344, 28.751839], [77.49833, 28.751842], [77.498316, 28.751841], [77.498302, 28.751839], [77.498288, 28.751837], [77.498277, 28.751836], [77.498267, 28.751834], [77.498253, 28.751832], [77.498239, 28.75183], [77.498228, 28.751829], [77.498218, 28.751827], [77.498205, 28.751825], [77.498191, 28.751824], [77.498177, 28.751822], [77.49817, 28.751821], [77.498156, 28.751819], [77.498142, 28.751817], [77.498128, 28.751816], [77.49812, 28.751815], [77.498107, 28.751813], [77.498093, 28.751811], [77.498079, 28.75181], [77.498065, 28.751808], [77.498059, 28.751807], [77.498045, 28.751806], [77.498031, 28.751807], [77.498024, 28.751812], [77.498017, 28.751817], [77.49801, 28.751823], [77.498003, 28.751829], [77.497996, 28.751836], [77.497988, 28.751842], [77.497982, 28.751849], [77.497975, 28.751857], [77.497968, 28.751864], [77.497961, 28.751873], [77.497954, 28.751882], [77.497948, 28.751891], [77.497943, 28.751898], [77.497934, 28.751905], [77.497926, 28.751911], [77.497919, 28.751916], [77.497912, 28.751921], [77.497905, 28.751926], [77.497895, 28.751933], [77.497885, 28.75194], [77.497878, 28.751944], [77.497871, 28.751948], [77.497862, 28.751954], [77.49785, 28.751961]]}}, {"type": "Feature", "properties": {"elevation_m": 222.0, "source": "Copernicus GLO-30 30m, bilinear display smoothing \u2014 not survey"}, "geometry": {"type": "LineString", "coordinates": [[77.497447, 28.753137], [77.497454, 28.753134], [77.497461, 28.753128], [77.497467, 28.753122], [77.497475, 28.753116], [77.497483, 28.753109], [77.49749, 28.753102], [77.497488, 28.753089], [77.497487, 28.753081], [77.497485, 28.753067], [77.497484, 28.753053], [77.497482, 28.753039], [77.497481, 28.753032], [77.497478, 28.753018], [77.497476, 28.753004], [77.497474, 28.752993], [77.497473, 28.752984], [77.49747, 28.75297], [77.497468, 28.752956], [77.497467, 28.752949], [77.497464, 28.752935], [77.497461, 28.752921], [77.49746, 28.752914], [77.497457, 28.7529], [77.497454, 28.752886], [77.497451, 28.752879], [77.497447, 28.752871], [77.497444, 28.752879], [77.49744, 28.752892], [77.497437, 28.7529], [77.497433, 28.752913], [77.49743, 28.752921], [77.497426, 28.752935], [77.497424, 28.752942], [77.49742, 28.752956], [77.497417, 28.752963], [77.497413, 28.752977], [77.497411, 28.752984], [77.497407, 28.752997], [77.497405, 28.753005], [77.497401, 28.753018], [77.497398, 28.75303], [77.497396, 28.753039], [77.497392, 28.753053], [77.49739, 28.75306], [77.497386, 28.753074], [77.497384, 28.753083], [77.497381, 28.753095], [77.497384, 28.753105], [77.497391, 28.75311], [77.497401, 28.753116], [77.497412, 28.753122], [77.497419, 28.753125], [77.497429, 28.75313], [77.49744, 28.753134], [77.497447, 28.753137]]}}, {"type": "Feature", "properties": {"elevation_m": 224.0, "source": "Copernicus GLO-30 30m, bilinear display smoothing \u2014 not survey"}, "geometry": {"type": "LineString", "coordinates": [[77.499454, 28.751124], [77.499446, 28.751126], [77.499435, 28.751129], [77.499421, 28.751133], [77.499414, 28.751135], [77.4994, 28.751139], [77.499394, 28.751142], [77.499381, 28.751147], [77.499373, 28.75115], [77.499364, 28.751154], [77.499352, 28.751159], [77.499345, 28.751163], [77.499335, 28.751168], [77.499324, 28.751174], [77.499317, 28.751178], [77.49931, 28.751183], [77.499302, 28.751188], [77.499293, 28.751195], [77.499285, 28.751202], [77.499277, 28.751209], [77.49927, 28.751216], [77.499263, 28.751223], [77.499257, 28.75123], [77.499251, 28.751237], [77.499246, 28.751244], [77.499241, 28.751251], [77.499234, 28.751262], [77.499227, 28.751272], [77.499223, 28.751279], [77.49922, 28.751286], [77.499214, 28.7513], [77.499212, 28.751307], [77.499209, 28.751321], [77.499206, 28.751334], [77.499204, 28.751342], [77.499199, 28.751355], [77.499197, 28.751362], [77.499192, 28.751376], [77.499189, 28.751383], [77.499185, 28.751395], [77.499182, 28.751404], [77.499178, 28.751414], [77.499174, 28.751425], [77.499171, 28.751432], [77.499165, 28.751446], [77.499162, 28.751453], [77.499157, 28.751465], [77.499153, 28.751474], [77.49915, 28.751481], [77.499144, 28.751495], [77.499141, 28.751502], [77.499136, 28.751512], [77.499131, 28.751522], [77.499128, 28.751529], [77.499122, 28.75154], [77.499117, 28.75155], [77.499114, 28.751557], [77.499108, 28.751567], [77.499103, 28.751578], [77.499099, 28.751585], [77.499095, 28.751593], [77.499095, 28.751604], [77.499099, 28.751613], [77.499103, 28.75162], [77.499108, 28.751628], [77.499115, 28.751636], [77.499122, 28.751643], [77.499129, 28.751649], [77.499139, 28.751655], [77.49915, 28.75166], [77.499157, 28.751663], [77.499171, 28.751668], [77.499178, 28.75167], [77.499192, 28.751673], [77.499206, 28.751675], [77.49922, 28.751673], [77.499234, 28.751672], [77.499247, 28.75167], [77.499256, 28.751669], [77.499268, 28.751667], [77.499282, 28.751665], [77.499296, 28.751664], [77.49931, 28.751662], [77.499317, 28.751661], [77.499331, 28.75166], [77.499345, 28.751658], [77.499359, 28.751657], [77.499373, 28.751655], [77.49938, 28.751655], [77.499394, 28.751653], [77.499407, 28.751652], [77.499421, 28.751651], [77.499435, 28.751649], [77.499449, 28.751648], [77.499456, 28.751648], [77.49947, 28.751646], [77.499484, 28.751645], [77.499498, 28.751645], [77.499511, 28.751648], [77.499519, 28.751649], [77.499533, 28.751652], [77.499544, 28.751655], [77.499553, 28.751657], [77.499567, 28.751659], [77.499578, 28.751662], [77.499588, 28.751663], [77.499602, 28.751666], [77.499615, 28.751669], [77.499623, 28.75167], [77.499637, 28.751673], [77.499651, 28.751675], [77.499658, 28.751676], [77.499672, 28.751679], [77.499686, 28.751681], [77.499694, 28.751682], [77.499706, 28.751685], [77.49972, 28.751687], [77.499734, 28.751689], [77.499741, 28.75169], [77.499755, 28.751692], [77.499769, 28.751694], [77.499782, 28.751696], [77.499786, 28.751696], [77.499797, 28.751692], [77.499804, 28.751687], [77.499811, 28.751682], [77.499821, 28.751675], [77.49983, 28.751669], [77.499839, 28.751662], [77.499845, 28.751657], [77.499852, 28.751651], [77.499859, 28.751645], [77.499866, 28.751639], [77.499873, 28.751632], [77.49988, 28.751625], [77.499887, 28.751618], [77.499894, 28.751611], [77.499901, 28.751603], [77.499903, 28.751592], [77.499899, 28.751585], [77.499894, 28.751578], [77.499887, 28.751568], [77.49988, 28.751558], [77.499874, 28.75155], [77.499868, 28.751543], [77.499862, 28.751536], [77.499855, 28.751529], [77.499849, 28.751522], [77.499841, 28.751515], [77.499833, 28.751509], [77.499825, 28.751502], [77.499818, 28.751496], [77.499811, 28.751491], [77.499804, 28.751486], [77.499796, 28.751481], [77.499784, 28.751474], [77.499776, 28.751469], [77.499769, 28.751465], [77.49976, 28.75146], [77.499751, 28.751453], [77.499742, 28.751446], [77.499735, 28.751439], [77.499729, 28.751432], [77.499723, 28.751425], [77.499718, 28.751418], [77.499713, 28.751411], [77.499706, 28.7514], [77.499702, 28.75139], [77.499698, 28.751383]]}}, {"type": "Feature", "properties": {"elevation_m": 224.0, "source": "Copernicus GLO-30 30m, bilinear display smoothing \u2014 not survey"}, "geometry": {"type": "LineString", "coordinates": [[77.500047, 28.753492], [77.500061, 28.753493], [77.500075, 28.753494], [77.500083, 28.753491], [77.500092, 28.753485], [77.5001, 28.753478], [77.500107, 28.753471], [77.500114, 28.753464], [77.500121, 28.753457], [77.500127, 28.75345], [77.500133, 28.753443], [77.500139, 28.753436], [77.500144, 28.753428], [77.500151, 28.753418], [77.500158, 28.753408], [77.50016, 28.753401], [77.500154, 28.753394], [77.500148, 28.753387], [77.500141, 28.75338], [77.500134, 28.753373], [77.500127, 28.753366], [77.50012, 28.753359], [77.500112, 28.753352], [77.500104, 28.753345], [77.500096, 28.753338], [77.500089, 28.753332], [77.500082, 28.753327], [77.500068, 28.753326], [77.500054, 28.753327], [77.50004, 28.753327], [77.500026, 28.753328], [77.500012, 28.753328], [77.499998, 28.753329], [77.499985, 28.753329], [77.499971, 28.75333], [77.499957, 28.75333], [77.499943, 28.753331], [77.499929, 28.753331], [77.499922, 28.753332], [77.499908, 28.753332], [77.499894, 28.753333], [77.49988, 28.753334], [77.499866, 28.753334], [77.499852, 28.753335], [77.499839, 28.753335], [77.499825, 28.753336], [77.499811, 28.753337], [77.499797, 28.753337], [77.499787, 28.753338], [77.499776, 28.753341], [77.499762, 28.753345], [77.499755, 28.753347], [77.499741, 28.753351], [77.499734, 28.753353], [77.49972, 28.753357], [77.499713, 28.75336], [77.499699, 28.753364], [77.499692, 28.753367], [77.499679, 28.753372], [77.499672, 28.753375], [77.499659, 28.75338], [77.499651, 28.753384], [77.499643, 28.753387], [77.49963, 28.753393], [77.499623, 28.753397], [77.499614, 28.753401], [77.499623, 28.753407], [77.49963, 28.75341], [77.499641, 28.753415], [77.499651, 28.753419], [77.499659, 28.753422], [77.499672, 28.753427], [77.499679, 28.75343], [77.499692, 28.753435], [77.499699, 28.753438], [77.499712, 28.753443], [77.49972, 28.753446], [77.499729, 28.75345], [77.499741, 28.753454], [77.499748, 28.753457], [77.499762, 28.753463], [77.499769, 28.753465], [77.499782, 28.753471], [77.49979, 28.753473], [77.499804, 28.753474], [77.499818, 28.753475], [77.499832, 28.753476], [77.499845, 28.753477], [77.499852, 28.753478], [77.499866, 28.753479], [77.49988, 28.75348], [77.499894, 28.753481], [77.499908, 28.753482], [77.499922, 28.753483], [77.499936, 28.753484], [77.499944, 28.753485], [77.499957, 28.753485], [77.499971, 28.753486], [77.499985, 28.753487], [77.499998, 28.753488], [77.500012, 28.753489], [77.500026, 28.75349], [77.50004, 28.753491], [77.500047, 28.753492]]}}, {"type": "Feature", "properties": {"elevation_m": 224.0, "source": "Copernicus GLO-30 30m, bilinear display smoothing \u2014 not survey"}, "geometry": {"type": "LineString", "coordinates": [[77.497718, 28.752512], [77.497732, 28.752515], [77.497746, 28.752517], [77.49776, 28.752514], [77.497773, 28.752511], [77.49778, 28.75251], [77.497794, 28.752508], [77.497808, 28.752505], [77.497818, 28.752503], [77.497829, 28.752501], [77.497843, 28.752498], [77.49785, 28.752496], [77.497864, 28.752492], [77.497875, 28.75249], [77.497885, 28.752487], [77.497899, 28.752484], [77.497906, 28.752482], [77.497919, 28.752479], [77.497933, 28.752476], [77.49794, 28.752475], [77.497954, 28.752472], [77.497968, 28.75247], [77.497975, 28.752469], [77.497989, 28.752466], [77.498003, 28.752464], [77.498017, 28.752462], [77.498024, 28.752461], [77.498038, 28.752457], [77.498045, 28.752453], [77.498052, 28.752448], [77.498063, 28.752441], [77.498072, 28.752435], [77.498079, 28.752431], [77.498087, 28.752427], [77.4981, 28.75242], [77.498107, 28.752416], [77.498114, 28.752412], [77.498127, 28.752406], [77.498135, 28.752402], [77.498142, 28.752399], [77.498156, 28.752393], [77.498163, 28.752389], [77.498173, 28.752385], [77.498184, 28.752381], [77.498191, 28.752378], [77.498205, 28.752372], [77.498211, 28.75237], [77.498225, 28.752365], [77.498232, 28.752362], [77.498246, 28.752357], [77.498253, 28.752355], [77.498266, 28.75235], [77.498274, 28.752348], [77.498288, 28.752344], [77.498295, 28.752341], [77.498309, 28.752337], [77.498316, 28.752335], [77.49833, 28.752333], [77.498344, 28.752336], [77.498351, 28.752338], [77.498364, 28.752341], [77.498378, 28.752343], [77.498385, 28.752345], [77.498399, 28.752348], [77.498411, 28.75235], [77.49842, 28.752352], [77.498434, 28.752355], [77.498444, 28.752357], [77.498455, 28.75236], [77.498469, 28.752362], [77.498478, 28.752364], [77.49849, 28.752367], [77.498504, 28.75237], [77.498512, 28.752371], [77.498524, 28.752374], [77.498538, 28.752377], [77.498546, 28.752378], [77.498559, 28.752381], [77.498573, 28.752384], [77.498581, 28.752385], [77.498594, 28.752388], [77.498608, 28.752391], [77.498616, 28.752392], [77.498629, 28.752393], [77.498643, 28.752394], [77.498656, 28.752396], [77.49867, 28.752397], [77.498684, 28.752398], [77.498698, 28.752399], [77.498706, 28.752399], [77.498719, 28.7524], [77.498733, 28.752401], [77.498747, 28.752402], [77.498761, 28.752403], [77.498775, 28.752404], [77.498789, 28.752405], [77.498802, 28.752406], [77.498809, 28.752406], [77.498823, 28.752407], [77.498837, 28.752408], [77.498851, 28.752409], [77.498865, 28.75241], [77.498879, 28.752411], [77.498893, 28.752411], [77.498907, 28.752412], [77.498921, 28.75241], [77.498931, 28.752406], [77.498942, 28.752402], [77.498949, 28.752399], [77.498962, 28.752393], [77.498969, 28.752389], [77.498976, 28.752385], [77.498986, 28.752378], [77.498994, 28.752371], [77.499002, 28.752364], [77.499009, 28.752357], [77.499015, 28.75235], [77.49902, 28.752343], [77.499025, 28.752336], [77.499032, 28.752325], [77.499037, 28.752316], [77.49904, 28.752309], [77.499045, 28.752295], [77.499048, 28.752288], [77.499052, 28.752274], [77.499054, 28.752267], [77.499058, 28.752253], [77.49906, 28.752246], [77.499063, 28.752232], [77.499065, 28.752218], [77.499067, 28.752211], [77.499068, 28.752197], [77.499067, 28.752183], [77.499066, 28.752176], [77.499065, 28.752163], [77.499064, 28.752149], [77.499062, 28.752135], [77.499061, 28.752121], [77.49906, 28.752114], [77.499058, 28.7521], [77.499056, 28.752086], [77.499055, 28.752072], [77.499053, 28.752058], [77.499052, 28.752051], [77.49905, 28.752037], [77.499049, 28.752023], [77.499047, 28.752009], [77.499046, 28.752003], [77.499044, 28.751989], [77.499042, 28.751975], [77.499039, 28.751961], [77.499038, 28.751954], [77.499036, 28.75194], [77.499034, 28.751926], [77.499032, 28.751916], [77.49903, 28.751905], [77.499028, 28.751891], [77.499026, 28.751877], [77.499025, 28.75187], [77.499023, 28.751856], [77.49902, 28.751842], [77.499018, 28.751835], [77.499014, 28.751822], [77.499011, 28.751813], [77.499006, 28.751801], [77.499003, 28.751794], [77.498997, 28.751785], [77.49899, 28.751776], [77.498983, 28.751769], [77.498976, 28.751763], [77.498969, 28.751758], [77.49896, 28.751752], [77.498949, 28.751747], [77.498942, 28.751744], [77.498928, 28.75174], [77.498921, 28.751738], [77.498907, 28.751737], [77.4989, 28.75174], [77.498889, 28.751745], [77.498879, 28.75175], [77.498872, 28.751753], [77.498861, 28.751759], [77.498851, 28.751764], [77.498844, 28.751768], [77.498835, 28.751773], [77.498823, 28.75178], [77.498816, 28.751784], [77.498809, 28.751788], [77.498801, 28.751794], [77.498791, 28.751801], [77.498782, 28.751807], [77.498775, 28.751813], [77.498768, 28.751818], [77.498761, 28.751823], [77.498754, 28.751829], [77.498746, 28.751836], [77.498738, 28.751842], [77.498731, 28.751849], [77.498724, 28.751856], [77.498717, 28.751863], [77.49871, 28.75187], [77.498704, 28.751877], [77.498697, 28.751884], [77.498691, 28.751892], [77.498684, 28.751899], [77.498677, 28.751905], [77.498669, 28.751912], [77.49866, 28.751919], [77.498651, 28.751926], [77.498643, 28.751932], [77.498636, 28.751937], [77.498629, 28.751942], [77.49862, 28.751947], [77.498608, 28.75195], [77.498594, 28.751952], [77.49858, 28.751954], [77.498573, 28.751954], [77.498559, 28.751956], [77.498545, 28.751958], [77.498531, 28.75196], [77.498524, 28.751961], [77.49851, 28.751963], [77.498497, 28.751965], [77.498483, 28.751968], [77.498476, 28.751969], [77.498462, 28.751971], [77.498448, 28.751973], [77.498438, 28.751975], [77.498427, 28.751976], [77.498413, 28.751979], [77.498399, 28.751981], [77.498392, 28.751982], [77.498378, 28.751985], [77.498364, 28.751987], [77.498357, 28.751989], [77.498344, 28.751991], [77.49833, 28.751994], [77.498316, 28.751993], [77.498302, 28.751991], [77.498288, 28.751989], [77.498281, 28.751988], [77.498267, 28.751985], [77.498253, 28.751983], [77.498244, 28.751982], [77.498232, 28.75198], [77.498218, 28.751978], [77.498205, 28.751976], [77.498198, 28.751974], [77.498184, 28.751972], [77.49817, 28.75197], [77.498156, 28.751968], [77.498149, 28.751967], [77.498135, 28.751965], [77.498121, 28.751963], [77.498109, 28.751961], [77.4981, 28.751959], [77.498086, 28.751957], [77.498072, 28.751955], [77.498064, 28.751954], [77.498052, 28.751952], [77.498038, 28.75195], [77.498028, 28.751954], [77.498019, 28.751961], [77.49801, 28.751968], [77.498003, 28.751973], [77.497996, 28.751978], [77.497989, 28.751983], [77.497981, 28.751989], [77.49797, 28.751996], [77.497961, 28.752001], [77.497954, 28.752006], [77.497947, 28.75201], [77.497936, 28.752016], [77.497926, 28.752022], [77.497919, 28.752025], [77.49791, 28.75203], [77.497899, 28.752036], [77.497892, 28.75204], [77.497882, 28.752044], [77.497871, 28.752049], [77.497864, 28.752053], [77.497851, 28.752058], [77.497843, 28.752062], [77.497834, 28.752065], [77.497822, 28.75207], [77.497815, 28.752073], [77.497801, 28.752078], [77.497794, 28.752081], [77.49778, 28.752085], [77.497773, 28.752088], [77.49776, 28.752093], [77.497753, 28.752095], [77.497739, 28.7521], [77.497732, 28.752105], [77.497725, 28.75211], [77.497718, 28.752116], [77.497711, 28.752122], [77.497704, 28.752128], [77.497696, 28.752135], [77.497689, 28.752142], [77.497683, 28.752149], [77.497676, 28.752156], [77.497669, 28.752164], [77.497662, 28.752173], [77.497655, 28.752182], [77.497649, 28.75219], [77.497645, 28.752197], [77.497644, 28.752211], [77.497644, 28.752225], [77.497644, 28.752239], [77.497645, 28.752253], [77.497645, 28.752267], [77.497646, 28.752281], [77.497646, 28.752295], [77.497647, 28.752309], [77.497647, 28.752323], [77.497648, 28.752336], [77.497649, 28.752343], [77.497649, 28.752357], [77.49765, 28.752371], [77.497652, 28.752385], [77.497653, 28.752399], [77.497655, 28.752413], [77.497655, 28.75242], [77.497658, 28.752434], [77.49766, 28.752448], [77.497662, 28.752457], [77.497665, 28.752469], [77.497669, 28.75248], [77.497673, 28.75249], [77.497677, 28.752497], [77.49769, 28.752503], [77.497697, 28.752506], [77.497711, 28.75251], [77.497718, 28.752512]]}}, {"type": "Feature", "properties": {"elevation_m": 226.0, "source": "Copernicus GLO-30 30m, bilinear display smoothing \u2014 not survey"}, "geometry": {"type": "LineString", "coordinates": [[77.500068, 28.753401], [77.500079, 28.753401], [77.500068, 28.753401], [77.500068, 28.753401]]}}, {"type": "Feature", "properties": {"elevation_m": 226.0, "source": "Copernicus GLO-30 30m, bilinear display smoothing \u2014 not survey"}, "geometry": {"type": "LineString", "coordinates": [[77.498865, 28.75233], [77.498879, 28.752331], [77.498893, 28.752332], [77.498907, 28.752333], [77.498917, 28.75233], [77.498926, 28.752323], [77.498934, 28.752316], [77.498942, 28.752309], [77.498949, 28.752302], [77.498955, 28.752295], [77.498961, 28.752288], [77.498967, 28.752281], [77.498972, 28.752274], [77.498977, 28.752267], [77.498983, 28.752257], [77.498989, 28.752246], [77.498993, 28.752239], [77.498997, 28.752231], [77.499003, 28.752218], [77.499006, 28.752211], [77.49901, 28.752197], [77.499008, 28.752183], [77.499006, 28.75217], [77.499004, 28.752158], [77.499003, 28.752149], [77.499, 28.752135], [77.498998, 28.752121], [77.498997, 28.752114], [77.498994, 28.7521], [77.498992, 28.752086], [77.49899, 28.752078], [77.498988, 28.752065], [77.498985, 28.752051], [77.498983, 28.752042], [77.498981, 28.75203], [77.498978, 28.752016], [77.498976, 28.752009], [77.498973, 28.751996], [77.49897, 28.751982], [77.498969, 28.751975], [77.498965, 28.751961], [77.498962, 28.751949], [77.49896, 28.75194], [77.498956, 28.751926], [77.498955, 28.751919], [77.498951, 28.751905], [77.498949, 28.751897], [77.498942, 28.751885], [77.498937, 28.751877], [77.498932, 28.75187], [77.498927, 28.751863], [77.498921, 28.751856], [77.498914, 28.751849], [77.498905, 28.751849], [77.498894, 28.751856], [77.498886, 28.751862], [77.498879, 28.751867], [77.498872, 28.751872], [77.498864, 28.751877], [77.498855, 28.751884], [77.498847, 28.751891], [77.498838, 28.751898], [77.498832, 28.751905], [77.498827, 28.751912], [77.49882, 28.751919], [77.498814, 28.751926], [77.498808, 28.751933], [77.498801, 28.75194], [77.498794, 28.751947], [77.498786, 28.751954], [77.498779, 28.751961], [77.498771, 28.751968], [77.498763, 28.751975], [77.498754, 28.751982], [77.498747, 28.751987], [77.49874, 28.751992], [77.498733, 28.751997], [77.498726, 28.752003], [77.498715, 28.752009], [77.498705, 28.752016], [77.498698, 28.75202], [77.498691, 28.752025], [77.498682, 28.75203], [77.49867, 28.752037], [77.498663, 28.75204], [77.498656, 28.752044], [77.498643, 28.752051], [77.498636, 28.752054], [77.498627, 28.752058], [77.498615, 28.752063], [77.498604, 28.752065], [77.498594, 28.752067], [77.49858, 28.75207], [77.498571, 28.752072], [77.498559, 28.752075], [77.498545, 28.752078], [77.498538, 28.752079], [77.498524, 28.752082], [77.49851, 28.752086], [77.498504, 28.752087], [77.49849, 28.752091], [77.49848, 28.752093], [77.498469, 28.752096], [77.498455, 28.752099], [77.498448, 28.752101], [77.498434, 28.752105], [77.498425, 28.752107], [77.498413, 28.75211], [77.498399, 28.752114], [77.498392, 28.752116], [77.498378, 28.75212], [77.498371, 28.752122], [77.498357, 28.752126], [77.49835, 28.752128], [77.498337, 28.752132], [77.498323, 28.752134], [77.498309, 28.752132], [77.498295, 28.75213], [77.498284, 28.752128], [77.498274, 28.752126], [77.49826, 28.752124], [77.498246, 28.752121], [77.498239, 28.75212], [77.498225, 28.752118], [77.498211, 28.752115], [77.498202, 28.752114], [77.498191, 28.752112], [77.498177, 28.75211], [77.498163, 28.752107], [77.498156, 28.752106], [77.498142, 28.752104], [77.498128, 28.752101], [77.498119, 28.7521], [77.498107, 28.752098], [77.498093, 28.752096], [77.498079, 28.752093], [77.498072, 28.752092], [77.498059, 28.75209], [77.498045, 28.752088], [77.498031, 28.752087], [77.49802, 28.752093], [77.49801, 28.752098], [77.498003, 28.752101], [77.497991, 28.752107], [77.497982, 28.752111], [77.497975, 28.752114], [77.497961, 28.75212], [77.497954, 28.752122], [77.49794, 28.752128], [77.497933, 28.75213], [77.497921, 28.752135], [77.497912, 28.752137], [77.4979, 28.752142], [77.497892, 28.752144], [77.497878, 28.752149], [77.497871, 28.752151], [77.497857, 28.752155], [77.49785, 28.752157], [77.497836, 28.75216], [77.497827, 28.752163], [77.497815, 28.752166], [77.497801, 28.752169], [77.497794, 28.752171], [77.49778, 28.752174], [77.497769, 28.752176], [77.49776, 28.752178], [77.497746, 28.752181], [77.497739, 28.752185], [77.497732, 28.752192], [77.497726, 28.752204], [77.49773, 28.752218], [77.497732, 28.752225], [77.497736, 28.752239], [77.497739, 28.752248], [77.497746, 28.752258], [77.497753, 28.752261], [77.497766, 28.752266], [77.497773, 28.752268], [77.497787, 28.752273], [77.497794, 28.752275], [77.497808, 28.752279], [77.497816, 28.752281], [77.497829, 28.752284], [77.497843, 28.752288], [77.49785, 28.752289], [77.497864, 28.752292], [77.497877, 28.752295], [77.497885, 28.752296], [77.497899, 28.752299], [77.497912, 28.752301], [77.497919, 28.752302], [77.497933, 28.752304], [77.497947, 28.752307], [77.497961, 28.752308], [77.497968, 28.752309], [77.497982, 28.752311], [77.497996, 28.752313], [77.49801, 28.752315], [77.498019, 28.752316], [77.498031, 28.752317], [77.498038, 28.752316], [77.498052, 28.75231], [77.498059, 28.752308], [77.498072, 28.752302], [77.498079, 28.7523], [77.498093, 28.752295], [77.4981, 28.752293], [77.498114, 28.752289], [77.498121, 28.752287], [77.498135, 28.752283], [77.498142, 28.752281], [77.498156, 28.752277], [77.498167, 28.752274], [77.498177, 28.752271], [77.498191, 28.752268], [77.498198, 28.752266], [77.498211, 28.752263], [77.498225, 28.75226], [77.498232, 28.752259], [77.498246, 28.752256], [77.49826, 28.752253], [77.498267, 28.752252], [77.498281, 28.752249], [77.498295, 28.752246], [77.498302, 28.752245], [77.498316, 28.752243], [77.49833, 28.752242], [77.498344, 28.752245], [77.498351, 28.752246], [77.498364, 28.75225], [77.498378, 28.752253], [77.498385, 28.752254], [77.498399, 28.752257], [77.498411, 28.75226], [77.49842, 28.752262], [77.498434, 28.752265], [77.498442, 28.752267], [77.498455, 28.75227], [77.498469, 28.752273], [77.498476, 28.752274], [77.49849, 28.752277], [77.498504, 28.75228], [77.49851, 28.752282], [77.498524, 28.752285], [77.498538, 28.752288], [77.498545, 28.752289], [77.498559, 28.752292], [77.498571, 28.752295], [77.49858, 28.752297], [77.498594, 28.7523], [77.498604, 28.752302], [77.498615, 28.752304], [77.498629, 28.752306], [77.498643, 28.752307], [77.498654, 28.752309], [77.498663, 28.75231], [77.498677, 28.752311], [77.498691, 28.752313], [77.498705, 28.752314], [77.498719, 28.752315], [77.498726, 28.752316], [77.49874, 28.752318], [77.498754, 28.752319], [77.498768, 28.75232], [77.498782, 28.752322], [77.49879, 28.752323], [77.498802, 28.752324], [77.498816, 28.752325], [77.49883, 28.752326], [77.498844, 28.752328], [77.498858, 28.752329], [77.498865, 28.75233]]}}, {"type": "Feature", "properties": {"elevation_m": 226.0, "source": "Copernicus GLO-30 30m, bilinear display smoothing \u2014 not survey"}, "geometry": {"type": "LineString", "coordinates": [[77.499783, 28.751635], [77.49979, 28.751634], [77.499799, 28.751627], [77.499808, 28.75162], [77.499816, 28.751613], [77.499824, 28.751606], [77.499831, 28.751599], [77.499825, 28.751587], [77.499818, 28.751579], [77.499811, 28.751572], [77.499804, 28.751565], [77.499797, 28.751559], [77.49979, 28.751552], [77.499776, 28.75155], [77.499769, 28.75155], [77.499755, 28.75155], [77.499741, 28.751549], [77.499727, 28.751548], [77.499713, 28.751547], [77.499699, 28.751546], [77.499686, 28.751544], [77.499679, 28.751543], [77.499665, 28.751539], [77.499658, 28.751536], [77.499648, 28.751529], [77.499642, 28.751522], [77.499637, 28.751512], [77.499634, 28.751502], [77.499631, 28.751488], [77.49963, 28.751476], [77.499629, 28.751467], [77.499628, 28.751453], [77.499627, 28.751439], [77.499627, 28.751425], [77.499626, 28.751411], [77.499626, 28.751397], [77.499625, 28.751383], [77.499625, 28.751369], [77.499625, 28.751355], [77.499625, 28.751342], [77.499624, 28.751328], [77.499624, 28.751314], [77.499624, 28.7513], [77.499622, 28.751293], [77.499616, 28.751282], [77.49961, 28.751272], [77.499605, 28.751265], [77.4996, 28.751258], [77.499595, 28.751251], [77.499588, 28.751242], [77.499581, 28.751234], [77.499574, 28.751226], [77.499567, 28.751219], [77.49956, 28.751212], [77.499553, 28.751206], [77.499546, 28.7512], [77.49954, 28.751194], [77.499532, 28.751188], [77.499523, 28.751181], [77.499513, 28.751175], [77.499505, 28.75117], [77.499498, 28.751165], [77.499485, 28.751168], [77.499477, 28.75117], [77.499466, 28.751175], [77.499456, 28.751178], [77.499448, 28.751181], [77.499435, 28.751187], [77.499428, 28.75119], [77.499417, 28.751195], [77.499407, 28.751201], [77.4994, 28.751204], [77.499392, 28.751209], [77.49938, 28.751216], [77.499373, 28.751221], [77.499366, 28.751226], [77.499359, 28.751231], [77.49935, 28.751237], [77.499342, 28.751244], [77.499334, 28.751251], [77.499326, 28.751258], [77.499319, 28.751265], [77.499312, 28.751272], [77.499306, 28.751279], [77.4993, 28.751286], [77.499294, 28.751293], [77.499292, 28.751307], [77.499293, 28.751321], [77.499294, 28.751335], [77.499296, 28.751348], [77.499296, 28.751355], [77.499298, 28.751369], [77.4993, 28.751383], [77.499302, 28.751397], [77.499303, 28.751404], [77.499306, 28.751418], [77.499309, 28.751432], [77.499311, 28.751439], [77.499315, 28.751453], [77.499317, 28.75146], [77.499323, 28.751474], [77.499327, 28.751481], [77.499331, 28.751488], [77.499338, 28.751498], [77.499345, 28.751507], [77.499352, 28.751514], [77.499359, 28.751519], [77.499366, 28.751524], [77.499374, 28.751529], [77.499387, 28.751535], [77.499394, 28.751538], [77.499407, 28.751543], [77.499414, 28.751545], [77.499428, 28.751549], [77.499435, 28.75155], [77.499449, 28.751553], [77.499463, 28.751556], [77.499474, 28.751557], [77.499484, 28.751559], [77.499498, 28.75156], [77.499512, 28.751561], [77.499526, 28.751562], [77.49954, 28.751563], [77.499551, 28.751564], [77.49956, 28.751566], [77.499574, 28.751569], [77.499581, 28.751571], [77.499593, 28.751578], [77.4996, 28.751585], [77.499604, 28.751592], [77.499613, 28.751599], [77.499623, 28.751601], [77.499637, 28.751604], [77.499644, 28.751606], [77.499658, 28.751609], [77.499672, 28.751612], [77.499679, 28.751614], [77.499692, 28.751617], [77.499706, 28.751619], [77.499713, 28.751621], [77.499727, 28.751624], [77.499741, 28.751626], [77.499748, 28.751628], [77.499762, 28.751631], [77.499776, 28.751633], [77.499783, 28.751635]]}}, {"type": "Feature", "properties": {"elevation_m": 228.0, "source": "Copernicus GLO-30 30m, bilinear display smoothing \u2014 not survey"}, "geometry": {"type": "LineString", "coordinates": [[77.4989, 28.752254], [77.498911, 28.752253], [77.498919, 28.752246], [77.498925, 28.752239], [77.49893, 28.752232], [77.498935, 28.752225], [77.498942, 28.752216], [77.498949, 28.752205], [77.498952, 28.752197], [77.498949, 28.752183], [77.498948, 28.752176], [77.498945, 28.752163], [77.498942, 28.752149], [77.49894, 28.752142], [77.498937, 28.752128], [77.498935, 28.752118], [77.498932, 28.752107], [77.498929, 28.752093], [77.498927, 28.752086], [77.498923, 28.752072], [77.498921, 28.752062], [77.498918, 28.752051], [77.498914, 28.752037], [77.498907, 28.75203], [77.498906, 28.75203], [77.4989, 28.752037], [77.498893, 28.752044], [77.498885, 28.752051], [77.498877, 28.752058], [77.498869, 28.752065], [77.49886, 28.752072], [77.498851, 28.752079], [77.498844, 28.752084], [77.498837, 28.752089], [77.49883, 28.752093], [77.498819, 28.7521], [77.498809, 28.752106], [77.498802, 28.75211], [77.498794, 28.752114], [77.498782, 28.75212], [77.498775, 28.752124], [77.498766, 28.752128], [77.498754, 28.752133], [77.498747, 28.752136], [77.498733, 28.752141], [77.498726, 28.752144], [77.498713, 28.752149], [77.498705, 28.752151], [77.498692, 28.752156], [77.498684, 28.752158], [77.49867, 28.752162], [77.498663, 28.752164], [77.49865, 28.752168], [77.498643, 28.75217], [77.498629, 28.752174], [77.498617, 28.752176], [77.498608, 28.752179], [77.498594, 28.752183], [77.498587, 28.752185], [77.498573, 28.752189], [77.498566, 28.752191], [77.498552, 28.752195], [77.498545, 28.752197], [77.498552, 28.7522], [77.498562, 28.752204], [77.498573, 28.752207], [77.498587, 28.75221], [77.498594, 28.752211], [77.498608, 28.752214], [77.498622, 28.752217], [77.498629, 28.752218], [77.498643, 28.75222], [77.498656, 28.752222], [77.49867, 28.752224], [77.498677, 28.752225], [77.498691, 28.752227], [77.498705, 28.752229], [77.498719, 28.752231], [77.498728, 28.752232], [77.49874, 28.752234], [77.498754, 28.752236], [77.498768, 28.752237], [77.498781, 28.752239], [77.498789, 28.75224], [77.498802, 28.752242], [77.498816, 28.752244], [77.49883, 28.752245], [77.498837, 28.752246], [77.498851, 28.752248], [77.498865, 28.75225], [77.498879, 28.752251], [77.498893, 28.752253], [77.4989, 28.752254]]}}, {"type": "Feature", "properties": {"elevation_m": 228.0, "source": "Copernicus GLO-30 30m, bilinear display smoothing \u2014 not survey"}, "geometry": {"type": "LineString", "coordinates": [[77.499484, 28.751454], [77.499498, 28.751459], [77.499505, 28.751453], [77.499513, 28.751446], [77.499519, 28.751439], [77.499526, 28.751431], [77.499533, 28.751421], [77.499539, 28.751411], [77.499543, 28.751404], [77.499546, 28.751397], [77.499552, 28.751383], [77.499555, 28.751376], [77.49956, 28.751362], [77.499562, 28.751355], [77.499566, 28.751342], [77.499568, 28.751335], [77.499571, 28.751321], [77.499574, 28.751307], [77.499575, 28.7513], [77.499573, 28.751293], [77.499567, 28.751285], [77.49956, 28.751276], [77.499553, 28.751268], [77.499546, 28.75126], [77.49954, 28.751253], [77.499533, 28.751246], [77.499526, 28.751239], [77.499519, 28.751233], [77.499512, 28.751227], [77.499505, 28.751221], [77.499498, 28.751216], [77.49949, 28.751216], [77.499477, 28.751223], [77.49947, 28.751226], [77.499462, 28.75123], [77.499449, 28.751237], [77.499442, 28.751241], [77.499435, 28.751245], [77.499426, 28.751251], [77.499416, 28.751258], [77.499407, 28.751264], [77.4994, 28.751269], [77.499394, 28.751275], [77.499387, 28.75128], [77.49938, 28.751286], [77.499372, 28.751293], [77.499372, 28.751307], [77.499374, 28.751314], [77.49938, 28.751327], [77.499383, 28.751335], [77.499387, 28.751342], [77.499393, 28.751355], [77.499397, 28.751362], [77.499401, 28.751369], [77.499407, 28.751379], [77.499414, 28.751389], [77.49942, 28.751397], [77.499426, 28.751404], [77.499432, 28.751411], [77.499439, 28.751418], [77.499446, 28.751425], [77.499454, 28.751432], [77.499463, 28.751439], [77.49947, 28.751444], [77.499477, 28.751449], [77.499484, 28.751454]]}}, {"type": "Feature", "properties": {"elevation_m": 230.0, "source": "Copernicus GLO-30 30m, bilinear display smoothing \u2014 not survey"}, "geometry": {"type": "LineString", "coordinates": [[77.499491, 28.751356], [77.499499, 28.751355], [77.499505, 28.751346], [77.499511, 28.751335], [77.499514, 28.751328], [77.499519, 28.751318], [77.499523, 28.751307], [77.499526, 28.7513], [77.499524, 28.751293], [77.499518, 28.751286], [77.499511, 28.751279], [77.499504, 28.751272], [77.499491, 28.751266], [77.499482, 28.751272], [77.499471, 28.751279], [77.499463, 28.751284], [77.499456, 28.751289], [77.499449, 28.751295], [77.499449, 28.751303], [77.499456, 28.751313], [77.499461, 28.751321], [77.499466, 28.751328], [77.499472, 28.751335], [77.499477, 28.751342], [77.499484, 28.751349], [77.499491, 28.751356]]}}]}